INSERT INTO years (id, name) VALUES (1, '2025');
INSERT INTO rooms (id, name) VALUES (1, 'Room 1');
INSERT INTO rooms (id, name) VALUES (2, 'Room 2');
INSERT INTO rooms (id, name) VALUES (3, 'Room 3');
INSERT INTO rooms (id, name) VALUES (4, 'Room 4');
INSERT INTO rooms (id, name) VALUES (5, 'Visio');
INSERT INTO teachers (id, first_name, last_name, email) VALUES (1, 'Jeffrey', 'Wright', 'jeffrey.wright@efrei.net');
INSERT INTO teachers (id, first_name, last_name, email) VALUES (2, 'Michael', 'Webb', 'michael.webb@efrei.net');
INSERT INTO teachers (id, first_name, last_name, email) VALUES (3, 'Jesse', 'Reed', 'jesse.reed@efrei.net');
INSERT INTO teachers (id, first_name, last_name, email) VALUES (4, 'Tracy', 'Clark', 'tracy.clark@efrei.net');
INSERT INTO teachers (id, first_name, last_name, email) VALUES (5, 'Crystal', 'Duncan', 'crystal.duncan@efrei.net');
INSERT INTO teachers (id, first_name, last_name, email) VALUES (6, 'Justin', 'Herrera', 'justin.herrera@efrei.net');
INSERT INTO teachers (id, first_name, last_name, email) VALUES (7, 'Jorge', 'James', 'jorge.james@efrei.net');
INSERT INTO teachers (id, first_name, last_name, email) VALUES (8, 'Terri', 'Campbell', 'terri.campbell@efrei.net');
INSERT INTO teachers (id, first_name, last_name, email) VALUES (9, 'Steven', 'Carroll', 'steven.carroll@efrei.net');
INSERT INTO teachers (id, first_name, last_name, email) VALUES (10, 'Justin', 'Wright', 'justin.wright@efrei.net');
INSERT INTO classes (id, name, year_id) VALUES (1, 'INT 1', 1);
INSERT INTO classes (id, name, year_id) VALUES (2, 'INT 2', 1);
INSERT INTO classes (id, name, year_id) VALUES (3, 'PLUS 1', 1);
INSERT INTO classes (id, name, year_id) VALUES (4, 'PLUS 2', 1);
INSERT INTO modules (id, name, head_id, year_id) VALUES (1, 'Mathematics', 2, 1);
INSERT INTO modules (id, name, head_id, year_id) VALUES (2, 'Computer Science', 6, 1);
INSERT INTO modules (id, name, head_id, year_id) VALUES (3, 'Physics', 10, 1);
INSERT INTO modules (id, name, head_id, year_id) VALUES (4, 'Chemistry', 3, 1);
INSERT INTO subjects (id, name, module_id, teacher_id) VALUES (1, 'Algebra', 1, 6);
INSERT INTO subjects (id, name, module_id, teacher_id) VALUES (2, 'Calculus', 1, 9);
INSERT INTO subjects (id, name, module_id, teacher_id) VALUES (3, 'Programming', 2, 8);
INSERT INTO subjects (id, name, module_id, teacher_id) VALUES (4, 'Data Structures', 2, 8);
INSERT INTO students (id, first_name, last_name, email, class_id) VALUES (1, 'Robert', 'Gomez', 'robert.gomez@efrei.net', 1);
INSERT INTO students (id, first_name, last_name, email, class_id) VALUES (2, 'Lisa', 'Warner', 'lisa.warner@efrei.net', 1);
INSERT INTO students (id, first_name, last_name, email, class_id) VALUES (3, 'Laura', 'Hicks', 'laura.hicks@efrei.net', 1);
INSERT INTO students (id, first_name, last_name, email, class_id) VALUES (4, 'Jill', 'Banks', 'jill.banks@efrei.net', 1);
INSERT INTO students (id, first_name, last_name, email, class_id) VALUES (5, 'Andrew', 'Ayala', 'andrew.ayala@efrei.net', 1);
INSERT INTO students (id, first_name, last_name, email, class_id) VALUES (6, 'Michael', 'Garcia', 'michael.garcia@efrei.net', 1);
INSERT INTO students (id, first_name, last_name, email, class_id) VALUES (7, 'Todd', 'Hernandez', 'todd.hernandez@efrei.net', 1);
INSERT INTO students (id, first_name, last_name, email, class_id) VALUES (8, 'Juan', 'Lopez', 'juan.lopez@efrei.net', 1);
INSERT INTO students (id, first_name, last_name, email, class_id) VALUES (9, 'Latasha', 'Williams', 'latasha.williams@efrei.net', 1);
INSERT INTO students (id, first_name, last_name, email, class_id) VALUES (10, 'Christine', 'Griffin', 'christine.griffin@efrei.net', 1);
INSERT INTO students (id, first_name, last_name, email, class_id) VALUES (11, 'Taylor', 'Leon', 'taylor.leon@efrei.net', 1);
INSERT INTO students (id, first_name, last_name, email, class_id) VALUES (12, 'Gina', 'Ford', 'gina.ford@efrei.net', 1);
INSERT INTO students (id, first_name, last_name, email, class_id) VALUES (13, 'Lacey', 'Rogers', 'lacey.rogers@efrei.net', 1);
INSERT INTO students (id, first_name, last_name, email, class_id) VALUES (14, 'Jeremy', 'Williams', 'jeremy.williams@efrei.net', 1);
INSERT INTO students (id, first_name, last_name, email, class_id) VALUES (15, 'Jeffrey', 'Ward', 'jeffrey.ward@efrei.net', 1);
INSERT INTO students (id, first_name, last_name, email, class_id) VALUES (16, 'Tommy', 'Anderson', 'tommy.anderson@efrei.net', 1);
INSERT INTO students (id, first_name, last_name, email, class_id) VALUES (17, 'Mary', 'Rivers', 'mary.rivers@efrei.net', 1);
INSERT INTO students (id, first_name, last_name, email, class_id) VALUES (18, 'Deborah', 'Harris', 'deborah.harris@efrei.net', 1);
INSERT INTO students (id, first_name, last_name, email, class_id) VALUES (19, 'Keith', 'Lopez', 'keith.lopez@efrei.net', 1);
INSERT INTO students (id, first_name, last_name, email, class_id) VALUES (20, 'Matthew', 'Newman', 'matthew.newman@efrei.net', 1);
INSERT INTO students (id, first_name, last_name, email, class_id) VALUES (21, 'Linda', 'Salazar', 'linda.salazar@efrei.net', 1);
INSERT INTO students (id, first_name, last_name, email, class_id) VALUES (22, 'Jillian', 'Anderson', 'jillian.anderson@efrei.net', 1);
INSERT INTO students (id, first_name, last_name, email, class_id) VALUES (23, 'Anthony', 'Young', 'anthony.young@efrei.net', 1);
INSERT INTO students (id, first_name, last_name, email, class_id) VALUES (24, 'Christopher', 'Cortez', 'christopher.cortez@efrei.net', 1);
INSERT INTO students (id, first_name, last_name, email, class_id) VALUES (25, 'Kyle', 'Fields', 'kyle.fields@efrei.net', 1);
INSERT INTO students (id, first_name, last_name, email, class_id) VALUES (26, 'Alejandro', 'Brown', 'alejandro.brown@efrei.net', 1);
INSERT INTO students (id, first_name, last_name, email, class_id) VALUES (27, 'Benjamin', 'Jackson', 'benjamin.jackson@efrei.net', 1);
INSERT INTO students (id, first_name, last_name, email, class_id) VALUES (28, 'Ann', 'Campos', 'ann.campos@efrei.net', 1);
INSERT INTO students (id, first_name, last_name, email, class_id) VALUES (29, 'Richard', 'Spencer', 'richard.spencer@efrei.net', 1);
INSERT INTO students (id, first_name, last_name, email, class_id) VALUES (30, 'Jasmine', 'Davis', 'jasmine.davis@efrei.net', 1);
INSERT INTO students (id, first_name, last_name, email, class_id) VALUES (31, 'Lee', 'Jones', 'lee.jones@efrei.net', 1);
INSERT INTO students (id, first_name, last_name, email, class_id) VALUES (32, 'Nancy', 'Young', 'nancy.young@efrei.net', 1);
INSERT INTO students (id, first_name, last_name, email, class_id) VALUES (33, 'Carlos', 'Martinez', 'carlos.martinez@efrei.net', 1);
INSERT INTO students (id, first_name, last_name, email, class_id) VALUES (34, 'Dorothy', 'Cox', 'dorothy.cox@efrei.net', 1);
INSERT INTO students (id, first_name, last_name, email, class_id) VALUES (35, 'Michael', 'Mccarthy', 'michael.mccarthy@efrei.net', 1);
INSERT INTO students (id, first_name, last_name, email, class_id) VALUES (36, 'Emily', 'Gill', 'emily.gill@efrei.net', 1);
INSERT INTO students (id, first_name, last_name, email, class_id) VALUES (37, 'Erin', 'Fisher', 'erin.fisher@efrei.net', 2);
INSERT INTO students (id, first_name, last_name, email, class_id) VALUES (38, 'Colleen', 'Knox', 'colleen.knox@efrei.net', 2);
INSERT INTO students (id, first_name, last_name, email, class_id) VALUES (39, 'Mark', 'Jones', 'mark.jones@efrei.net', 2);
INSERT INTO students (id, first_name, last_name, email, class_id) VALUES (40, 'Lisa', 'Herman', 'lisa.herman@efrei.net', 2);
INSERT INTO students (id, first_name, last_name, email, class_id) VALUES (41, 'Bryan', 'Peterson', 'bryan.peterson@efrei.net', 2);
INSERT INTO students (id, first_name, last_name, email, class_id) VALUES (42, 'Shirley', 'Glenn', 'shirley.glenn@efrei.net', 2);
INSERT INTO students (id, first_name, last_name, email, class_id) VALUES (43, 'Elizabeth', 'Webster', 'elizabeth.webster@efrei.net', 2);
INSERT INTO students (id, first_name, last_name, email, class_id) VALUES (44, 'Sabrina', 'Clark', 'sabrina.clark@efrei.net', 2);
INSERT INTO students (id, first_name, last_name, email, class_id) VALUES (45, 'Samantha', 'Oneill', 'samantha.oneill@efrei.net', 2);
INSERT INTO students (id, first_name, last_name, email, class_id) VALUES (46, 'Megan', 'Smith', 'megan.smith@efrei.net', 2);
INSERT INTO students (id, first_name, last_name, email, class_id) VALUES (47, 'Denise', 'Garcia', 'denise.garcia@efrei.net', 2);
INSERT INTO students (id, first_name, last_name, email, class_id) VALUES (48, 'Angela', 'Young', 'angela.young@efrei.net', 2);
INSERT INTO students (id, first_name, last_name, email, class_id) VALUES (49, 'James', 'Reyes', 'james.reyes@efrei.net', 2);
INSERT INTO students (id, first_name, last_name, email, class_id) VALUES (50, 'Melissa', 'Kennedy', 'melissa.kennedy@efrei.net', 2);
INSERT INTO students (id, first_name, last_name, email, class_id) VALUES (51, 'Teresa', 'Blake', 'teresa.blake@efrei.net', 2);
INSERT INTO students (id, first_name, last_name, email, class_id) VALUES (52, 'Darin', 'Stephens', 'darin.stephens@efrei.net', 2);
INSERT INTO students (id, first_name, last_name, email, class_id) VALUES (53, 'Victor', 'Moore', 'victor.moore@efrei.net', 2);
INSERT INTO students (id, first_name, last_name, email, class_id) VALUES (54, 'Christopher', 'Lopez', 'christopher.lopez@efrei.net', 2);
INSERT INTO students (id, first_name, last_name, email, class_id) VALUES (55, 'William', 'Hall', 'william.hall@efrei.net', 2);
INSERT INTO students (id, first_name, last_name, email, class_id) VALUES (56, 'Charles', 'Coleman', 'charles.coleman@efrei.net', 2);
INSERT INTO students (id, first_name, last_name, email, class_id) VALUES (57, 'Hayden', 'Lopez', 'hayden.lopez@efrei.net', 2);
INSERT INTO students (id, first_name, last_name, email, class_id) VALUES (58, 'Julia', 'Kane', 'julia.kane@efrei.net', 2);
INSERT INTO students (id, first_name, last_name, email, class_id) VALUES (59, 'Ethan', 'Keith', 'ethan.keith@efrei.net', 2);
INSERT INTO students (id, first_name, last_name, email, class_id) VALUES (60, 'Andrew', 'Reed', 'andrew.reed@efrei.net', 2);
INSERT INTO students (id, first_name, last_name, email, class_id) VALUES (61, 'Mark', 'Townsend', 'mark.townsend@efrei.net', 2);
INSERT INTO students (id, first_name, last_name, email, class_id) VALUES (62, 'Savannah', 'Bell', 'savannah.bell@efrei.net', 2);
INSERT INTO students (id, first_name, last_name, email, class_id) VALUES (63, 'Ashley', 'Smith', 'ashley.smith@efrei.net', 2);
INSERT INTO students (id, first_name, last_name, email, class_id) VALUES (64, 'Kenneth', 'Gonzalez', 'kenneth.gonzalez@efrei.net', 2);
INSERT INTO students (id, first_name, last_name, email, class_id) VALUES (65, 'Alexander', 'Tran', 'alexander.tran@efrei.net', 2);
INSERT INTO students (id, first_name, last_name, email, class_id) VALUES (66, 'Michelle', 'Hill', 'michelle.hill@efrei.net', 2);
INSERT INTO students (id, first_name, last_name, email, class_id) VALUES (67, 'Robert', 'Lowery', 'robert.lowery@efrei.net', 3);
INSERT INTO students (id, first_name, last_name, email, class_id) VALUES (68, 'James', 'Price', 'james.price@efrei.net', 3);
INSERT INTO students (id, first_name, last_name, email, class_id) VALUES (69, 'Lisa', 'Wood', 'lisa.wood@efrei.net', 3);
INSERT INTO students (id, first_name, last_name, email, class_id) VALUES (70, 'Jennifer', 'Douglas', 'jennifer.douglas@efrei.net', 3);
INSERT INTO students (id, first_name, last_name, email, class_id) VALUES (71, 'Kevin', 'Hardy', 'kevin.hardy@efrei.net', 3);
INSERT INTO students (id, first_name, last_name, email, class_id) VALUES (72, 'Tammy', 'Goodman', 'tammy.goodman@efrei.net', 3);
INSERT INTO students (id, first_name, last_name, email, class_id) VALUES (73, 'Jeremy', 'Lynch', 'jeremy.lynch@efrei.net', 3);
INSERT INTO students (id, first_name, last_name, email, class_id) VALUES (74, 'Tiffany', 'Mack', 'tiffany.mack@efrei.net', 3);
INSERT INTO students (id, first_name, last_name, email, class_id) VALUES (75, 'Samuel', 'Wilson', 'samuel.wilson@efrei.net', 3);
INSERT INTO students (id, first_name, last_name, email, class_id) VALUES (76, 'Barbara', 'Frye', 'barbara.frye@efrei.net', 3);
INSERT INTO students (id, first_name, last_name, email, class_id) VALUES (77, 'Lisa', 'Parker', 'lisa.parker@efrei.net', 3);
INSERT INTO students (id, first_name, last_name, email, class_id) VALUES (78, 'Melissa', 'Curry', 'melissa.curry@efrei.net', 3);
INSERT INTO students (id, first_name, last_name, email, class_id) VALUES (79, 'Bobby', 'Cruz', 'bobby.cruz@efrei.net', 3);
INSERT INTO students (id, first_name, last_name, email, class_id) VALUES (80, 'Sarah', 'Soto', 'sarah.soto@efrei.net', 3);
INSERT INTO students (id, first_name, last_name, email, class_id) VALUES (81, 'Laura', 'Jenkins', 'laura.jenkins@efrei.net', 3);
INSERT INTO students (id, first_name, last_name, email, class_id) VALUES (82, 'Alexandria', 'Brooks', 'alexandria.brooks@efrei.net', 3);
INSERT INTO students (id, first_name, last_name, email, class_id) VALUES (83, 'Whitney', 'Hawkins', 'whitney.hawkins@efrei.net', 3);
INSERT INTO students (id, first_name, last_name, email, class_id) VALUES (84, 'Shane', 'Hernandez', 'shane.hernandez@efrei.net', 3);
INSERT INTO students (id, first_name, last_name, email, class_id) VALUES (85, 'Kathy', 'Kirby', 'kathy.kirby@efrei.net', 3);
INSERT INTO students (id, first_name, last_name, email, class_id) VALUES (86, 'Nancy', 'King', 'nancy.king@efrei.net', 3);
INSERT INTO students (id, first_name, last_name, email, class_id) VALUES (87, 'Debra', 'Dennis', 'debra.dennis@efrei.net', 3);
INSERT INTO students (id, first_name, last_name, email, class_id) VALUES (88, 'Nathan', 'Craig', 'nathan.craig@efrei.net', 3);
INSERT INTO students (id, first_name, last_name, email, class_id) VALUES (89, 'Brent', 'Saunders', 'brent.saunders@efrei.net', 3);
INSERT INTO students (id, first_name, last_name, email, class_id) VALUES (90, 'Samantha', 'Ford', 'samantha.ford@efrei.net', 3);
INSERT INTO students (id, first_name, last_name, email, class_id) VALUES (91, 'Ryan', 'Smith', 'ryan.smith@efrei.net', 3);
INSERT INTO students (id, first_name, last_name, email, class_id) VALUES (92, 'Michael', 'Duran', 'michael.duran@efrei.net', 3);
INSERT INTO students (id, first_name, last_name, email, class_id) VALUES (93, 'Megan', 'Garrett', 'megan.garrett@efrei.net', 3);
INSERT INTO students (id, first_name, last_name, email, class_id) VALUES (94, 'Christopher', 'Stevenson', 'christopher.stevenson@efrei.net', 3);
INSERT INTO students (id, first_name, last_name, email, class_id) VALUES (95, 'Charles', 'Williams', 'charles.williams@efrei.net', 3);
INSERT INTO students (id, first_name, last_name, email, class_id) VALUES (96, 'Amy', 'Parrish', 'amy.parrish@efrei.net', 3);
INSERT INTO students (id, first_name, last_name, email, class_id) VALUES (97, 'Jennifer', 'Taylor', 'jennifer.taylor@efrei.net', 3);
INSERT INTO students (id, first_name, last_name, email, class_id) VALUES (98, 'Amy', 'Hardin', 'amy.hardin@efrei.net', 3);
INSERT INTO students (id, first_name, last_name, email, class_id) VALUES (99, 'William', 'Butler', 'william.butler@efrei.net', 3);
INSERT INTO students (id, first_name, last_name, email, class_id) VALUES (100, 'Jesus', 'Clark', 'jesus.clark@efrei.net', 3);
INSERT INTO students (id, first_name, last_name, email, class_id) VALUES (101, 'Stacy', 'Fisher', 'stacy.fisher@efrei.net', 3);
INSERT INTO students (id, first_name, last_name, email, class_id) VALUES (102, 'Mallory', 'Richard', 'mallory.richard@efrei.net', 4);
INSERT INTO students (id, first_name, last_name, email, class_id) VALUES (103, 'Holly', 'Johnson', 'holly.johnson@efrei.net', 4);
INSERT INTO students (id, first_name, last_name, email, class_id) VALUES (104, 'Thomas', 'Carter', 'thomas.carter@efrei.net', 4);
INSERT INTO students (id, first_name, last_name, email, class_id) VALUES (105, 'Melissa', 'Woodward', 'melissa.woodward@efrei.net', 4);
INSERT INTO students (id, first_name, last_name, email, class_id) VALUES (106, 'Zachary', 'Johnson', 'zachary.johnson@efrei.net', 4);
INSERT INTO students (id, first_name, last_name, email, class_id) VALUES (107, 'Ashley', 'Jones', 'ashley.jones@efrei.net', 4);
INSERT INTO students (id, first_name, last_name, email, class_id) VALUES (108, 'Xavier', 'Elliott', 'xavier.elliott@efrei.net', 4);
INSERT INTO students (id, first_name, last_name, email, class_id) VALUES (109, 'Erik', 'Vincent', 'erik.vincent@efrei.net', 4);
INSERT INTO students (id, first_name, last_name, email, class_id) VALUES (110, 'Tiffany', 'Nguyen', 'tiffany.nguyen@efrei.net', 4);
INSERT INTO students (id, first_name, last_name, email, class_id) VALUES (111, 'Jillian', 'Stevens', 'jillian.stevens@efrei.net', 4);
INSERT INTO students (id, first_name, last_name, email, class_id) VALUES (112, 'Matthew', 'Pope', 'matthew.pope@efrei.net', 4);
INSERT INTO students (id, first_name, last_name, email, class_id) VALUES (113, 'Larry', 'Dickerson', 'larry.dickerson@efrei.net', 4);
INSERT INTO students (id, first_name, last_name, email, class_id) VALUES (114, 'Jessica', 'Odom', 'jessica.odom@efrei.net', 4);
INSERT INTO students (id, first_name, last_name, email, class_id) VALUES (115, 'Wayne', 'Anderson', 'wayne.anderson@efrei.net', 4);
INSERT INTO students (id, first_name, last_name, email, class_id) VALUES (116, 'Manuel', 'Rogers', 'manuel.rogers@efrei.net', 4);
INSERT INTO students (id, first_name, last_name, email, class_id) VALUES (117, 'Bruce', 'Estrada', 'bruce.estrada@efrei.net', 4);
INSERT INTO students (id, first_name, last_name, email, class_id) VALUES (118, 'Teresa', 'Martin', 'teresa.martin@efrei.net', 4);
INSERT INTO students (id, first_name, last_name, email, class_id) VALUES (119, 'Haley', 'Ray', 'haley.ray@efrei.net', 4);
INSERT INTO students (id, first_name, last_name, email, class_id) VALUES (120, 'Scott', 'Fox', 'scott.fox@efrei.net', 4);
INSERT INTO students (id, first_name, last_name, email, class_id) VALUES (121, 'John', 'Jones', 'john.jones@efrei.net', 4);
INSERT INTO students (id, first_name, last_name, email, class_id) VALUES (122, 'Sherry', 'Torres', 'sherry.torres@efrei.net', 4);
INSERT INTO students (id, first_name, last_name, email, class_id) VALUES (123, 'Justin', 'Medina', 'justin.medina@efrei.net', 4);
INSERT INTO students (id, first_name, last_name, email, class_id) VALUES (124, 'Dennis', 'Hudson', 'dennis.hudson@efrei.net', 4);
INSERT INTO students (id, first_name, last_name, email, class_id) VALUES (125, 'Jeffrey', 'Mullins', 'jeffrey.mullins@efrei.net', 4);
INSERT INTO students (id, first_name, last_name, email, class_id) VALUES (126, 'Austin', 'Boyd', 'austin.boyd@efrei.net', 4);
INSERT INTO students (id, first_name, last_name, email, class_id) VALUES (127, 'Troy', 'Mason', 'troy.mason@efrei.net', 4);
INSERT INTO students (id, first_name, last_name, email, class_id) VALUES (128, 'Lori', 'Lawson', 'lori.lawson@efrei.net', 4);
INSERT INTO students (id, first_name, last_name, email, class_id) VALUES (129, 'Carol', 'Reid', 'carol.reid@efrei.net', 4);
INSERT INTO students (id, first_name, last_name, email, class_id) VALUES (130, 'Julia', 'Lee', 'julia.lee@efrei.net', 4);
INSERT INTO students (id, first_name, last_name, email, class_id) VALUES (131, 'Victor', 'Campbell', 'victor.campbell@efrei.net', 4);
INSERT INTO class_sessions (id, class_id, subject_id, session_date, teacher_id, room_id) VALUES (1, 1, 1, '2025-01-30 07:27:19', 5, 2);
INSERT INTO attendance (student_id, session_id, status) VALUES (1, 1, 'Present');
INSERT INTO attendance (student_id, session_id, status) VALUES (2, 1, 'Absent');
INSERT INTO attendance (student_id, session_id, status) VALUES (3, 1, 'Present');
INSERT INTO attendance (student_id, session_id, status) VALUES (4, 1, 'Late');
INSERT INTO attendance (student_id, session_id, status) VALUES (5, 1, 'Late');
INSERT INTO attendance (student_id, session_id, status) VALUES (6, 1, 'Present');
INSERT INTO attendance (student_id, session_id, status) VALUES (7, 1, 'Present');
INSERT INTO attendance (student_id, session_id, status) VALUES (8, 1, 'Late');
INSERT INTO attendance (student_id, session_id, status) VALUES (9, 1, 'Absent');
INSERT INTO attendance (student_id, session_id, status) VALUES (10, 1, 'Absent');
INSERT INTO attendance (student_id, session_id, status) VALUES (11, 1, 'Absent');
INSERT INTO attendance (student_id, session_id, status) VALUES (12, 1, 'Absent');
INSERT INTO attendance (student_id, session_id, status) VALUES (13, 1, 'Present');
INSERT INTO attendance (student_id, session_id, status) VALUES (14, 1, 'Late');
INSERT INTO attendance (student_id, session_id, status) VALUES (15, 1, 'Late');
INSERT INTO attendance (student_id, session_id, status) VALUES (16, 1, 'Absent');
INSERT INTO attendance (student_id, session_id, status) VALUES (17, 1, 'Absent');
INSERT INTO attendance (student_id, session_id, status) VALUES (18, 1, 'Present');
INSERT INTO attendance (student_id, session_id, status) VALUES (19, 1, 'Absent');
INSERT INTO attendance (student_id, session_id, status) VALUES (20, 1, 'Present');
INSERT INTO attendance (student_id, session_id, status) VALUES (21, 1, 'Present');
INSERT INTO attendance (student_id, session_id, status) VALUES (22, 1, 'Present');
INSERT INTO attendance (student_id, session_id, status) VALUES (23, 1, 'Absent');
INSERT INTO attendance (student_id, session_id, status) VALUES (24, 1, 'Late');
INSERT INTO attendance (student_id, session_id, status) VALUES (25, 1, 'Absent');
INSERT INTO attendance (student_id, session_id, status) VALUES (26, 1, 'Late');
INSERT INTO attendance (student_id, session_id, status) VALUES (27, 1, 'Late');
INSERT INTO attendance (student_id, session_id, status) VALUES (28, 1, 'Present');
INSERT INTO attendance (student_id, session_id, status) VALUES (29, 1, 'Absent');
INSERT INTO attendance (student_id, session_id, status) VALUES (30, 1, 'Absent');
INSERT INTO attendance (student_id, session_id, status) VALUES (31, 1, 'Late');
INSERT INTO attendance (student_id, session_id, status) VALUES (32, 1, 'Absent');
INSERT INTO attendance (student_id, session_id, status) VALUES (33, 1, 'Present');
INSERT INTO attendance (student_id, session_id, status) VALUES (34, 1, 'Present');
INSERT INTO attendance (student_id, session_id, status) VALUES (35, 1, 'Present');
INSERT INTO attendance (student_id, session_id, status) VALUES (36, 1, 'Present');
INSERT INTO class_sessions (id, class_id, subject_id, session_date, teacher_id, room_id) VALUES (2, 1, 1, '2025-02-10 20:15:06', 5, 2);
INSERT INTO attendance (student_id, session_id, status) VALUES (1, 2, 'Late');
INSERT INTO attendance (student_id, session_id, status) VALUES (2, 2, 'Absent');
INSERT INTO attendance (student_id, session_id, status) VALUES (3, 2, 'Absent');
INSERT INTO attendance (student_id, session_id, status) VALUES (4, 2, 'Late');
INSERT INTO attendance (student_id, session_id, status) VALUES (5, 2, 'Present');
INSERT INTO attendance (student_id, session_id, status) VALUES (6, 2, 'Late');
INSERT INTO attendance (student_id, session_id, status) VALUES (7, 2, 'Late');
INSERT INTO attendance (student_id, session_id, status) VALUES (8, 2, 'Present');
INSERT INTO attendance (student_id, session_id, status) VALUES (9, 2, 'Present');
INSERT INTO attendance (student_id, session_id, status) VALUES (10, 2, 'Absent');
INSERT INTO attendance (student_id, session_id, status) VALUES (11, 2, 'Late');
INSERT INTO attendance (student_id, session_id, status) VALUES (12, 2, 'Absent');
INSERT INTO attendance (student_id, session_id, status) VALUES (13, 2, 'Absent');
INSERT INTO attendance (student_id, session_id, status) VALUES (14, 2, 'Late');
INSERT INTO attendance (student_id, session_id, status) VALUES (15, 2, 'Absent');
INSERT INTO attendance (student_id, session_id, status) VALUES (16, 2, 'Late');
INSERT INTO attendance (student_id, session_id, status) VALUES (17, 2, 'Late');
INSERT INTO attendance (student_id, session_id, status) VALUES (18, 2, 'Present');
INSERT INTO attendance (student_id, session_id, status) VALUES (19, 2, 'Late');
INSERT INTO attendance (student_id, session_id, status) VALUES (20, 2, 'Present');
INSERT INTO attendance (student_id, session_id, status) VALUES (21, 2, 'Present');
INSERT INTO attendance (student_id, session_id, status) VALUES (22, 2, 'Late');
INSERT INTO attendance (student_id, session_id, status) VALUES (23, 2, 'Present');
INSERT INTO attendance (student_id, session_id, status) VALUES (24, 2, 'Absent');
INSERT INTO attendance (student_id, session_id, status) VALUES (25, 2, 'Present');
INSERT INTO attendance (student_id, session_id, status) VALUES (26, 2, 'Present');
INSERT INTO attendance (student_id, session_id, status) VALUES (27, 2, 'Absent');
INSERT INTO attendance (student_id, session_id, status) VALUES (28, 2, 'Present');
INSERT INTO attendance (student_id, session_id, status) VALUES (29, 2, 'Late');
INSERT INTO attendance (student_id, session_id, status) VALUES (30, 2, 'Absent');
INSERT INTO attendance (student_id, session_id, status) VALUES (31, 2, 'Late');
INSERT INTO attendance (student_id, session_id, status) VALUES (32, 2, 'Absent');
INSERT INTO attendance (student_id, session_id, status) VALUES (33, 2, 'Present');
INSERT INTO attendance (student_id, session_id, status) VALUES (34, 2, 'Absent');
INSERT INTO attendance (student_id, session_id, status) VALUES (35, 2, 'Present');
INSERT INTO attendance (student_id, session_id, status) VALUES (36, 2, 'Absent');
INSERT INTO class_sessions (id, class_id, subject_id, session_date, teacher_id, room_id) VALUES (3, 1, 1, '2025-01-16 06:27:57', 5, 2);
INSERT INTO attendance (student_id, session_id, status) VALUES (1, 3, 'Absent');
INSERT INTO attendance (student_id, session_id, status) VALUES (2, 3, 'Absent');
INSERT INTO attendance (student_id, session_id, status) VALUES (3, 3, 'Present');
INSERT INTO attendance (student_id, session_id, status) VALUES (4, 3, 'Present');
INSERT INTO attendance (student_id, session_id, status) VALUES (5, 3, 'Late');
INSERT INTO attendance (student_id, session_id, status) VALUES (6, 3, 'Present');
INSERT INTO attendance (student_id, session_id, status) VALUES (7, 3, 'Late');
INSERT INTO attendance (student_id, session_id, status) VALUES (8, 3, 'Present');
INSERT INTO attendance (student_id, session_id, status) VALUES (9, 3, 'Late');
INSERT INTO attendance (student_id, session_id, status) VALUES (10, 3, 'Late');
INSERT INTO attendance (student_id, session_id, status) VALUES (11, 3, 'Late');
INSERT INTO attendance (student_id, session_id, status) VALUES (12, 3, 'Late');
INSERT INTO attendance (student_id, session_id, status) VALUES (13, 3, 'Late');
INSERT INTO attendance (student_id, session_id, status) VALUES (14, 3, 'Present');
INSERT INTO attendance (student_id, session_id, status) VALUES (15, 3, 'Absent');
INSERT INTO attendance (student_id, session_id, status) VALUES (16, 3, 'Late');
INSERT INTO attendance (student_id, session_id, status) VALUES (17, 3, 'Present');
INSERT INTO attendance (student_id, session_id, status) VALUES (18, 3, 'Present');
INSERT INTO attendance (student_id, session_id, status) VALUES (19, 3, 'Absent');
INSERT INTO attendance (student_id, session_id, status) VALUES (20, 3, 'Absent');
INSERT INTO attendance (student_id, session_id, status) VALUES (21, 3, 'Absent');
INSERT INTO attendance (student_id, session_id, status) VALUES (22, 3, 'Absent');
INSERT INTO attendance (student_id, session_id, status) VALUES (23, 3, 'Present');
INSERT INTO attendance (student_id, session_id, status) VALUES (24, 3, 'Present');
INSERT INTO attendance (student_id, session_id, status) VALUES (25, 3, 'Present');
INSERT INTO attendance (student_id, session_id, status) VALUES (26, 3, 'Present');
INSERT INTO attendance (student_id, session_id, status) VALUES (27, 3, 'Present');
INSERT INTO attendance (student_id, session_id, status) VALUES (28, 3, 'Present');
INSERT INTO attendance (student_id, session_id, status) VALUES (29, 3, 'Present');
INSERT INTO attendance (student_id, session_id, status) VALUES (30, 3, 'Late');
INSERT INTO attendance (student_id, session_id, status) VALUES (31, 3, 'Absent');
INSERT INTO attendance (student_id, session_id, status) VALUES (32, 3, 'Absent');
INSERT INTO attendance (student_id, session_id, status) VALUES (33, 3, 'Absent');
INSERT INTO attendance (student_id, session_id, status) VALUES (34, 3, 'Absent');
INSERT INTO attendance (student_id, session_id, status) VALUES (35, 3, 'Late');
INSERT INTO attendance (student_id, session_id, status) VALUES (36, 3, 'Present');
INSERT INTO class_sessions (id, class_id, subject_id, session_date, teacher_id, room_id) VALUES (4, 1, 2, '2025-03-05 03:21:32', 8, 2);
INSERT INTO attendance (student_id, session_id, status) VALUES (1, 4, 'Absent');
INSERT INTO attendance (student_id, session_id, status) VALUES (2, 4, 'Present');
INSERT INTO attendance (student_id, session_id, status) VALUES (3, 4, 'Absent');
INSERT INTO attendance (student_id, session_id, status) VALUES (4, 4, 'Absent');
INSERT INTO attendance (student_id, session_id, status) VALUES (5, 4, 'Present');
INSERT INTO attendance (student_id, session_id, status) VALUES (6, 4, 'Absent');
INSERT INTO attendance (student_id, session_id, status) VALUES (7, 4, 'Present');
INSERT INTO attendance (student_id, session_id, status) VALUES (8, 4, 'Present');
INSERT INTO attendance (student_id, session_id, status) VALUES (9, 4, 'Late');
INSERT INTO attendance (student_id, session_id, status) VALUES (10, 4, 'Present');
INSERT INTO attendance (student_id, session_id, status) VALUES (11, 4, 'Present');
INSERT INTO attendance (student_id, session_id, status) VALUES (12, 4, 'Present');
INSERT INTO attendance (student_id, session_id, status) VALUES (13, 4, 'Absent');
INSERT INTO attendance (student_id, session_id, status) VALUES (14, 4, 'Late');
INSERT INTO attendance (student_id, session_id, status) VALUES (15, 4, 'Present');
INSERT INTO attendance (student_id, session_id, status) VALUES (16, 4, 'Present');
INSERT INTO attendance (student_id, session_id, status) VALUES (17, 4, 'Absent');
INSERT INTO attendance (student_id, session_id, status) VALUES (18, 4, 'Present');
INSERT INTO attendance (student_id, session_id, status) VALUES (19, 4, 'Late');
INSERT INTO attendance (student_id, session_id, status) VALUES (20, 4, 'Late');
INSERT INTO attendance (student_id, session_id, status) VALUES (21, 4, 'Absent');
INSERT INTO attendance (student_id, session_id, status) VALUES (22, 4, 'Absent');
INSERT INTO attendance (student_id, session_id, status) VALUES (23, 4, 'Absent');
INSERT INTO attendance (student_id, session_id, status) VALUES (24, 4, 'Present');
INSERT INTO attendance (student_id, session_id, status) VALUES (25, 4, 'Present');
INSERT INTO attendance (student_id, session_id, status) VALUES (26, 4, 'Late');
INSERT INTO attendance (student_id, session_id, status) VALUES (27, 4, 'Late');
INSERT INTO attendance (student_id, session_id, status) VALUES (28, 4, 'Present');
INSERT INTO attendance (student_id, session_id, status) VALUES (29, 4, 'Absent');
INSERT INTO attendance (student_id, session_id, status) VALUES (30, 4, 'Absent');
INSERT INTO attendance (student_id, session_id, status) VALUES (31, 4, 'Absent');
INSERT INTO attendance (student_id, session_id, status) VALUES (32, 4, 'Absent');
INSERT INTO attendance (student_id, session_id, status) VALUES (33, 4, 'Absent');
INSERT INTO attendance (student_id, session_id, status) VALUES (34, 4, 'Late');
INSERT INTO attendance (student_id, session_id, status) VALUES (35, 4, 'Present');
INSERT INTO attendance (student_id, session_id, status) VALUES (36, 4, 'Absent');
INSERT INTO class_sessions (id, class_id, subject_id, session_date, teacher_id, room_id) VALUES (5, 1, 2, '2025-02-28 04:12:21', 8, 2);
INSERT INTO attendance (student_id, session_id, status) VALUES (1, 5, 'Late');
INSERT INTO attendance (student_id, session_id, status) VALUES (2, 5, 'Present');
INSERT INTO attendance (student_id, session_id, status) VALUES (3, 5, 'Absent');
INSERT INTO attendance (student_id, session_id, status) VALUES (4, 5, 'Absent');
INSERT INTO attendance (student_id, session_id, status) VALUES (5, 5, 'Late');
INSERT INTO attendance (student_id, session_id, status) VALUES (6, 5, 'Absent');
INSERT INTO attendance (student_id, session_id, status) VALUES (7, 5, 'Late');
INSERT INTO attendance (student_id, session_id, status) VALUES (8, 5, 'Absent');
INSERT INTO attendance (student_id, session_id, status) VALUES (9, 5, 'Absent');
INSERT INTO attendance (student_id, session_id, status) VALUES (10, 5, 'Late');
INSERT INTO attendance (student_id, session_id, status) VALUES (11, 5, 'Late');
INSERT INTO attendance (student_id, session_id, status) VALUES (12, 5, 'Present');
INSERT INTO attendance (student_id, session_id, status) VALUES (13, 5, 'Present');
INSERT INTO attendance (student_id, session_id, status) VALUES (14, 5, 'Present');
INSERT INTO attendance (student_id, session_id, status) VALUES (15, 5, 'Present');
INSERT INTO attendance (student_id, session_id, status) VALUES (16, 5, 'Absent');
INSERT INTO attendance (student_id, session_id, status) VALUES (17, 5, 'Present');
INSERT INTO attendance (student_id, session_id, status) VALUES (18, 5, 'Present');
INSERT INTO attendance (student_id, session_id, status) VALUES (19, 5, 'Present');
INSERT INTO attendance (student_id, session_id, status) VALUES (20, 5, 'Absent');
INSERT INTO attendance (student_id, session_id, status) VALUES (21, 5, 'Late');
INSERT INTO attendance (student_id, session_id, status) VALUES (22, 5, 'Late');
INSERT INTO attendance (student_id, session_id, status) VALUES (23, 5, 'Late');
INSERT INTO attendance (student_id, session_id, status) VALUES (24, 5, 'Late');
INSERT INTO attendance (student_id, session_id, status) VALUES (25, 5, 'Present');
INSERT INTO attendance (student_id, session_id, status) VALUES (26, 5, 'Late');
INSERT INTO attendance (student_id, session_id, status) VALUES (27, 5, 'Absent');
INSERT INTO attendance (student_id, session_id, status) VALUES (28, 5, 'Present');
INSERT INTO attendance (student_id, session_id, status) VALUES (29, 5, 'Absent');
INSERT INTO attendance (student_id, session_id, status) VALUES (30, 5, 'Present');
INSERT INTO attendance (student_id, session_id, status) VALUES (31, 5, 'Late');
INSERT INTO attendance (student_id, session_id, status) VALUES (32, 5, 'Present');
INSERT INTO attendance (student_id, session_id, status) VALUES (33, 5, 'Absent');
INSERT INTO attendance (student_id, session_id, status) VALUES (34, 5, 'Present');
INSERT INTO attendance (student_id, session_id, status) VALUES (35, 5, 'Absent');
INSERT INTO attendance (student_id, session_id, status) VALUES (36, 5, 'Absent');
INSERT INTO class_sessions (id, class_id, subject_id, session_date, teacher_id, room_id) VALUES (6, 1, 2, '2025-03-10 09:22:18', 8, 2);
INSERT INTO attendance (student_id, session_id, status) VALUES (1, 6, 'Absent');
INSERT INTO attendance (student_id, session_id, status) VALUES (2, 6, 'Late');
INSERT INTO attendance (student_id, session_id, status) VALUES (3, 6, 'Late');
INSERT INTO attendance (student_id, session_id, status) VALUES (4, 6, 'Absent');
INSERT INTO attendance (student_id, session_id, status) VALUES (5, 6, 'Late');
INSERT INTO attendance (student_id, session_id, status) VALUES (6, 6, 'Present');
INSERT INTO attendance (student_id, session_id, status) VALUES (7, 6, 'Present');
INSERT INTO attendance (student_id, session_id, status) VALUES (8, 6, 'Late');
INSERT INTO attendance (student_id, session_id, status) VALUES (9, 6, 'Late');
INSERT INTO attendance (student_id, session_id, status) VALUES (10, 6, 'Absent');
INSERT INTO attendance (student_id, session_id, status) VALUES (11, 6, 'Late');
INSERT INTO attendance (student_id, session_id, status) VALUES (12, 6, 'Absent');
INSERT INTO attendance (student_id, session_id, status) VALUES (13, 6, 'Late');
INSERT INTO attendance (student_id, session_id, status) VALUES (14, 6, 'Present');
INSERT INTO attendance (student_id, session_id, status) VALUES (15, 6, 'Absent');
INSERT INTO attendance (student_id, session_id, status) VALUES (16, 6, 'Absent');
INSERT INTO attendance (student_id, session_id, status) VALUES (17, 6, 'Late');
INSERT INTO attendance (student_id, session_id, status) VALUES (18, 6, 'Late');
INSERT INTO attendance (student_id, session_id, status) VALUES (19, 6, 'Absent');
INSERT INTO attendance (student_id, session_id, status) VALUES (20, 6, 'Absent');
INSERT INTO attendance (student_id, session_id, status) VALUES (21, 6, 'Present');
INSERT INTO attendance (student_id, session_id, status) VALUES (22, 6, 'Late');
INSERT INTO attendance (student_id, session_id, status) VALUES (23, 6, 'Late');
INSERT INTO attendance (student_id, session_id, status) VALUES (24, 6, 'Present');
INSERT INTO attendance (student_id, session_id, status) VALUES (25, 6, 'Present');
INSERT INTO attendance (student_id, session_id, status) VALUES (26, 6, 'Present');
INSERT INTO attendance (student_id, session_id, status) VALUES (27, 6, 'Absent');
INSERT INTO attendance (student_id, session_id, status) VALUES (28, 6, 'Late');
INSERT INTO attendance (student_id, session_id, status) VALUES (29, 6, 'Absent');
INSERT INTO attendance (student_id, session_id, status) VALUES (30, 6, 'Late');
INSERT INTO attendance (student_id, session_id, status) VALUES (31, 6, 'Present');
INSERT INTO attendance (student_id, session_id, status) VALUES (32, 6, 'Late');
INSERT INTO attendance (student_id, session_id, status) VALUES (33, 6, 'Absent');
INSERT INTO attendance (student_id, session_id, status) VALUES (34, 6, 'Present');
INSERT INTO attendance (student_id, session_id, status) VALUES (35, 6, 'Absent');
INSERT INTO attendance (student_id, session_id, status) VALUES (36, 6, 'Present');
INSERT INTO class_sessions (id, class_id, subject_id, session_date, teacher_id, room_id) VALUES (7, 1, 3, '2025-01-11 15:24:47', 2, 3);
INSERT INTO attendance (student_id, session_id, status) VALUES (1, 7, 'Late');
INSERT INTO attendance (student_id, session_id, status) VALUES (2, 7, 'Present');
INSERT INTO attendance (student_id, session_id, status) VALUES (3, 7, 'Late');
INSERT INTO attendance (student_id, session_id, status) VALUES (4, 7, 'Late');
INSERT INTO attendance (student_id, session_id, status) VALUES (5, 7, 'Absent');
INSERT INTO attendance (student_id, session_id, status) VALUES (6, 7, 'Late');
INSERT INTO attendance (student_id, session_id, status) VALUES (7, 7, 'Absent');
INSERT INTO attendance (student_id, session_id, status) VALUES (8, 7, 'Late');
INSERT INTO attendance (student_id, session_id, status) VALUES (9, 7, 'Late');
INSERT INTO attendance (student_id, session_id, status) VALUES (10, 7, 'Absent');
INSERT INTO attendance (student_id, session_id, status) VALUES (11, 7, 'Present');
INSERT INTO attendance (student_id, session_id, status) VALUES (12, 7, 'Absent');
INSERT INTO attendance (student_id, session_id, status) VALUES (13, 7, 'Late');
INSERT INTO attendance (student_id, session_id, status) VALUES (14, 7, 'Absent');
INSERT INTO attendance (student_id, session_id, status) VALUES (15, 7, 'Late');
INSERT INTO attendance (student_id, session_id, status) VALUES (16, 7, 'Absent');
INSERT INTO attendance (student_id, session_id, status) VALUES (17, 7, 'Late');
INSERT INTO attendance (student_id, session_id, status) VALUES (18, 7, 'Late');
INSERT INTO attendance (student_id, session_id, status) VALUES (19, 7, 'Absent');
INSERT INTO attendance (student_id, session_id, status) VALUES (20, 7, 'Present');
INSERT INTO attendance (student_id, session_id, status) VALUES (21, 7, 'Present');
INSERT INTO attendance (student_id, session_id, status) VALUES (22, 7, 'Present');
INSERT INTO attendance (student_id, session_id, status) VALUES (23, 7, 'Late');
INSERT INTO attendance (student_id, session_id, status) VALUES (24, 7, 'Late');
INSERT INTO attendance (student_id, session_id, status) VALUES (25, 7, 'Late');
INSERT INTO attendance (student_id, session_id, status) VALUES (26, 7, 'Absent');
INSERT INTO attendance (student_id, session_id, status) VALUES (27, 7, 'Absent');
INSERT INTO attendance (student_id, session_id, status) VALUES (28, 7, 'Late');
INSERT INTO attendance (student_id, session_id, status) VALUES (29, 7, 'Present');
INSERT INTO attendance (student_id, session_id, status) VALUES (30, 7, 'Late');
INSERT INTO attendance (student_id, session_id, status) VALUES (31, 7, 'Late');
INSERT INTO attendance (student_id, session_id, status) VALUES (32, 7, 'Absent');
INSERT INTO attendance (student_id, session_id, status) VALUES (33, 7, 'Present');
INSERT INTO attendance (student_id, session_id, status) VALUES (34, 7, 'Absent');
INSERT INTO attendance (student_id, session_id, status) VALUES (35, 7, 'Absent');
INSERT INTO attendance (student_id, session_id, status) VALUES (36, 7, 'Absent');
INSERT INTO class_sessions (id, class_id, subject_id, session_date, teacher_id, room_id) VALUES (8, 1, 3, '2025-01-01 22:10:10', 2, 3);
INSERT INTO attendance (student_id, session_id, status) VALUES (1, 8, 'Late');
INSERT INTO attendance (student_id, session_id, status) VALUES (2, 8, 'Late');
INSERT INTO attendance (student_id, session_id, status) VALUES (3, 8, 'Present');
INSERT INTO attendance (student_id, session_id, status) VALUES (4, 8, 'Present');
INSERT INTO attendance (student_id, session_id, status) VALUES (5, 8, 'Late');
INSERT INTO attendance (student_id, session_id, status) VALUES (6, 8, 'Present');
INSERT INTO attendance (student_id, session_id, status) VALUES (7, 8, 'Present');
INSERT INTO attendance (student_id, session_id, status) VALUES (8, 8, 'Present');
INSERT INTO attendance (student_id, session_id, status) VALUES (9, 8, 'Late');
INSERT INTO attendance (student_id, session_id, status) VALUES (10, 8, 'Late');
INSERT INTO attendance (student_id, session_id, status) VALUES (11, 8, 'Late');
INSERT INTO attendance (student_id, session_id, status) VALUES (12, 8, 'Late');
INSERT INTO attendance (student_id, session_id, status) VALUES (13, 8, 'Late');
INSERT INTO attendance (student_id, session_id, status) VALUES (14, 8, 'Present');
INSERT INTO attendance (student_id, session_id, status) VALUES (15, 8, 'Late');
INSERT INTO attendance (student_id, session_id, status) VALUES (16, 8, 'Present');
INSERT INTO attendance (student_id, session_id, status) VALUES (17, 8, 'Late');
INSERT INTO attendance (student_id, session_id, status) VALUES (18, 8, 'Present');
INSERT INTO attendance (student_id, session_id, status) VALUES (19, 8, 'Absent');
INSERT INTO attendance (student_id, session_id, status) VALUES (20, 8, 'Late');
INSERT INTO attendance (student_id, session_id, status) VALUES (21, 8, 'Late');
INSERT INTO attendance (student_id, session_id, status) VALUES (22, 8, 'Late');
INSERT INTO attendance (student_id, session_id, status) VALUES (23, 8, 'Late');
INSERT INTO attendance (student_id, session_id, status) VALUES (24, 8, 'Present');
INSERT INTO attendance (student_id, session_id, status) VALUES (25, 8, 'Absent');
INSERT INTO attendance (student_id, session_id, status) VALUES (26, 8, 'Present');
INSERT INTO attendance (student_id, session_id, status) VALUES (27, 8, 'Absent');
INSERT INTO attendance (student_id, session_id, status) VALUES (28, 8, 'Present');
INSERT INTO attendance (student_id, session_id, status) VALUES (29, 8, 'Late');
INSERT INTO attendance (student_id, session_id, status) VALUES (30, 8, 'Absent');
INSERT INTO attendance (student_id, session_id, status) VALUES (31, 8, 'Late');
INSERT INTO attendance (student_id, session_id, status) VALUES (32, 8, 'Absent');
INSERT INTO attendance (student_id, session_id, status) VALUES (33, 8, 'Late');
INSERT INTO attendance (student_id, session_id, status) VALUES (34, 8, 'Present');
INSERT INTO attendance (student_id, session_id, status) VALUES (35, 8, 'Absent');
INSERT INTO attendance (student_id, session_id, status) VALUES (36, 8, 'Late');
INSERT INTO class_sessions (id, class_id, subject_id, session_date, teacher_id, room_id) VALUES (9, 1, 3, '2025-01-17 09:20:04', 2, 3);
INSERT INTO attendance (student_id, session_id, status) VALUES (1, 9, 'Present');
INSERT INTO attendance (student_id, session_id, status) VALUES (2, 9, 'Late');
INSERT INTO attendance (student_id, session_id, status) VALUES (3, 9, 'Present');
INSERT INTO attendance (student_id, session_id, status) VALUES (4, 9, 'Late');
INSERT INTO attendance (student_id, session_id, status) VALUES (5, 9, 'Late');
INSERT INTO attendance (student_id, session_id, status) VALUES (6, 9, 'Late');
INSERT INTO attendance (student_id, session_id, status) VALUES (7, 9, 'Present');
INSERT INTO attendance (student_id, session_id, status) VALUES (8, 9, 'Present');
INSERT INTO attendance (student_id, session_id, status) VALUES (9, 9, 'Late');
INSERT INTO attendance (student_id, session_id, status) VALUES (10, 9, 'Late');
INSERT INTO attendance (student_id, session_id, status) VALUES (11, 9, 'Late');
INSERT INTO attendance (student_id, session_id, status) VALUES (12, 9, 'Present');
INSERT INTO attendance (student_id, session_id, status) VALUES (13, 9, 'Absent');
INSERT INTO attendance (student_id, session_id, status) VALUES (14, 9, 'Present');
INSERT INTO attendance (student_id, session_id, status) VALUES (15, 9, 'Late');
INSERT INTO attendance (student_id, session_id, status) VALUES (16, 9, 'Late');
INSERT INTO attendance (student_id, session_id, status) VALUES (17, 9, 'Present');
INSERT INTO attendance (student_id, session_id, status) VALUES (18, 9, 'Late');
INSERT INTO attendance (student_id, session_id, status) VALUES (19, 9, 'Present');
INSERT INTO attendance (student_id, session_id, status) VALUES (20, 9, 'Late');
INSERT INTO attendance (student_id, session_id, status) VALUES (21, 9, 'Late');
INSERT INTO attendance (student_id, session_id, status) VALUES (22, 9, 'Absent');
INSERT INTO attendance (student_id, session_id, status) VALUES (23, 9, 'Absent');
INSERT INTO attendance (student_id, session_id, status) VALUES (24, 9, 'Late');
INSERT INTO attendance (student_id, session_id, status) VALUES (25, 9, 'Absent');
INSERT INTO attendance (student_id, session_id, status) VALUES (26, 9, 'Late');
INSERT INTO attendance (student_id, session_id, status) VALUES (27, 9, 'Late');
INSERT INTO attendance (student_id, session_id, status) VALUES (28, 9, 'Absent');
INSERT INTO attendance (student_id, session_id, status) VALUES (29, 9, 'Present');
INSERT INTO attendance (student_id, session_id, status) VALUES (30, 9, 'Late');
INSERT INTO attendance (student_id, session_id, status) VALUES (31, 9, 'Absent');
INSERT INTO attendance (student_id, session_id, status) VALUES (32, 9, 'Absent');
INSERT INTO attendance (student_id, session_id, status) VALUES (33, 9, 'Absent');
INSERT INTO attendance (student_id, session_id, status) VALUES (34, 9, 'Present');
INSERT INTO attendance (student_id, session_id, status) VALUES (35, 9, 'Late');
INSERT INTO attendance (student_id, session_id, status) VALUES (36, 9, 'Present');
INSERT INTO class_sessions (id, class_id, subject_id, session_date, teacher_id, room_id) VALUES (10, 1, 4, '2025-02-22 05:30:14', 3, 1);
INSERT INTO attendance (student_id, session_id, status) VALUES (1, 10, 'Present');
INSERT INTO attendance (student_id, session_id, status) VALUES (2, 10, 'Late');
INSERT INTO attendance (student_id, session_id, status) VALUES (3, 10, 'Late');
INSERT INTO attendance (student_id, session_id, status) VALUES (4, 10, 'Present');
INSERT INTO attendance (student_id, session_id, status) VALUES (5, 10, 'Late');
INSERT INTO attendance (student_id, session_id, status) VALUES (6, 10, 'Late');
INSERT INTO attendance (student_id, session_id, status) VALUES (7, 10, 'Late');
INSERT INTO attendance (student_id, session_id, status) VALUES (8, 10, 'Present');
INSERT INTO attendance (student_id, session_id, status) VALUES (9, 10, 'Present');
INSERT INTO attendance (student_id, session_id, status) VALUES (10, 10, 'Late');
INSERT INTO attendance (student_id, session_id, status) VALUES (11, 10, 'Present');
INSERT INTO attendance (student_id, session_id, status) VALUES (12, 10, 'Late');
INSERT INTO attendance (student_id, session_id, status) VALUES (13, 10, 'Present');
INSERT INTO attendance (student_id, session_id, status) VALUES (14, 10, 'Late');
INSERT INTO attendance (student_id, session_id, status) VALUES (15, 10, 'Late');
INSERT INTO attendance (student_id, session_id, status) VALUES (16, 10, 'Absent');
INSERT INTO attendance (student_id, session_id, status) VALUES (17, 10, 'Late');
INSERT INTO attendance (student_id, session_id, status) VALUES (18, 10, 'Present');
INSERT INTO attendance (student_id, session_id, status) VALUES (19, 10, 'Absent');
INSERT INTO attendance (student_id, session_id, status) VALUES (20, 10, 'Late');
INSERT INTO attendance (student_id, session_id, status) VALUES (21, 10, 'Present');
INSERT INTO attendance (student_id, session_id, status) VALUES (22, 10, 'Late');
INSERT INTO attendance (student_id, session_id, status) VALUES (23, 10, 'Late');
INSERT INTO attendance (student_id, session_id, status) VALUES (24, 10, 'Present');
INSERT INTO attendance (student_id, session_id, status) VALUES (25, 10, 'Late');
INSERT INTO attendance (student_id, session_id, status) VALUES (26, 10, 'Present');
INSERT INTO attendance (student_id, session_id, status) VALUES (27, 10, 'Late');
INSERT INTO attendance (student_id, session_id, status) VALUES (28, 10, 'Present');
INSERT INTO attendance (student_id, session_id, status) VALUES (29, 10, 'Present');
INSERT INTO attendance (student_id, session_id, status) VALUES (30, 10, 'Late');
INSERT INTO attendance (student_id, session_id, status) VALUES (31, 10, 'Absent');
INSERT INTO attendance (student_id, session_id, status) VALUES (32, 10, 'Present');
INSERT INTO attendance (student_id, session_id, status) VALUES (33, 10, 'Absent');
INSERT INTO attendance (student_id, session_id, status) VALUES (34, 10, 'Present');
INSERT INTO attendance (student_id, session_id, status) VALUES (35, 10, 'Late');
INSERT INTO attendance (student_id, session_id, status) VALUES (36, 10, 'Late');
INSERT INTO class_sessions (id, class_id, subject_id, session_date, teacher_id, room_id) VALUES (11, 1, 4, '2025-02-14 08:07:02', 3, 1);
INSERT INTO attendance (student_id, session_id, status) VALUES (1, 11, 'Late');
INSERT INTO attendance (student_id, session_id, status) VALUES (2, 11, 'Present');
INSERT INTO attendance (student_id, session_id, status) VALUES (3, 11, 'Absent');
INSERT INTO attendance (student_id, session_id, status) VALUES (4, 11, 'Present');
INSERT INTO attendance (student_id, session_id, status) VALUES (5, 11, 'Present');
INSERT INTO attendance (student_id, session_id, status) VALUES (6, 11, 'Late');
INSERT INTO attendance (student_id, session_id, status) VALUES (7, 11, 'Late');
INSERT INTO attendance (student_id, session_id, status) VALUES (8, 11, 'Late');
INSERT INTO attendance (student_id, session_id, status) VALUES (9, 11, 'Absent');
INSERT INTO attendance (student_id, session_id, status) VALUES (10, 11, 'Present');
INSERT INTO attendance (student_id, session_id, status) VALUES (11, 11, 'Late');
INSERT INTO attendance (student_id, session_id, status) VALUES (12, 11, 'Present');
INSERT INTO attendance (student_id, session_id, status) VALUES (13, 11, 'Present');
INSERT INTO attendance (student_id, session_id, status) VALUES (14, 11, 'Late');
INSERT INTO attendance (student_id, session_id, status) VALUES (15, 11, 'Present');
INSERT INTO attendance (student_id, session_id, status) VALUES (16, 11, 'Late');
INSERT INTO attendance (student_id, session_id, status) VALUES (17, 11, 'Late');
INSERT INTO attendance (student_id, session_id, status) VALUES (18, 11, 'Present');
INSERT INTO attendance (student_id, session_id, status) VALUES (19, 11, 'Late');
INSERT INTO attendance (student_id, session_id, status) VALUES (20, 11, 'Present');
INSERT INTO attendance (student_id, session_id, status) VALUES (21, 11, 'Present');
INSERT INTO attendance (student_id, session_id, status) VALUES (22, 11, 'Absent');
INSERT INTO attendance (student_id, session_id, status) VALUES (23, 11, 'Present');
INSERT INTO attendance (student_id, session_id, status) VALUES (24, 11, 'Late');
INSERT INTO attendance (student_id, session_id, status) VALUES (25, 11, 'Late');
INSERT INTO attendance (student_id, session_id, status) VALUES (26, 11, 'Present');
INSERT INTO attendance (student_id, session_id, status) VALUES (27, 11, 'Late');
INSERT INTO attendance (student_id, session_id, status) VALUES (28, 11, 'Late');
INSERT INTO attendance (student_id, session_id, status) VALUES (29, 11, 'Present');
INSERT INTO attendance (student_id, session_id, status) VALUES (30, 11, 'Late');
INSERT INTO attendance (student_id, session_id, status) VALUES (31, 11, 'Absent');
INSERT INTO attendance (student_id, session_id, status) VALUES (32, 11, 'Late');
INSERT INTO attendance (student_id, session_id, status) VALUES (33, 11, 'Present');
INSERT INTO attendance (student_id, session_id, status) VALUES (34, 11, 'Absent');
INSERT INTO attendance (student_id, session_id, status) VALUES (35, 11, 'Late');
INSERT INTO attendance (student_id, session_id, status) VALUES (36, 11, 'Late');
INSERT INTO class_sessions (id, class_id, subject_id, session_date, teacher_id, room_id) VALUES (12, 1, 4, '2025-02-11 09:23:49', 3, 1);
INSERT INTO attendance (student_id, session_id, status) VALUES (1, 12, 'Late');
INSERT INTO attendance (student_id, session_id, status) VALUES (2, 12, 'Late');
INSERT INTO attendance (student_id, session_id, status) VALUES (3, 12, 'Present');
INSERT INTO attendance (student_id, session_id, status) VALUES (4, 12, 'Present');
INSERT INTO attendance (student_id, session_id, status) VALUES (5, 12, 'Present');
INSERT INTO attendance (student_id, session_id, status) VALUES (6, 12, 'Absent');
INSERT INTO attendance (student_id, session_id, status) VALUES (7, 12, 'Absent');
INSERT INTO attendance (student_id, session_id, status) VALUES (8, 12, 'Present');
INSERT INTO attendance (student_id, session_id, status) VALUES (9, 12, 'Absent');
INSERT INTO attendance (student_id, session_id, status) VALUES (10, 12, 'Late');
INSERT INTO attendance (student_id, session_id, status) VALUES (11, 12, 'Absent');
INSERT INTO attendance (student_id, session_id, status) VALUES (12, 12, 'Late');
INSERT INTO attendance (student_id, session_id, status) VALUES (13, 12, 'Late');
INSERT INTO attendance (student_id, session_id, status) VALUES (14, 12, 'Late');
INSERT INTO attendance (student_id, session_id, status) VALUES (15, 12, 'Present');
INSERT INTO attendance (student_id, session_id, status) VALUES (16, 12, 'Absent');
INSERT INTO attendance (student_id, session_id, status) VALUES (17, 12, 'Present');
INSERT INTO attendance (student_id, session_id, status) VALUES (18, 12, 'Absent');
INSERT INTO attendance (student_id, session_id, status) VALUES (19, 12, 'Absent');
INSERT INTO attendance (student_id, session_id, status) VALUES (20, 12, 'Present');
INSERT INTO attendance (student_id, session_id, status) VALUES (21, 12, 'Late');
INSERT INTO attendance (student_id, session_id, status) VALUES (22, 12, 'Absent');
INSERT INTO attendance (student_id, session_id, status) VALUES (23, 12, 'Late');
INSERT INTO attendance (student_id, session_id, status) VALUES (24, 12, 'Present');
INSERT INTO attendance (student_id, session_id, status) VALUES (25, 12, 'Late');
INSERT INTO attendance (student_id, session_id, status) VALUES (26, 12, 'Absent');
INSERT INTO attendance (student_id, session_id, status) VALUES (27, 12, 'Absent');
INSERT INTO attendance (student_id, session_id, status) VALUES (28, 12, 'Present');
INSERT INTO attendance (student_id, session_id, status) VALUES (29, 12, 'Late');
INSERT INTO attendance (student_id, session_id, status) VALUES (30, 12, 'Late');
INSERT INTO attendance (student_id, session_id, status) VALUES (31, 12, 'Absent');
INSERT INTO attendance (student_id, session_id, status) VALUES (32, 12, 'Late');
INSERT INTO attendance (student_id, session_id, status) VALUES (33, 12, 'Present');
INSERT INTO attendance (student_id, session_id, status) VALUES (34, 12, 'Absent');
INSERT INTO attendance (student_id, session_id, status) VALUES (35, 12, 'Late');
INSERT INTO attendance (student_id, session_id, status) VALUES (36, 12, 'Absent');
INSERT INTO class_sessions (id, class_id, subject_id, session_date, teacher_id, room_id) VALUES (13, 2, 1, '2025-01-04 21:58:27', 7, 4);
INSERT INTO attendance (student_id, session_id, status) VALUES (37, 13, 'Absent');
INSERT INTO attendance (student_id, session_id, status) VALUES (38, 13, 'Present');
INSERT INTO attendance (student_id, session_id, status) VALUES (39, 13, 'Absent');
INSERT INTO attendance (student_id, session_id, status) VALUES (40, 13, 'Present');
INSERT INTO attendance (student_id, session_id, status) VALUES (41, 13, 'Absent');
INSERT INTO attendance (student_id, session_id, status) VALUES (42, 13, 'Absent');
INSERT INTO attendance (student_id, session_id, status) VALUES (43, 13, 'Absent');
INSERT INTO attendance (student_id, session_id, status) VALUES (44, 13, 'Present');
INSERT INTO attendance (student_id, session_id, status) VALUES (45, 13, 'Absent');
INSERT INTO attendance (student_id, session_id, status) VALUES (46, 13, 'Late');
INSERT INTO attendance (student_id, session_id, status) VALUES (47, 13, 'Late');
INSERT INTO attendance (student_id, session_id, status) VALUES (48, 13, 'Absent');
INSERT INTO attendance (student_id, session_id, status) VALUES (49, 13, 'Late');
INSERT INTO attendance (student_id, session_id, status) VALUES (50, 13, 'Absent');
INSERT INTO attendance (student_id, session_id, status) VALUES (51, 13, 'Absent');
INSERT INTO attendance (student_id, session_id, status) VALUES (52, 13, 'Late');
INSERT INTO attendance (student_id, session_id, status) VALUES (53, 13, 'Present');
INSERT INTO attendance (student_id, session_id, status) VALUES (54, 13, 'Absent');
INSERT INTO attendance (student_id, session_id, status) VALUES (55, 13, 'Present');
INSERT INTO attendance (student_id, session_id, status) VALUES (56, 13, 'Late');
INSERT INTO attendance (student_id, session_id, status) VALUES (57, 13, 'Absent');
INSERT INTO attendance (student_id, session_id, status) VALUES (58, 13, 'Present');
INSERT INTO attendance (student_id, session_id, status) VALUES (59, 13, 'Absent');
INSERT INTO attendance (student_id, session_id, status) VALUES (60, 13, 'Absent');
INSERT INTO attendance (student_id, session_id, status) VALUES (61, 13, 'Present');
INSERT INTO attendance (student_id, session_id, status) VALUES (62, 13, 'Present');
INSERT INTO attendance (student_id, session_id, status) VALUES (63, 13, 'Absent');
INSERT INTO attendance (student_id, session_id, status) VALUES (64, 13, 'Present');
INSERT INTO attendance (student_id, session_id, status) VALUES (65, 13, 'Late');
INSERT INTO attendance (student_id, session_id, status) VALUES (66, 13, 'Present');
INSERT INTO class_sessions (id, class_id, subject_id, session_date, teacher_id, room_id) VALUES (14, 2, 1, '2025-01-14 17:47:51', 7, 4);
INSERT INTO attendance (student_id, session_id, status) VALUES (37, 14, 'Present');
INSERT INTO attendance (student_id, session_id, status) VALUES (38, 14, 'Present');
INSERT INTO attendance (student_id, session_id, status) VALUES (39, 14, 'Absent');
INSERT INTO attendance (student_id, session_id, status) VALUES (40, 14, 'Late');
INSERT INTO attendance (student_id, session_id, status) VALUES (41, 14, 'Present');
INSERT INTO attendance (student_id, session_id, status) VALUES (42, 14, 'Present');
INSERT INTO attendance (student_id, session_id, status) VALUES (43, 14, 'Late');
INSERT INTO attendance (student_id, session_id, status) VALUES (44, 14, 'Late');
INSERT INTO attendance (student_id, session_id, status) VALUES (45, 14, 'Late');
INSERT INTO attendance (student_id, session_id, status) VALUES (46, 14, 'Late');
INSERT INTO attendance (student_id, session_id, status) VALUES (47, 14, 'Present');
INSERT INTO attendance (student_id, session_id, status) VALUES (48, 14, 'Absent');
INSERT INTO attendance (student_id, session_id, status) VALUES (49, 14, 'Late');
INSERT INTO attendance (student_id, session_id, status) VALUES (50, 14, 'Late');
INSERT INTO attendance (student_id, session_id, status) VALUES (51, 14, 'Absent');
INSERT INTO attendance (student_id, session_id, status) VALUES (52, 14, 'Present');
INSERT INTO attendance (student_id, session_id, status) VALUES (53, 14, 'Present');
INSERT INTO attendance (student_id, session_id, status) VALUES (54, 14, 'Absent');
INSERT INTO attendance (student_id, session_id, status) VALUES (55, 14, 'Absent');
INSERT INTO attendance (student_id, session_id, status) VALUES (56, 14, 'Late');
INSERT INTO attendance (student_id, session_id, status) VALUES (57, 14, 'Absent');
INSERT INTO attendance (student_id, session_id, status) VALUES (58, 14, 'Present');
INSERT INTO attendance (student_id, session_id, status) VALUES (59, 14, 'Late');
INSERT INTO attendance (student_id, session_id, status) VALUES (60, 14, 'Late');
INSERT INTO attendance (student_id, session_id, status) VALUES (61, 14, 'Late');
INSERT INTO attendance (student_id, session_id, status) VALUES (62, 14, 'Absent');
INSERT INTO attendance (student_id, session_id, status) VALUES (63, 14, 'Late');
INSERT INTO attendance (student_id, session_id, status) VALUES (64, 14, 'Present');
INSERT INTO attendance (student_id, session_id, status) VALUES (65, 14, 'Present');
INSERT INTO attendance (student_id, session_id, status) VALUES (66, 14, 'Absent');
INSERT INTO class_sessions (id, class_id, subject_id, session_date, teacher_id, room_id) VALUES (15, 2, 1, '2025-03-04 10:18:41', 7, 4);
INSERT INTO attendance (student_id, session_id, status) VALUES (37, 15, 'Late');
INSERT INTO attendance (student_id, session_id, status) VALUES (38, 15, 'Late');
INSERT INTO attendance (student_id, session_id, status) VALUES (39, 15, 'Late');
INSERT INTO attendance (student_id, session_id, status) VALUES (40, 15, 'Late');
INSERT INTO attendance (student_id, session_id, status) VALUES (41, 15, 'Absent');
INSERT INTO attendance (student_id, session_id, status) VALUES (42, 15, 'Late');
INSERT INTO attendance (student_id, session_id, status) VALUES (43, 15, 'Absent');
INSERT INTO attendance (student_id, session_id, status) VALUES (44, 15, 'Absent');
INSERT INTO attendance (student_id, session_id, status) VALUES (45, 15, 'Present');
INSERT INTO attendance (student_id, session_id, status) VALUES (46, 15, 'Absent');
INSERT INTO attendance (student_id, session_id, status) VALUES (47, 15, 'Present');
INSERT INTO attendance (student_id, session_id, status) VALUES (48, 15, 'Absent');
INSERT INTO attendance (student_id, session_id, status) VALUES (49, 15, 'Absent');
INSERT INTO attendance (student_id, session_id, status) VALUES (50, 15, 'Late');
INSERT INTO attendance (student_id, session_id, status) VALUES (51, 15, 'Present');
INSERT INTO attendance (student_id, session_id, status) VALUES (52, 15, 'Absent');
INSERT INTO attendance (student_id, session_id, status) VALUES (53, 15, 'Present');
INSERT INTO attendance (student_id, session_id, status) VALUES (54, 15, 'Present');
INSERT INTO attendance (student_id, session_id, status) VALUES (55, 15, 'Absent');
INSERT INTO attendance (student_id, session_id, status) VALUES (56, 15, 'Absent');
INSERT INTO attendance (student_id, session_id, status) VALUES (57, 15, 'Late');
INSERT INTO attendance (student_id, session_id, status) VALUES (58, 15, 'Present');
INSERT INTO attendance (student_id, session_id, status) VALUES (59, 15, 'Present');
INSERT INTO attendance (student_id, session_id, status) VALUES (60, 15, 'Late');
INSERT INTO attendance (student_id, session_id, status) VALUES (61, 15, 'Present');
INSERT INTO attendance (student_id, session_id, status) VALUES (62, 15, 'Present');
INSERT INTO attendance (student_id, session_id, status) VALUES (63, 15, 'Present');
INSERT INTO attendance (student_id, session_id, status) VALUES (64, 15, 'Present');
INSERT INTO attendance (student_id, session_id, status) VALUES (65, 15, 'Absent');
INSERT INTO attendance (student_id, session_id, status) VALUES (66, 15, 'Absent');
INSERT INTO class_sessions (id, class_id, subject_id, session_date, teacher_id, room_id) VALUES (16, 2, 2, '2025-01-05 02:32:28', 3, 1);
INSERT INTO attendance (student_id, session_id, status) VALUES (37, 16, 'Present');
INSERT INTO attendance (student_id, session_id, status) VALUES (38, 16, 'Absent');
INSERT INTO attendance (student_id, session_id, status) VALUES (39, 16, 'Present');
INSERT INTO attendance (student_id, session_id, status) VALUES (40, 16, 'Present');
INSERT INTO attendance (student_id, session_id, status) VALUES (41, 16, 'Late');
INSERT INTO attendance (student_id, session_id, status) VALUES (42, 16, 'Late');
INSERT INTO attendance (student_id, session_id, status) VALUES (43, 16, 'Absent');
INSERT INTO attendance (student_id, session_id, status) VALUES (44, 16, 'Absent');
INSERT INTO attendance (student_id, session_id, status) VALUES (45, 16, 'Late');
INSERT INTO attendance (student_id, session_id, status) VALUES (46, 16, 'Late');
INSERT INTO attendance (student_id, session_id, status) VALUES (47, 16, 'Present');
INSERT INTO attendance (student_id, session_id, status) VALUES (48, 16, 'Late');
INSERT INTO attendance (student_id, session_id, status) VALUES (49, 16, 'Present');
INSERT INTO attendance (student_id, session_id, status) VALUES (50, 16, 'Late');
INSERT INTO attendance (student_id, session_id, status) VALUES (51, 16, 'Absent');
INSERT INTO attendance (student_id, session_id, status) VALUES (52, 16, 'Absent');
INSERT INTO attendance (student_id, session_id, status) VALUES (53, 16, 'Late');
INSERT INTO attendance (student_id, session_id, status) VALUES (54, 16, 'Present');
INSERT INTO attendance (student_id, session_id, status) VALUES (55, 16, 'Late');
INSERT INTO attendance (student_id, session_id, status) VALUES (56, 16, 'Late');
INSERT INTO attendance (student_id, session_id, status) VALUES (57, 16, 'Present');
INSERT INTO attendance (student_id, session_id, status) VALUES (58, 16, 'Present');
INSERT INTO attendance (student_id, session_id, status) VALUES (59, 16, 'Absent');
INSERT INTO attendance (student_id, session_id, status) VALUES (60, 16, 'Present');
INSERT INTO attendance (student_id, session_id, status) VALUES (61, 16, 'Absent');
INSERT INTO attendance (student_id, session_id, status) VALUES (62, 16, 'Absent');
INSERT INTO attendance (student_id, session_id, status) VALUES (63, 16, 'Present');
INSERT INTO attendance (student_id, session_id, status) VALUES (64, 16, 'Present');
INSERT INTO attendance (student_id, session_id, status) VALUES (65, 16, 'Present');
INSERT INTO attendance (student_id, session_id, status) VALUES (66, 16, 'Absent');
INSERT INTO class_sessions (id, class_id, subject_id, session_date, teacher_id, room_id) VALUES (17, 2, 2, '2025-02-13 05:15:11', 3, 1);
INSERT INTO attendance (student_id, session_id, status) VALUES (37, 17, 'Late');
INSERT INTO attendance (student_id, session_id, status) VALUES (38, 17, 'Present');
INSERT INTO attendance (student_id, session_id, status) VALUES (39, 17, 'Absent');
INSERT INTO attendance (student_id, session_id, status) VALUES (40, 17, 'Late');
INSERT INTO attendance (student_id, session_id, status) VALUES (41, 17, 'Late');
INSERT INTO attendance (student_id, session_id, status) VALUES (42, 17, 'Late');
INSERT INTO attendance (student_id, session_id, status) VALUES (43, 17, 'Late');
INSERT INTO attendance (student_id, session_id, status) VALUES (44, 17, 'Late');
INSERT INTO attendance (student_id, session_id, status) VALUES (45, 17, 'Present');
INSERT INTO attendance (student_id, session_id, status) VALUES (46, 17, 'Absent');
INSERT INTO attendance (student_id, session_id, status) VALUES (47, 17, 'Late');
INSERT INTO attendance (student_id, session_id, status) VALUES (48, 17, 'Absent');
INSERT INTO attendance (student_id, session_id, status) VALUES (49, 17, 'Absent');
INSERT INTO attendance (student_id, session_id, status) VALUES (50, 17, 'Present');
INSERT INTO attendance (student_id, session_id, status) VALUES (51, 17, 'Absent');
INSERT INTO attendance (student_id, session_id, status) VALUES (52, 17, 'Absent');
INSERT INTO attendance (student_id, session_id, status) VALUES (53, 17, 'Present');
INSERT INTO attendance (student_id, session_id, status) VALUES (54, 17, 'Late');
INSERT INTO attendance (student_id, session_id, status) VALUES (55, 17, 'Late');
INSERT INTO attendance (student_id, session_id, status) VALUES (56, 17, 'Absent');
INSERT INTO attendance (student_id, session_id, status) VALUES (57, 17, 'Absent');
INSERT INTO attendance (student_id, session_id, status) VALUES (58, 17, 'Late');
INSERT INTO attendance (student_id, session_id, status) VALUES (59, 17, 'Late');
INSERT INTO attendance (student_id, session_id, status) VALUES (60, 17, 'Present');
INSERT INTO attendance (student_id, session_id, status) VALUES (61, 17, 'Absent');
INSERT INTO attendance (student_id, session_id, status) VALUES (62, 17, 'Absent');
INSERT INTO attendance (student_id, session_id, status) VALUES (63, 17, 'Absent');
INSERT INTO attendance (student_id, session_id, status) VALUES (64, 17, 'Present');
INSERT INTO attendance (student_id, session_id, status) VALUES (65, 17, 'Present');
INSERT INTO attendance (student_id, session_id, status) VALUES (66, 17, 'Absent');
INSERT INTO class_sessions (id, class_id, subject_id, session_date, teacher_id, room_id) VALUES (18, 2, 2, '2025-02-27 16:00:45', 3, 1);
INSERT INTO attendance (student_id, session_id, status) VALUES (37, 18, 'Absent');
INSERT INTO attendance (student_id, session_id, status) VALUES (38, 18, 'Absent');
INSERT INTO attendance (student_id, session_id, status) VALUES (39, 18, 'Present');
INSERT INTO attendance (student_id, session_id, status) VALUES (40, 18, 'Late');
INSERT INTO attendance (student_id, session_id, status) VALUES (41, 18, 'Present');
INSERT INTO attendance (student_id, session_id, status) VALUES (42, 18, 'Absent');
INSERT INTO attendance (student_id, session_id, status) VALUES (43, 18, 'Present');
INSERT INTO attendance (student_id, session_id, status) VALUES (44, 18, 'Absent');
INSERT INTO attendance (student_id, session_id, status) VALUES (45, 18, 'Late');
INSERT INTO attendance (student_id, session_id, status) VALUES (46, 18, 'Absent');
INSERT INTO attendance (student_id, session_id, status) VALUES (47, 18, 'Late');
INSERT INTO attendance (student_id, session_id, status) VALUES (48, 18, 'Late');
INSERT INTO attendance (student_id, session_id, status) VALUES (49, 18, 'Present');
INSERT INTO attendance (student_id, session_id, status) VALUES (50, 18, 'Absent');
INSERT INTO attendance (student_id, session_id, status) VALUES (51, 18, 'Absent');
INSERT INTO attendance (student_id, session_id, status) VALUES (52, 18, 'Late');
INSERT INTO attendance (student_id, session_id, status) VALUES (53, 18, 'Late');
INSERT INTO attendance (student_id, session_id, status) VALUES (54, 18, 'Late');
INSERT INTO attendance (student_id, session_id, status) VALUES (55, 18, 'Present');
INSERT INTO attendance (student_id, session_id, status) VALUES (56, 18, 'Absent');
INSERT INTO attendance (student_id, session_id, status) VALUES (57, 18, 'Absent');
INSERT INTO attendance (student_id, session_id, status) VALUES (58, 18, 'Absent');
INSERT INTO attendance (student_id, session_id, status) VALUES (59, 18, 'Late');
INSERT INTO attendance (student_id, session_id, status) VALUES (60, 18, 'Late');
INSERT INTO attendance (student_id, session_id, status) VALUES (61, 18, 'Absent');
INSERT INTO attendance (student_id, session_id, status) VALUES (62, 18, 'Late');
INSERT INTO attendance (student_id, session_id, status) VALUES (63, 18, 'Absent');
INSERT INTO attendance (student_id, session_id, status) VALUES (64, 18, 'Late');
INSERT INTO attendance (student_id, session_id, status) VALUES (65, 18, 'Absent');
INSERT INTO attendance (student_id, session_id, status) VALUES (66, 18, 'Present');
INSERT INTO class_sessions (id, class_id, subject_id, session_date, teacher_id, room_id) VALUES (19, 2, 3, '2025-01-15 15:02:39', 1, 3);
INSERT INTO attendance (student_id, session_id, status) VALUES (37, 19, 'Absent');
INSERT INTO attendance (student_id, session_id, status) VALUES (38, 19, 'Late');
INSERT INTO attendance (student_id, session_id, status) VALUES (39, 19, 'Present');
INSERT INTO attendance (student_id, session_id, status) VALUES (40, 19, 'Absent');
INSERT INTO attendance (student_id, session_id, status) VALUES (41, 19, 'Absent');
INSERT INTO attendance (student_id, session_id, status) VALUES (42, 19, 'Late');
INSERT INTO attendance (student_id, session_id, status) VALUES (43, 19, 'Absent');
INSERT INTO attendance (student_id, session_id, status) VALUES (44, 19, 'Late');
INSERT INTO attendance (student_id, session_id, status) VALUES (45, 19, 'Late');
INSERT INTO attendance (student_id, session_id, status) VALUES (46, 19, 'Absent');
INSERT INTO attendance (student_id, session_id, status) VALUES (47, 19, 'Present');
INSERT INTO attendance (student_id, session_id, status) VALUES (48, 19, 'Absent');
INSERT INTO attendance (student_id, session_id, status) VALUES (49, 19, 'Absent');
INSERT INTO attendance (student_id, session_id, status) VALUES (50, 19, 'Absent');
INSERT INTO attendance (student_id, session_id, status) VALUES (51, 19, 'Absent');
INSERT INTO attendance (student_id, session_id, status) VALUES (52, 19, 'Absent');
INSERT INTO attendance (student_id, session_id, status) VALUES (53, 19, 'Absent');
INSERT INTO attendance (student_id, session_id, status) VALUES (54, 19, 'Present');
INSERT INTO attendance (student_id, session_id, status) VALUES (55, 19, 'Late');
INSERT INTO attendance (student_id, session_id, status) VALUES (56, 19, 'Late');
INSERT INTO attendance (student_id, session_id, status) VALUES (57, 19, 'Late');
INSERT INTO attendance (student_id, session_id, status) VALUES (58, 19, 'Late');
INSERT INTO attendance (student_id, session_id, status) VALUES (59, 19, 'Present');
INSERT INTO attendance (student_id, session_id, status) VALUES (60, 19, 'Absent');
INSERT INTO attendance (student_id, session_id, status) VALUES (61, 19, 'Present');
INSERT INTO attendance (student_id, session_id, status) VALUES (62, 19, 'Late');
INSERT INTO attendance (student_id, session_id, status) VALUES (63, 19, 'Late');
INSERT INTO attendance (student_id, session_id, status) VALUES (64, 19, 'Absent');
INSERT INTO attendance (student_id, session_id, status) VALUES (65, 19, 'Present');
INSERT INTO attendance (student_id, session_id, status) VALUES (66, 19, 'Present');
INSERT INTO class_sessions (id, class_id, subject_id, session_date, teacher_id, room_id) VALUES (20, 2, 3, '2025-02-08 19:57:12', 1, 3);
INSERT INTO attendance (student_id, session_id, status) VALUES (37, 20, 'Present');
INSERT INTO attendance (student_id, session_id, status) VALUES (38, 20, 'Present');
INSERT INTO attendance (student_id, session_id, status) VALUES (39, 20, 'Present');
INSERT INTO attendance (student_id, session_id, status) VALUES (40, 20, 'Absent');
INSERT INTO attendance (student_id, session_id, status) VALUES (41, 20, 'Late');
INSERT INTO attendance (student_id, session_id, status) VALUES (42, 20, 'Present');
INSERT INTO attendance (student_id, session_id, status) VALUES (43, 20, 'Absent');
INSERT INTO attendance (student_id, session_id, status) VALUES (44, 20, 'Absent');
INSERT INTO attendance (student_id, session_id, status) VALUES (45, 20, 'Present');
INSERT INTO attendance (student_id, session_id, status) VALUES (46, 20, 'Present');
INSERT INTO attendance (student_id, session_id, status) VALUES (47, 20, 'Present');
INSERT INTO attendance (student_id, session_id, status) VALUES (48, 20, 'Present');
INSERT INTO attendance (student_id, session_id, status) VALUES (49, 20, 'Late');
INSERT INTO attendance (student_id, session_id, status) VALUES (50, 20, 'Late');
INSERT INTO attendance (student_id, session_id, status) VALUES (51, 20, 'Present');
INSERT INTO attendance (student_id, session_id, status) VALUES (52, 20, 'Late');
INSERT INTO attendance (student_id, session_id, status) VALUES (53, 20, 'Absent');
INSERT INTO attendance (student_id, session_id, status) VALUES (54, 20, 'Absent');
INSERT INTO attendance (student_id, session_id, status) VALUES (55, 20, 'Late');
INSERT INTO attendance (student_id, session_id, status) VALUES (56, 20, 'Present');
INSERT INTO attendance (student_id, session_id, status) VALUES (57, 20, 'Late');
INSERT INTO attendance (student_id, session_id, status) VALUES (58, 20, 'Late');
INSERT INTO attendance (student_id, session_id, status) VALUES (59, 20, 'Absent');
INSERT INTO attendance (student_id, session_id, status) VALUES (60, 20, 'Late');
INSERT INTO attendance (student_id, session_id, status) VALUES (61, 20, 'Absent');
INSERT INTO attendance (student_id, session_id, status) VALUES (62, 20, 'Late');
INSERT INTO attendance (student_id, session_id, status) VALUES (63, 20, 'Present');
INSERT INTO attendance (student_id, session_id, status) VALUES (64, 20, 'Absent');
INSERT INTO attendance (student_id, session_id, status) VALUES (65, 20, 'Absent');
INSERT INTO attendance (student_id, session_id, status) VALUES (66, 20, 'Present');
INSERT INTO class_sessions (id, class_id, subject_id, session_date, teacher_id, room_id) VALUES (21, 2, 3, '2025-01-27 00:14:38', 1, 3);
INSERT INTO attendance (student_id, session_id, status) VALUES (37, 21, 'Late');
INSERT INTO attendance (student_id, session_id, status) VALUES (38, 21, 'Late');
INSERT INTO attendance (student_id, session_id, status) VALUES (39, 21, 'Present');
INSERT INTO attendance (student_id, session_id, status) VALUES (40, 21, 'Late');
INSERT INTO attendance (student_id, session_id, status) VALUES (41, 21, 'Present');
INSERT INTO attendance (student_id, session_id, status) VALUES (42, 21, 'Present');
INSERT INTO attendance (student_id, session_id, status) VALUES (43, 21, 'Late');
INSERT INTO attendance (student_id, session_id, status) VALUES (44, 21, 'Absent');
INSERT INTO attendance (student_id, session_id, status) VALUES (45, 21, 'Late');
INSERT INTO attendance (student_id, session_id, status) VALUES (46, 21, 'Absent');
INSERT INTO attendance (student_id, session_id, status) VALUES (47, 21, 'Absent');
INSERT INTO attendance (student_id, session_id, status) VALUES (48, 21, 'Present');
INSERT INTO attendance (student_id, session_id, status) VALUES (49, 21, 'Present');
INSERT INTO attendance (student_id, session_id, status) VALUES (50, 21, 'Absent');
INSERT INTO attendance (student_id, session_id, status) VALUES (51, 21, 'Late');
INSERT INTO attendance (student_id, session_id, status) VALUES (52, 21, 'Absent');
INSERT INTO attendance (student_id, session_id, status) VALUES (53, 21, 'Late');
INSERT INTO attendance (student_id, session_id, status) VALUES (54, 21, 'Late');
INSERT INTO attendance (student_id, session_id, status) VALUES (55, 21, 'Absent');
INSERT INTO attendance (student_id, session_id, status) VALUES (56, 21, 'Absent');
INSERT INTO attendance (student_id, session_id, status) VALUES (57, 21, 'Late');
INSERT INTO attendance (student_id, session_id, status) VALUES (58, 21, 'Late');
INSERT INTO attendance (student_id, session_id, status) VALUES (59, 21, 'Present');
INSERT INTO attendance (student_id, session_id, status) VALUES (60, 21, 'Late');
INSERT INTO attendance (student_id, session_id, status) VALUES (61, 21, 'Late');
INSERT INTO attendance (student_id, session_id, status) VALUES (62, 21, 'Absent');
INSERT INTO attendance (student_id, session_id, status) VALUES (63, 21, 'Late');
INSERT INTO attendance (student_id, session_id, status) VALUES (64, 21, 'Absent');
INSERT INTO attendance (student_id, session_id, status) VALUES (65, 21, 'Late');
INSERT INTO attendance (student_id, session_id, status) VALUES (66, 21, 'Late');
INSERT INTO class_sessions (id, class_id, subject_id, session_date, teacher_id, room_id) VALUES (22, 2, 4, '2025-02-22 21:26:45', 5, 3);
INSERT INTO attendance (student_id, session_id, status) VALUES (37, 22, 'Present');
INSERT INTO attendance (student_id, session_id, status) VALUES (38, 22, 'Absent');
INSERT INTO attendance (student_id, session_id, status) VALUES (39, 22, 'Present');
INSERT INTO attendance (student_id, session_id, status) VALUES (40, 22, 'Late');
INSERT INTO attendance (student_id, session_id, status) VALUES (41, 22, 'Absent');
INSERT INTO attendance (student_id, session_id, status) VALUES (42, 22, 'Present');
INSERT INTO attendance (student_id, session_id, status) VALUES (43, 22, 'Late');
INSERT INTO attendance (student_id, session_id, status) VALUES (44, 22, 'Absent');
INSERT INTO attendance (student_id, session_id, status) VALUES (45, 22, 'Late');
INSERT INTO attendance (student_id, session_id, status) VALUES (46, 22, 'Absent');
INSERT INTO attendance (student_id, session_id, status) VALUES (47, 22, 'Absent');
INSERT INTO attendance (student_id, session_id, status) VALUES (48, 22, 'Late');
INSERT INTO attendance (student_id, session_id, status) VALUES (49, 22, 'Late');
INSERT INTO attendance (student_id, session_id, status) VALUES (50, 22, 'Absent');
INSERT INTO attendance (student_id, session_id, status) VALUES (51, 22, 'Absent');
INSERT INTO attendance (student_id, session_id, status) VALUES (52, 22, 'Late');
INSERT INTO attendance (student_id, session_id, status) VALUES (53, 22, 'Late');
INSERT INTO attendance (student_id, session_id, status) VALUES (54, 22, 'Late');
INSERT INTO attendance (student_id, session_id, status) VALUES (55, 22, 'Present');
INSERT INTO attendance (student_id, session_id, status) VALUES (56, 22, 'Absent');
INSERT INTO attendance (student_id, session_id, status) VALUES (57, 22, 'Late');
INSERT INTO attendance (student_id, session_id, status) VALUES (58, 22, 'Present');
INSERT INTO attendance (student_id, session_id, status) VALUES (59, 22, 'Absent');
INSERT INTO attendance (student_id, session_id, status) VALUES (60, 22, 'Late');
INSERT INTO attendance (student_id, session_id, status) VALUES (61, 22, 'Absent');
INSERT INTO attendance (student_id, session_id, status) VALUES (62, 22, 'Present');
INSERT INTO attendance (student_id, session_id, status) VALUES (63, 22, 'Absent');
INSERT INTO attendance (student_id, session_id, status) VALUES (64, 22, 'Late');
INSERT INTO attendance (student_id, session_id, status) VALUES (65, 22, 'Late');
INSERT INTO attendance (student_id, session_id, status) VALUES (66, 22, 'Late');
INSERT INTO class_sessions (id, class_id, subject_id, session_date, teacher_id, room_id) VALUES (23, 2, 4, '2025-01-09 19:52:02', 5, 3);
INSERT INTO attendance (student_id, session_id, status) VALUES (37, 23, 'Absent');
INSERT INTO attendance (student_id, session_id, status) VALUES (38, 23, 'Present');
INSERT INTO attendance (student_id, session_id, status) VALUES (39, 23, 'Absent');
INSERT INTO attendance (student_id, session_id, status) VALUES (40, 23, 'Absent');
INSERT INTO attendance (student_id, session_id, status) VALUES (41, 23, 'Late');
INSERT INTO attendance (student_id, session_id, status) VALUES (42, 23, 'Late');
INSERT INTO attendance (student_id, session_id, status) VALUES (43, 23, 'Present');
INSERT INTO attendance (student_id, session_id, status) VALUES (44, 23, 'Late');
INSERT INTO attendance (student_id, session_id, status) VALUES (45, 23, 'Present');
INSERT INTO attendance (student_id, session_id, status) VALUES (46, 23, 'Present');
INSERT INTO attendance (student_id, session_id, status) VALUES (47, 23, 'Absent');
INSERT INTO attendance (student_id, session_id, status) VALUES (48, 23, 'Absent');
INSERT INTO attendance (student_id, session_id, status) VALUES (49, 23, 'Absent');
INSERT INTO attendance (student_id, session_id, status) VALUES (50, 23, 'Absent');
INSERT INTO attendance (student_id, session_id, status) VALUES (51, 23, 'Absent');
INSERT INTO attendance (student_id, session_id, status) VALUES (52, 23, 'Present');
INSERT INTO attendance (student_id, session_id, status) VALUES (53, 23, 'Present');
INSERT INTO attendance (student_id, session_id, status) VALUES (54, 23, 'Present');
INSERT INTO attendance (student_id, session_id, status) VALUES (55, 23, 'Absent');
INSERT INTO attendance (student_id, session_id, status) VALUES (56, 23, 'Late');
INSERT INTO attendance (student_id, session_id, status) VALUES (57, 23, 'Present');
INSERT INTO attendance (student_id, session_id, status) VALUES (58, 23, 'Late');
INSERT INTO attendance (student_id, session_id, status) VALUES (59, 23, 'Absent');
INSERT INTO attendance (student_id, session_id, status) VALUES (60, 23, 'Absent');
INSERT INTO attendance (student_id, session_id, status) VALUES (61, 23, 'Present');
INSERT INTO attendance (student_id, session_id, status) VALUES (62, 23, 'Present');
INSERT INTO attendance (student_id, session_id, status) VALUES (63, 23, 'Late');
INSERT INTO attendance (student_id, session_id, status) VALUES (64, 23, 'Late');
INSERT INTO attendance (student_id, session_id, status) VALUES (65, 23, 'Present');
INSERT INTO attendance (student_id, session_id, status) VALUES (66, 23, 'Present');
INSERT INTO class_sessions (id, class_id, subject_id, session_date, teacher_id, room_id) VALUES (24, 2, 4, '2025-02-21 18:31:49', 5, 3);
INSERT INTO attendance (student_id, session_id, status) VALUES (37, 24, 'Present');
INSERT INTO attendance (student_id, session_id, status) VALUES (38, 24, 'Absent');
INSERT INTO attendance (student_id, session_id, status) VALUES (39, 24, 'Late');
INSERT INTO attendance (student_id, session_id, status) VALUES (40, 24, 'Present');
INSERT INTO attendance (student_id, session_id, status) VALUES (41, 24, 'Late');
INSERT INTO attendance (student_id, session_id, status) VALUES (42, 24, 'Present');
INSERT INTO attendance (student_id, session_id, status) VALUES (43, 24, 'Present');
INSERT INTO attendance (student_id, session_id, status) VALUES (44, 24, 'Late');
INSERT INTO attendance (student_id, session_id, status) VALUES (45, 24, 'Late');
INSERT INTO attendance (student_id, session_id, status) VALUES (46, 24, 'Present');
INSERT INTO attendance (student_id, session_id, status) VALUES (47, 24, 'Absent');
INSERT INTO attendance (student_id, session_id, status) VALUES (48, 24, 'Present');
INSERT INTO attendance (student_id, session_id, status) VALUES (49, 24, 'Late');
INSERT INTO attendance (student_id, session_id, status) VALUES (50, 24, 'Absent');
INSERT INTO attendance (student_id, session_id, status) VALUES (51, 24, 'Absent');
INSERT INTO attendance (student_id, session_id, status) VALUES (52, 24, 'Present');
INSERT INTO attendance (student_id, session_id, status) VALUES (53, 24, 'Late');
INSERT INTO attendance (student_id, session_id, status) VALUES (54, 24, 'Late');
INSERT INTO attendance (student_id, session_id, status) VALUES (55, 24, 'Absent');
INSERT INTO attendance (student_id, session_id, status) VALUES (56, 24, 'Absent');
INSERT INTO attendance (student_id, session_id, status) VALUES (57, 24, 'Present');
INSERT INTO attendance (student_id, session_id, status) VALUES (58, 24, 'Present');
INSERT INTO attendance (student_id, session_id, status) VALUES (59, 24, 'Absent');
INSERT INTO attendance (student_id, session_id, status) VALUES (60, 24, 'Absent');
INSERT INTO attendance (student_id, session_id, status) VALUES (61, 24, 'Present');
INSERT INTO attendance (student_id, session_id, status) VALUES (62, 24, 'Present');
INSERT INTO attendance (student_id, session_id, status) VALUES (63, 24, 'Late');
INSERT INTO attendance (student_id, session_id, status) VALUES (64, 24, 'Late');
INSERT INTO attendance (student_id, session_id, status) VALUES (65, 24, 'Absent');
INSERT INTO attendance (student_id, session_id, status) VALUES (66, 24, 'Absent');
INSERT INTO class_sessions (id, class_id, subject_id, session_date, teacher_id, room_id) VALUES (25, 3, 1, '2025-02-10 11:12:04', 8, 5);
INSERT INTO attendance (student_id, session_id, status) VALUES (67, 25, 'Late');
INSERT INTO attendance (student_id, session_id, status) VALUES (68, 25, 'Late');
INSERT INTO attendance (student_id, session_id, status) VALUES (69, 25, 'Late');
INSERT INTO attendance (student_id, session_id, status) VALUES (70, 25, 'Late');
INSERT INTO attendance (student_id, session_id, status) VALUES (71, 25, 'Late');
INSERT INTO attendance (student_id, session_id, status) VALUES (72, 25, 'Absent');
INSERT INTO attendance (student_id, session_id, status) VALUES (73, 25, 'Late');
INSERT INTO attendance (student_id, session_id, status) VALUES (74, 25, 'Absent');
INSERT INTO attendance (student_id, session_id, status) VALUES (75, 25, 'Absent');
INSERT INTO attendance (student_id, session_id, status) VALUES (76, 25, 'Late');
INSERT INTO attendance (student_id, session_id, status) VALUES (77, 25, 'Late');
INSERT INTO attendance (student_id, session_id, status) VALUES (78, 25, 'Absent');
INSERT INTO attendance (student_id, session_id, status) VALUES (79, 25, 'Late');
INSERT INTO attendance (student_id, session_id, status) VALUES (80, 25, 'Present');
INSERT INTO attendance (student_id, session_id, status) VALUES (81, 25, 'Absent');
INSERT INTO attendance (student_id, session_id, status) VALUES (82, 25, 'Late');
INSERT INTO attendance (student_id, session_id, status) VALUES (83, 25, 'Absent');
INSERT INTO attendance (student_id, session_id, status) VALUES (84, 25, 'Present');
INSERT INTO attendance (student_id, session_id, status) VALUES (85, 25, 'Late');
INSERT INTO attendance (student_id, session_id, status) VALUES (86, 25, 'Absent');
INSERT INTO attendance (student_id, session_id, status) VALUES (87, 25, 'Absent');
INSERT INTO attendance (student_id, session_id, status) VALUES (88, 25, 'Absent');
INSERT INTO attendance (student_id, session_id, status) VALUES (89, 25, 'Late');
INSERT INTO attendance (student_id, session_id, status) VALUES (90, 25, 'Absent');
INSERT INTO attendance (student_id, session_id, status) VALUES (91, 25, 'Present');
INSERT INTO attendance (student_id, session_id, status) VALUES (92, 25, 'Late');
INSERT INTO attendance (student_id, session_id, status) VALUES (93, 25, 'Present');
INSERT INTO attendance (student_id, session_id, status) VALUES (94, 25, 'Late');
INSERT INTO attendance (student_id, session_id, status) VALUES (95, 25, 'Present');
INSERT INTO attendance (student_id, session_id, status) VALUES (96, 25, 'Present');
INSERT INTO attendance (student_id, session_id, status) VALUES (97, 25, 'Absent');
INSERT INTO attendance (student_id, session_id, status) VALUES (98, 25, 'Late');
INSERT INTO attendance (student_id, session_id, status) VALUES (99, 25, 'Late');
INSERT INTO attendance (student_id, session_id, status) VALUES (100, 25, 'Late');
INSERT INTO attendance (student_id, session_id, status) VALUES (101, 25, 'Late');
INSERT INTO class_sessions (id, class_id, subject_id, session_date, teacher_id, room_id) VALUES (26, 3, 1, '2025-01-12 22:25:27', 8, 5);
INSERT INTO attendance (student_id, session_id, status) VALUES (67, 26, 'Late');
INSERT INTO attendance (student_id, session_id, status) VALUES (68, 26, 'Present');
INSERT INTO attendance (student_id, session_id, status) VALUES (69, 26, 'Late');
INSERT INTO attendance (student_id, session_id, status) VALUES (70, 26, 'Late');
INSERT INTO attendance (student_id, session_id, status) VALUES (71, 26, 'Absent');
INSERT INTO attendance (student_id, session_id, status) VALUES (72, 26, 'Absent');
INSERT INTO attendance (student_id, session_id, status) VALUES (73, 26, 'Late');
INSERT INTO attendance (student_id, session_id, status) VALUES (74, 26, 'Late');
INSERT INTO attendance (student_id, session_id, status) VALUES (75, 26, 'Present');
INSERT INTO attendance (student_id, session_id, status) VALUES (76, 26, 'Present');
INSERT INTO attendance (student_id, session_id, status) VALUES (77, 26, 'Absent');
INSERT INTO attendance (student_id, session_id, status) VALUES (78, 26, 'Present');
INSERT INTO attendance (student_id, session_id, status) VALUES (79, 26, 'Late');
INSERT INTO attendance (student_id, session_id, status) VALUES (80, 26, 'Present');
INSERT INTO attendance (student_id, session_id, status) VALUES (81, 26, 'Present');
INSERT INTO attendance (student_id, session_id, status) VALUES (82, 26, 'Present');
INSERT INTO attendance (student_id, session_id, status) VALUES (83, 26, 'Late');
INSERT INTO attendance (student_id, session_id, status) VALUES (84, 26, 'Late');
INSERT INTO attendance (student_id, session_id, status) VALUES (85, 26, 'Absent');
INSERT INTO attendance (student_id, session_id, status) VALUES (86, 26, 'Absent');
INSERT INTO attendance (student_id, session_id, status) VALUES (87, 26, 'Late');
INSERT INTO attendance (student_id, session_id, status) VALUES (88, 26, 'Late');
INSERT INTO attendance (student_id, session_id, status) VALUES (89, 26, 'Late');
INSERT INTO attendance (student_id, session_id, status) VALUES (90, 26, 'Late');
INSERT INTO attendance (student_id, session_id, status) VALUES (91, 26, 'Present');
INSERT INTO attendance (student_id, session_id, status) VALUES (92, 26, 'Present');
INSERT INTO attendance (student_id, session_id, status) VALUES (93, 26, 'Late');
INSERT INTO attendance (student_id, session_id, status) VALUES (94, 26, 'Late');
INSERT INTO attendance (student_id, session_id, status) VALUES (95, 26, 'Present');
INSERT INTO attendance (student_id, session_id, status) VALUES (96, 26, 'Present');
INSERT INTO attendance (student_id, session_id, status) VALUES (97, 26, 'Late');
INSERT INTO attendance (student_id, session_id, status) VALUES (98, 26, 'Late');
INSERT INTO attendance (student_id, session_id, status) VALUES (99, 26, 'Absent');
INSERT INTO attendance (student_id, session_id, status) VALUES (100, 26, 'Absent');
INSERT INTO attendance (student_id, session_id, status) VALUES (101, 26, 'Late');
INSERT INTO class_sessions (id, class_id, subject_id, session_date, teacher_id, room_id) VALUES (27, 3, 1, '2025-02-22 15:53:01', 8, 5);
INSERT INTO attendance (student_id, session_id, status) VALUES (67, 27, 'Late');
INSERT INTO attendance (student_id, session_id, status) VALUES (68, 27, 'Present');
INSERT INTO attendance (student_id, session_id, status) VALUES (69, 27, 'Late');
INSERT INTO attendance (student_id, session_id, status) VALUES (70, 27, 'Late');
INSERT INTO attendance (student_id, session_id, status) VALUES (71, 27, 'Present');
INSERT INTO attendance (student_id, session_id, status) VALUES (72, 27, 'Late');
INSERT INTO attendance (student_id, session_id, status) VALUES (73, 27, 'Late');
INSERT INTO attendance (student_id, session_id, status) VALUES (74, 27, 'Late');
INSERT INTO attendance (student_id, session_id, status) VALUES (75, 27, 'Absent');
INSERT INTO attendance (student_id, session_id, status) VALUES (76, 27, 'Late');
INSERT INTO attendance (student_id, session_id, status) VALUES (77, 27, 'Present');
INSERT INTO attendance (student_id, session_id, status) VALUES (78, 27, 'Present');
INSERT INTO attendance (student_id, session_id, status) VALUES (79, 27, 'Late');
INSERT INTO attendance (student_id, session_id, status) VALUES (80, 27, 'Absent');
INSERT INTO attendance (student_id, session_id, status) VALUES (81, 27, 'Late');
INSERT INTO attendance (student_id, session_id, status) VALUES (82, 27, 'Late');
INSERT INTO attendance (student_id, session_id, status) VALUES (83, 27, 'Late');
INSERT INTO attendance (student_id, session_id, status) VALUES (84, 27, 'Absent');
INSERT INTO attendance (student_id, session_id, status) VALUES (85, 27, 'Late');
INSERT INTO attendance (student_id, session_id, status) VALUES (86, 27, 'Present');
INSERT INTO attendance (student_id, session_id, status) VALUES (87, 27, 'Late');
INSERT INTO attendance (student_id, session_id, status) VALUES (88, 27, 'Present');
INSERT INTO attendance (student_id, session_id, status) VALUES (89, 27, 'Late');
INSERT INTO attendance (student_id, session_id, status) VALUES (90, 27, 'Present');
INSERT INTO attendance (student_id, session_id, status) VALUES (91, 27, 'Late');
INSERT INTO attendance (student_id, session_id, status) VALUES (92, 27, 'Present');
INSERT INTO attendance (student_id, session_id, status) VALUES (93, 27, 'Absent');
INSERT INTO attendance (student_id, session_id, status) VALUES (94, 27, 'Late');
INSERT INTO attendance (student_id, session_id, status) VALUES (95, 27, 'Absent');
INSERT INTO attendance (student_id, session_id, status) VALUES (96, 27, 'Absent');
INSERT INTO attendance (student_id, session_id, status) VALUES (97, 27, 'Absent');
INSERT INTO attendance (student_id, session_id, status) VALUES (98, 27, 'Present');
INSERT INTO attendance (student_id, session_id, status) VALUES (99, 27, 'Absent');
INSERT INTO attendance (student_id, session_id, status) VALUES (100, 27, 'Present');
INSERT INTO attendance (student_id, session_id, status) VALUES (101, 27, 'Late');
INSERT INTO class_sessions (id, class_id, subject_id, session_date, teacher_id, room_id) VALUES (28, 3, 2, '2025-02-08 14:43:59', 2, 2);
INSERT INTO attendance (student_id, session_id, status) VALUES (67, 28, 'Late');
INSERT INTO attendance (student_id, session_id, status) VALUES (68, 28, 'Late');
INSERT INTO attendance (student_id, session_id, status) VALUES (69, 28, 'Late');
INSERT INTO attendance (student_id, session_id, status) VALUES (70, 28, 'Late');
INSERT INTO attendance (student_id, session_id, status) VALUES (71, 28, 'Absent');
INSERT INTO attendance (student_id, session_id, status) VALUES (72, 28, 'Present');
INSERT INTO attendance (student_id, session_id, status) VALUES (73, 28, 'Absent');
INSERT INTO attendance (student_id, session_id, status) VALUES (74, 28, 'Absent');
INSERT INTO attendance (student_id, session_id, status) VALUES (75, 28, 'Present');
INSERT INTO attendance (student_id, session_id, status) VALUES (76, 28, 'Absent');
INSERT INTO attendance (student_id, session_id, status) VALUES (77, 28, 'Present');
INSERT INTO attendance (student_id, session_id, status) VALUES (78, 28, 'Late');
INSERT INTO attendance (student_id, session_id, status) VALUES (79, 28, 'Late');
INSERT INTO attendance (student_id, session_id, status) VALUES (80, 28, 'Present');
INSERT INTO attendance (student_id, session_id, status) VALUES (81, 28, 'Late');
INSERT INTO attendance (student_id, session_id, status) VALUES (82, 28, 'Late');
INSERT INTO attendance (student_id, session_id, status) VALUES (83, 28, 'Late');
INSERT INTO attendance (student_id, session_id, status) VALUES (84, 28, 'Present');
INSERT INTO attendance (student_id, session_id, status) VALUES (85, 28, 'Late');
INSERT INTO attendance (student_id, session_id, status) VALUES (86, 28, 'Absent');
INSERT INTO attendance (student_id, session_id, status) VALUES (87, 28, 'Late');
INSERT INTO attendance (student_id, session_id, status) VALUES (88, 28, 'Absent');
INSERT INTO attendance (student_id, session_id, status) VALUES (89, 28, 'Present');
INSERT INTO attendance (student_id, session_id, status) VALUES (90, 28, 'Absent');
INSERT INTO attendance (student_id, session_id, status) VALUES (91, 28, 'Present');
INSERT INTO attendance (student_id, session_id, status) VALUES (92, 28, 'Late');
INSERT INTO attendance (student_id, session_id, status) VALUES (93, 28, 'Present');
INSERT INTO attendance (student_id, session_id, status) VALUES (94, 28, 'Late');
INSERT INTO attendance (student_id, session_id, status) VALUES (95, 28, 'Present');
INSERT INTO attendance (student_id, session_id, status) VALUES (96, 28, 'Absent');
INSERT INTO attendance (student_id, session_id, status) VALUES (97, 28, 'Present');
INSERT INTO attendance (student_id, session_id, status) VALUES (98, 28, 'Late');
INSERT INTO attendance (student_id, session_id, status) VALUES (99, 28, 'Present');
INSERT INTO attendance (student_id, session_id, status) VALUES (100, 28, 'Present');
INSERT INTO attendance (student_id, session_id, status) VALUES (101, 28, 'Absent');
INSERT INTO class_sessions (id, class_id, subject_id, session_date, teacher_id, room_id) VALUES (29, 3, 2, '2025-02-19 16:45:28', 2, 2);
INSERT INTO attendance (student_id, session_id, status) VALUES (67, 29, 'Absent');
INSERT INTO attendance (student_id, session_id, status) VALUES (68, 29, 'Late');
INSERT INTO attendance (student_id, session_id, status) VALUES (69, 29, 'Absent');
INSERT INTO attendance (student_id, session_id, status) VALUES (70, 29, 'Absent');
INSERT INTO attendance (student_id, session_id, status) VALUES (71, 29, 'Absent');
INSERT INTO attendance (student_id, session_id, status) VALUES (72, 29, 'Late');
INSERT INTO attendance (student_id, session_id, status) VALUES (73, 29, 'Present');
INSERT INTO attendance (student_id, session_id, status) VALUES (74, 29, 'Present');
INSERT INTO attendance (student_id, session_id, status) VALUES (75, 29, 'Present');
INSERT INTO attendance (student_id, session_id, status) VALUES (76, 29, 'Present');
INSERT INTO attendance (student_id, session_id, status) VALUES (77, 29, 'Present');
INSERT INTO attendance (student_id, session_id, status) VALUES (78, 29, 'Absent');
INSERT INTO attendance (student_id, session_id, status) VALUES (79, 29, 'Late');
INSERT INTO attendance (student_id, session_id, status) VALUES (80, 29, 'Present');
INSERT INTO attendance (student_id, session_id, status) VALUES (81, 29, 'Present');
INSERT INTO attendance (student_id, session_id, status) VALUES (82, 29, 'Absent');
INSERT INTO attendance (student_id, session_id, status) VALUES (83, 29, 'Late');
INSERT INTO attendance (student_id, session_id, status) VALUES (84, 29, 'Present');
INSERT INTO attendance (student_id, session_id, status) VALUES (85, 29, 'Absent');
INSERT INTO attendance (student_id, session_id, status) VALUES (86, 29, 'Present');
INSERT INTO attendance (student_id, session_id, status) VALUES (87, 29, 'Absent');
INSERT INTO attendance (student_id, session_id, status) VALUES (88, 29, 'Absent');
INSERT INTO attendance (student_id, session_id, status) VALUES (89, 29, 'Absent');
INSERT INTO attendance (student_id, session_id, status) VALUES (90, 29, 'Absent');
INSERT INTO attendance (student_id, session_id, status) VALUES (91, 29, 'Absent');
INSERT INTO attendance (student_id, session_id, status) VALUES (92, 29, 'Late');
INSERT INTO attendance (student_id, session_id, status) VALUES (93, 29, 'Late');
INSERT INTO attendance (student_id, session_id, status) VALUES (94, 29, 'Late');
INSERT INTO attendance (student_id, session_id, status) VALUES (95, 29, 'Present');
INSERT INTO attendance (student_id, session_id, status) VALUES (96, 29, 'Present');
INSERT INTO attendance (student_id, session_id, status) VALUES (97, 29, 'Absent');
INSERT INTO attendance (student_id, session_id, status) VALUES (98, 29, 'Absent');
INSERT INTO attendance (student_id, session_id, status) VALUES (99, 29, 'Absent');
INSERT INTO attendance (student_id, session_id, status) VALUES (100, 29, 'Late');
INSERT INTO attendance (student_id, session_id, status) VALUES (101, 29, 'Absent');
INSERT INTO class_sessions (id, class_id, subject_id, session_date, teacher_id, room_id) VALUES (30, 3, 2, '2025-02-18 07:47:01', 2, 2);
INSERT INTO attendance (student_id, session_id, status) VALUES (67, 30, 'Absent');
INSERT INTO attendance (student_id, session_id, status) VALUES (68, 30, 'Absent');
INSERT INTO attendance (student_id, session_id, status) VALUES (69, 30, 'Late');
INSERT INTO attendance (student_id, session_id, status) VALUES (70, 30, 'Late');
INSERT INTO attendance (student_id, session_id, status) VALUES (71, 30, 'Present');
INSERT INTO attendance (student_id, session_id, status) VALUES (72, 30, 'Present');
INSERT INTO attendance (student_id, session_id, status) VALUES (73, 30, 'Present');
INSERT INTO attendance (student_id, session_id, status) VALUES (74, 30, 'Present');
INSERT INTO attendance (student_id, session_id, status) VALUES (75, 30, 'Present');
INSERT INTO attendance (student_id, session_id, status) VALUES (76, 30, 'Late');
INSERT INTO attendance (student_id, session_id, status) VALUES (77, 30, 'Present');
INSERT INTO attendance (student_id, session_id, status) VALUES (78, 30, 'Present');
INSERT INTO attendance (student_id, session_id, status) VALUES (79, 30, 'Late');
INSERT INTO attendance (student_id, session_id, status) VALUES (80, 30, 'Late');
INSERT INTO attendance (student_id, session_id, status) VALUES (81, 30, 'Late');
INSERT INTO attendance (student_id, session_id, status) VALUES (82, 30, 'Absent');
INSERT INTO attendance (student_id, session_id, status) VALUES (83, 30, 'Present');
INSERT INTO attendance (student_id, session_id, status) VALUES (84, 30, 'Absent');
INSERT INTO attendance (student_id, session_id, status) VALUES (85, 30, 'Late');
INSERT INTO attendance (student_id, session_id, status) VALUES (86, 30, 'Present');
INSERT INTO attendance (student_id, session_id, status) VALUES (87, 30, 'Present');
INSERT INTO attendance (student_id, session_id, status) VALUES (88, 30, 'Late');
INSERT INTO attendance (student_id, session_id, status) VALUES (89, 30, 'Present');
INSERT INTO attendance (student_id, session_id, status) VALUES (90, 30, 'Late');
INSERT INTO attendance (student_id, session_id, status) VALUES (91, 30, 'Absent');
INSERT INTO attendance (student_id, session_id, status) VALUES (92, 30, 'Present');
INSERT INTO attendance (student_id, session_id, status) VALUES (93, 30, 'Present');
INSERT INTO attendance (student_id, session_id, status) VALUES (94, 30, 'Late');
INSERT INTO attendance (student_id, session_id, status) VALUES (95, 30, 'Present');
INSERT INTO attendance (student_id, session_id, status) VALUES (96, 30, 'Present');
INSERT INTO attendance (student_id, session_id, status) VALUES (97, 30, 'Late');
INSERT INTO attendance (student_id, session_id, status) VALUES (98, 30, 'Late');
INSERT INTO attendance (student_id, session_id, status) VALUES (99, 30, 'Late');
INSERT INTO attendance (student_id, session_id, status) VALUES (100, 30, 'Late');
INSERT INTO attendance (student_id, session_id, status) VALUES (101, 30, 'Present');
INSERT INTO class_sessions (id, class_id, subject_id, session_date, teacher_id, room_id) VALUES (31, 3, 3, '2025-02-02 18:24:10', 6, 3);
INSERT INTO attendance (student_id, session_id, status) VALUES (67, 31, 'Absent');
INSERT INTO attendance (student_id, session_id, status) VALUES (68, 31, 'Absent');
INSERT INTO attendance (student_id, session_id, status) VALUES (69, 31, 'Late');
INSERT INTO attendance (student_id, session_id, status) VALUES (70, 31, 'Late');
INSERT INTO attendance (student_id, session_id, status) VALUES (71, 31, 'Absent');
INSERT INTO attendance (student_id, session_id, status) VALUES (72, 31, 'Absent');
INSERT INTO attendance (student_id, session_id, status) VALUES (73, 31, 'Absent');
INSERT INTO attendance (student_id, session_id, status) VALUES (74, 31, 'Present');
INSERT INTO attendance (student_id, session_id, status) VALUES (75, 31, 'Absent');
INSERT INTO attendance (student_id, session_id, status) VALUES (76, 31, 'Late');
INSERT INTO attendance (student_id, session_id, status) VALUES (77, 31, 'Late');
INSERT INTO attendance (student_id, session_id, status) VALUES (78, 31, 'Present');
INSERT INTO attendance (student_id, session_id, status) VALUES (79, 31, 'Late');
INSERT INTO attendance (student_id, session_id, status) VALUES (80, 31, 'Absent');
INSERT INTO attendance (student_id, session_id, status) VALUES (81, 31, 'Absent');
INSERT INTO attendance (student_id, session_id, status) VALUES (82, 31, 'Absent');
INSERT INTO attendance (student_id, session_id, status) VALUES (83, 31, 'Present');
INSERT INTO attendance (student_id, session_id, status) VALUES (84, 31, 'Present');
INSERT INTO attendance (student_id, session_id, status) VALUES (85, 31, 'Absent');
INSERT INTO attendance (student_id, session_id, status) VALUES (86, 31, 'Absent');
INSERT INTO attendance (student_id, session_id, status) VALUES (87, 31, 'Present');
INSERT INTO attendance (student_id, session_id, status) VALUES (88, 31, 'Absent');
INSERT INTO attendance (student_id, session_id, status) VALUES (89, 31, 'Present');
INSERT INTO attendance (student_id, session_id, status) VALUES (90, 31, 'Absent');
INSERT INTO attendance (student_id, session_id, status) VALUES (91, 31, 'Present');
INSERT INTO attendance (student_id, session_id, status) VALUES (92, 31, 'Present');
INSERT INTO attendance (student_id, session_id, status) VALUES (93, 31, 'Late');
INSERT INTO attendance (student_id, session_id, status) VALUES (94, 31, 'Absent');
INSERT INTO attendance (student_id, session_id, status) VALUES (95, 31, 'Present');
INSERT INTO attendance (student_id, session_id, status) VALUES (96, 31, 'Late');
INSERT INTO attendance (student_id, session_id, status) VALUES (97, 31, 'Present');
INSERT INTO attendance (student_id, session_id, status) VALUES (98, 31, 'Absent');
INSERT INTO attendance (student_id, session_id, status) VALUES (99, 31, 'Absent');
INSERT INTO attendance (student_id, session_id, status) VALUES (100, 31, 'Present');
INSERT INTO attendance (student_id, session_id, status) VALUES (101, 31, 'Absent');
INSERT INTO class_sessions (id, class_id, subject_id, session_date, teacher_id, room_id) VALUES (32, 3, 3, '2025-01-09 23:26:09', 6, 3);
INSERT INTO attendance (student_id, session_id, status) VALUES (67, 32, 'Absent');
INSERT INTO attendance (student_id, session_id, status) VALUES (68, 32, 'Late');
INSERT INTO attendance (student_id, session_id, status) VALUES (69, 32, 'Late');
INSERT INTO attendance (student_id, session_id, status) VALUES (70, 32, 'Late');
INSERT INTO attendance (student_id, session_id, status) VALUES (71, 32, 'Absent');
INSERT INTO attendance (student_id, session_id, status) VALUES (72, 32, 'Late');
INSERT INTO attendance (student_id, session_id, status) VALUES (73, 32, 'Absent');
INSERT INTO attendance (student_id, session_id, status) VALUES (74, 32, 'Late');
INSERT INTO attendance (student_id, session_id, status) VALUES (75, 32, 'Present');
INSERT INTO attendance (student_id, session_id, status) VALUES (76, 32, 'Absent');
INSERT INTO attendance (student_id, session_id, status) VALUES (77, 32, 'Absent');
INSERT INTO attendance (student_id, session_id, status) VALUES (78, 32, 'Present');
INSERT INTO attendance (student_id, session_id, status) VALUES (79, 32, 'Present');
INSERT INTO attendance (student_id, session_id, status) VALUES (80, 32, 'Absent');
INSERT INTO attendance (student_id, session_id, status) VALUES (81, 32, 'Late');
INSERT INTO attendance (student_id, session_id, status) VALUES (82, 32, 'Present');
INSERT INTO attendance (student_id, session_id, status) VALUES (83, 32, 'Absent');
INSERT INTO attendance (student_id, session_id, status) VALUES (84, 32, 'Absent');
INSERT INTO attendance (student_id, session_id, status) VALUES (85, 32, 'Late');
INSERT INTO attendance (student_id, session_id, status) VALUES (86, 32, 'Absent');
INSERT INTO attendance (student_id, session_id, status) VALUES (87, 32, 'Absent');
INSERT INTO attendance (student_id, session_id, status) VALUES (88, 32, 'Present');
INSERT INTO attendance (student_id, session_id, status) VALUES (89, 32, 'Absent');
INSERT INTO attendance (student_id, session_id, status) VALUES (90, 32, 'Present');
INSERT INTO attendance (student_id, session_id, status) VALUES (91, 32, 'Present');
INSERT INTO attendance (student_id, session_id, status) VALUES (92, 32, 'Absent');
INSERT INTO attendance (student_id, session_id, status) VALUES (93, 32, 'Present');
INSERT INTO attendance (student_id, session_id, status) VALUES (94, 32, 'Absent');
INSERT INTO attendance (student_id, session_id, status) VALUES (95, 32, 'Present');
INSERT INTO attendance (student_id, session_id, status) VALUES (96, 32, 'Late');
INSERT INTO attendance (student_id, session_id, status) VALUES (97, 32, 'Absent');
INSERT INTO attendance (student_id, session_id, status) VALUES (98, 32, 'Present');
INSERT INTO attendance (student_id, session_id, status) VALUES (99, 32, 'Absent');
INSERT INTO attendance (student_id, session_id, status) VALUES (100, 32, 'Late');
INSERT INTO attendance (student_id, session_id, status) VALUES (101, 32, 'Late');
INSERT INTO class_sessions (id, class_id, subject_id, session_date, teacher_id, room_id) VALUES (33, 3, 3, '2025-01-27 07:08:52', 6, 3);
INSERT INTO attendance (student_id, session_id, status) VALUES (67, 33, 'Present');
INSERT INTO attendance (student_id, session_id, status) VALUES (68, 33, 'Present');
INSERT INTO attendance (student_id, session_id, status) VALUES (69, 33, 'Present');
INSERT INTO attendance (student_id, session_id, status) VALUES (70, 33, 'Present');
INSERT INTO attendance (student_id, session_id, status) VALUES (71, 33, 'Present');
INSERT INTO attendance (student_id, session_id, status) VALUES (72, 33, 'Late');
INSERT INTO attendance (student_id, session_id, status) VALUES (73, 33, 'Absent');
INSERT INTO attendance (student_id, session_id, status) VALUES (74, 33, 'Present');
INSERT INTO attendance (student_id, session_id, status) VALUES (75, 33, 'Late');
INSERT INTO attendance (student_id, session_id, status) VALUES (76, 33, 'Absent');
INSERT INTO attendance (student_id, session_id, status) VALUES (77, 33, 'Late');
INSERT INTO attendance (student_id, session_id, status) VALUES (78, 33, 'Late');
INSERT INTO attendance (student_id, session_id, status) VALUES (79, 33, 'Present');
INSERT INTO attendance (student_id, session_id, status) VALUES (80, 33, 'Present');
INSERT INTO attendance (student_id, session_id, status) VALUES (81, 33, 'Present');
INSERT INTO attendance (student_id, session_id, status) VALUES (82, 33, 'Late');
INSERT INTO attendance (student_id, session_id, status) VALUES (83, 33, 'Present');
INSERT INTO attendance (student_id, session_id, status) VALUES (84, 33, 'Late');
INSERT INTO attendance (student_id, session_id, status) VALUES (85, 33, 'Present');
INSERT INTO attendance (student_id, session_id, status) VALUES (86, 33, 'Absent');
INSERT INTO attendance (student_id, session_id, status) VALUES (87, 33, 'Present');
INSERT INTO attendance (student_id, session_id, status) VALUES (88, 33, 'Present');
INSERT INTO attendance (student_id, session_id, status) VALUES (89, 33, 'Present');
INSERT INTO attendance (student_id, session_id, status) VALUES (90, 33, 'Present');
INSERT INTO attendance (student_id, session_id, status) VALUES (91, 33, 'Absent');
INSERT INTO attendance (student_id, session_id, status) VALUES (92, 33, 'Present');
INSERT INTO attendance (student_id, session_id, status) VALUES (93, 33, 'Absent');
INSERT INTO attendance (student_id, session_id, status) VALUES (94, 33, 'Absent');
INSERT INTO attendance (student_id, session_id, status) VALUES (95, 33, 'Absent');
INSERT INTO attendance (student_id, session_id, status) VALUES (96, 33, 'Absent');
INSERT INTO attendance (student_id, session_id, status) VALUES (97, 33, 'Late');
INSERT INTO attendance (student_id, session_id, status) VALUES (98, 33, 'Absent');
INSERT INTO attendance (student_id, session_id, status) VALUES (99, 33, 'Present');
INSERT INTO attendance (student_id, session_id, status) VALUES (100, 33, 'Present');
INSERT INTO attendance (student_id, session_id, status) VALUES (101, 33, 'Present');
INSERT INTO class_sessions (id, class_id, subject_id, session_date, teacher_id, room_id) VALUES (34, 3, 4, '2025-02-03 01:22:18', 4, 2);
INSERT INTO attendance (student_id, session_id, status) VALUES (67, 34, 'Present');
INSERT INTO attendance (student_id, session_id, status) VALUES (68, 34, 'Present');
INSERT INTO attendance (student_id, session_id, status) VALUES (69, 34, 'Present');
INSERT INTO attendance (student_id, session_id, status) VALUES (70, 34, 'Present');
INSERT INTO attendance (student_id, session_id, status) VALUES (71, 34, 'Absent');
INSERT INTO attendance (student_id, session_id, status) VALUES (72, 34, 'Late');
INSERT INTO attendance (student_id, session_id, status) VALUES (73, 34, 'Present');
INSERT INTO attendance (student_id, session_id, status) VALUES (74, 34, 'Present');
INSERT INTO attendance (student_id, session_id, status) VALUES (75, 34, 'Absent');
INSERT INTO attendance (student_id, session_id, status) VALUES (76, 34, 'Late');
INSERT INTO attendance (student_id, session_id, status) VALUES (77, 34, 'Late');
INSERT INTO attendance (student_id, session_id, status) VALUES (78, 34, 'Absent');
INSERT INTO attendance (student_id, session_id, status) VALUES (79, 34, 'Present');
INSERT INTO attendance (student_id, session_id, status) VALUES (80, 34, 'Late');
INSERT INTO attendance (student_id, session_id, status) VALUES (81, 34, 'Late');
INSERT INTO attendance (student_id, session_id, status) VALUES (82, 34, 'Late');
INSERT INTO attendance (student_id, session_id, status) VALUES (83, 34, 'Late');
INSERT INTO attendance (student_id, session_id, status) VALUES (84, 34, 'Late');
INSERT INTO attendance (student_id, session_id, status) VALUES (85, 34, 'Absent');
INSERT INTO attendance (student_id, session_id, status) VALUES (86, 34, 'Present');
INSERT INTO attendance (student_id, session_id, status) VALUES (87, 34, 'Absent');
INSERT INTO attendance (student_id, session_id, status) VALUES (88, 34, 'Late');
INSERT INTO attendance (student_id, session_id, status) VALUES (89, 34, 'Absent');
INSERT INTO attendance (student_id, session_id, status) VALUES (90, 34, 'Absent');
INSERT INTO attendance (student_id, session_id, status) VALUES (91, 34, 'Absent');
INSERT INTO attendance (student_id, session_id, status) VALUES (92, 34, 'Absent');
INSERT INTO attendance (student_id, session_id, status) VALUES (93, 34, 'Present');
INSERT INTO attendance (student_id, session_id, status) VALUES (94, 34, 'Present');
INSERT INTO attendance (student_id, session_id, status) VALUES (95, 34, 'Present');
INSERT INTO attendance (student_id, session_id, status) VALUES (96, 34, 'Late');
INSERT INTO attendance (student_id, session_id, status) VALUES (97, 34, 'Present');
INSERT INTO attendance (student_id, session_id, status) VALUES (98, 34, 'Absent');
INSERT INTO attendance (student_id, session_id, status) VALUES (99, 34, 'Late');
INSERT INTO attendance (student_id, session_id, status) VALUES (100, 34, 'Present');
INSERT INTO attendance (student_id, session_id, status) VALUES (101, 34, 'Absent');
INSERT INTO class_sessions (id, class_id, subject_id, session_date, teacher_id, room_id) VALUES (35, 3, 4, '2025-02-16 14:07:48', 4, 2);
INSERT INTO attendance (student_id, session_id, status) VALUES (67, 35, 'Late');
INSERT INTO attendance (student_id, session_id, status) VALUES (68, 35, 'Absent');
INSERT INTO attendance (student_id, session_id, status) VALUES (69, 35, 'Present');
INSERT INTO attendance (student_id, session_id, status) VALUES (70, 35, 'Late');
INSERT INTO attendance (student_id, session_id, status) VALUES (71, 35, 'Present');
INSERT INTO attendance (student_id, session_id, status) VALUES (72, 35, 'Late');
INSERT INTO attendance (student_id, session_id, status) VALUES (73, 35, 'Present');
INSERT INTO attendance (student_id, session_id, status) VALUES (74, 35, 'Absent');
INSERT INTO attendance (student_id, session_id, status) VALUES (75, 35, 'Late');
INSERT INTO attendance (student_id, session_id, status) VALUES (76, 35, 'Absent');
INSERT INTO attendance (student_id, session_id, status) VALUES (77, 35, 'Late');
INSERT INTO attendance (student_id, session_id, status) VALUES (78, 35, 'Present');
INSERT INTO attendance (student_id, session_id, status) VALUES (79, 35, 'Late');
INSERT INTO attendance (student_id, session_id, status) VALUES (80, 35, 'Late');
INSERT INTO attendance (student_id, session_id, status) VALUES (81, 35, 'Absent');
INSERT INTO attendance (student_id, session_id, status) VALUES (82, 35, 'Absent');
INSERT INTO attendance (student_id, session_id, status) VALUES (83, 35, 'Late');
INSERT INTO attendance (student_id, session_id, status) VALUES (84, 35, 'Absent');
INSERT INTO attendance (student_id, session_id, status) VALUES (85, 35, 'Absent');
INSERT INTO attendance (student_id, session_id, status) VALUES (86, 35, 'Absent');
INSERT INTO attendance (student_id, session_id, status) VALUES (87, 35, 'Absent');
INSERT INTO attendance (student_id, session_id, status) VALUES (88, 35, 'Absent');
INSERT INTO attendance (student_id, session_id, status) VALUES (89, 35, 'Late');
INSERT INTO attendance (student_id, session_id, status) VALUES (90, 35, 'Absent');
INSERT INTO attendance (student_id, session_id, status) VALUES (91, 35, 'Present');
INSERT INTO attendance (student_id, session_id, status) VALUES (92, 35, 'Absent');
INSERT INTO attendance (student_id, session_id, status) VALUES (93, 35, 'Present');
INSERT INTO attendance (student_id, session_id, status) VALUES (94, 35, 'Absent');
INSERT INTO attendance (student_id, session_id, status) VALUES (95, 35, 'Present');
INSERT INTO attendance (student_id, session_id, status) VALUES (96, 35, 'Present');
INSERT INTO attendance (student_id, session_id, status) VALUES (97, 35, 'Late');
INSERT INTO attendance (student_id, session_id, status) VALUES (98, 35, 'Absent');
INSERT INTO attendance (student_id, session_id, status) VALUES (99, 35, 'Late');
INSERT INTO attendance (student_id, session_id, status) VALUES (100, 35, 'Present');
INSERT INTO attendance (student_id, session_id, status) VALUES (101, 35, 'Present');
INSERT INTO class_sessions (id, class_id, subject_id, session_date, teacher_id, room_id) VALUES (36, 3, 4, '2025-01-08 05:51:40', 4, 2);
INSERT INTO attendance (student_id, session_id, status) VALUES (67, 36, 'Present');
INSERT INTO attendance (student_id, session_id, status) VALUES (68, 36, 'Absent');
INSERT INTO attendance (student_id, session_id, status) VALUES (69, 36, 'Present');
INSERT INTO attendance (student_id, session_id, status) VALUES (70, 36, 'Absent');
INSERT INTO attendance (student_id, session_id, status) VALUES (71, 36, 'Absent');
INSERT INTO attendance (student_id, session_id, status) VALUES (72, 36, 'Absent');
INSERT INTO attendance (student_id, session_id, status) VALUES (73, 36, 'Absent');
INSERT INTO attendance (student_id, session_id, status) VALUES (74, 36, 'Absent');
INSERT INTO attendance (student_id, session_id, status) VALUES (75, 36, 'Late');
INSERT INTO attendance (student_id, session_id, status) VALUES (76, 36, 'Present');
INSERT INTO attendance (student_id, session_id, status) VALUES (77, 36, 'Absent');
INSERT INTO attendance (student_id, session_id, status) VALUES (78, 36, 'Late');
INSERT INTO attendance (student_id, session_id, status) VALUES (79, 36, 'Absent');
INSERT INTO attendance (student_id, session_id, status) VALUES (80, 36, 'Late');
INSERT INTO attendance (student_id, session_id, status) VALUES (81, 36, 'Late');
INSERT INTO attendance (student_id, session_id, status) VALUES (82, 36, 'Late');
INSERT INTO attendance (student_id, session_id, status) VALUES (83, 36, 'Present');
INSERT INTO attendance (student_id, session_id, status) VALUES (84, 36, 'Absent');
INSERT INTO attendance (student_id, session_id, status) VALUES (85, 36, 'Present');
INSERT INTO attendance (student_id, session_id, status) VALUES (86, 36, 'Present');
INSERT INTO attendance (student_id, session_id, status) VALUES (87, 36, 'Late');
INSERT INTO attendance (student_id, session_id, status) VALUES (88, 36, 'Absent');
INSERT INTO attendance (student_id, session_id, status) VALUES (89, 36, 'Present');
INSERT INTO attendance (student_id, session_id, status) VALUES (90, 36, 'Present');
INSERT INTO attendance (student_id, session_id, status) VALUES (91, 36, 'Late');
INSERT INTO attendance (student_id, session_id, status) VALUES (92, 36, 'Present');
INSERT INTO attendance (student_id, session_id, status) VALUES (93, 36, 'Present');
INSERT INTO attendance (student_id, session_id, status) VALUES (94, 36, 'Absent');
INSERT INTO attendance (student_id, session_id, status) VALUES (95, 36, 'Absent');
INSERT INTO attendance (student_id, session_id, status) VALUES (96, 36, 'Present');
INSERT INTO attendance (student_id, session_id, status) VALUES (97, 36, 'Absent');
INSERT INTO attendance (student_id, session_id, status) VALUES (98, 36, 'Late');
INSERT INTO attendance (student_id, session_id, status) VALUES (99, 36, 'Present');
INSERT INTO attendance (student_id, session_id, status) VALUES (100, 36, 'Present');
INSERT INTO attendance (student_id, session_id, status) VALUES (101, 36, 'Present');
INSERT INTO class_sessions (id, class_id, subject_id, session_date, teacher_id, room_id) VALUES (37, 4, 1, '2025-02-13 08:00:52', 1, 4);
INSERT INTO attendance (student_id, session_id, status) VALUES (102, 37, 'Present');
INSERT INTO attendance (student_id, session_id, status) VALUES (103, 37, 'Late');
INSERT INTO attendance (student_id, session_id, status) VALUES (104, 37, 'Absent');
INSERT INTO attendance (student_id, session_id, status) VALUES (105, 37, 'Absent');
INSERT INTO attendance (student_id, session_id, status) VALUES (106, 37, 'Late');
INSERT INTO attendance (student_id, session_id, status) VALUES (107, 37, 'Late');
INSERT INTO attendance (student_id, session_id, status) VALUES (108, 37, 'Late');
INSERT INTO attendance (student_id, session_id, status) VALUES (109, 37, 'Present');
INSERT INTO attendance (student_id, session_id, status) VALUES (110, 37, 'Absent');
INSERT INTO attendance (student_id, session_id, status) VALUES (111, 37, 'Late');
INSERT INTO attendance (student_id, session_id, status) VALUES (112, 37, 'Present');
INSERT INTO attendance (student_id, session_id, status) VALUES (113, 37, 'Absent');
INSERT INTO attendance (student_id, session_id, status) VALUES (114, 37, 'Late');
INSERT INTO attendance (student_id, session_id, status) VALUES (115, 37, 'Late');
INSERT INTO attendance (student_id, session_id, status) VALUES (116, 37, 'Late');
INSERT INTO attendance (student_id, session_id, status) VALUES (117, 37, 'Absent');
INSERT INTO attendance (student_id, session_id, status) VALUES (118, 37, 'Absent');
INSERT INTO attendance (student_id, session_id, status) VALUES (119, 37, 'Present');
INSERT INTO attendance (student_id, session_id, status) VALUES (120, 37, 'Late');
INSERT INTO attendance (student_id, session_id, status) VALUES (121, 37, 'Absent');
INSERT INTO attendance (student_id, session_id, status) VALUES (122, 37, 'Late');
INSERT INTO attendance (student_id, session_id, status) VALUES (123, 37, 'Absent');
INSERT INTO attendance (student_id, session_id, status) VALUES (124, 37, 'Present');
INSERT INTO attendance (student_id, session_id, status) VALUES (125, 37, 'Absent');
INSERT INTO attendance (student_id, session_id, status) VALUES (126, 37, 'Late');
INSERT INTO attendance (student_id, session_id, status) VALUES (127, 37, 'Present');
INSERT INTO attendance (student_id, session_id, status) VALUES (128, 37, 'Absent');
INSERT INTO attendance (student_id, session_id, status) VALUES (129, 37, 'Present');
INSERT INTO attendance (student_id, session_id, status) VALUES (130, 37, 'Late');
INSERT INTO attendance (student_id, session_id, status) VALUES (131, 37, 'Present');
INSERT INTO class_sessions (id, class_id, subject_id, session_date, teacher_id, room_id) VALUES (38, 4, 1, '2025-03-07 11:11:26', 1, 4);
INSERT INTO attendance (student_id, session_id, status) VALUES (102, 38, 'Present');
INSERT INTO attendance (student_id, session_id, status) VALUES (103, 38, 'Late');
INSERT INTO attendance (student_id, session_id, status) VALUES (104, 38, 'Late');
INSERT INTO attendance (student_id, session_id, status) VALUES (105, 38, 'Absent');
INSERT INTO attendance (student_id, session_id, status) VALUES (106, 38, 'Absent');
INSERT INTO attendance (student_id, session_id, status) VALUES (107, 38, 'Present');
INSERT INTO attendance (student_id, session_id, status) VALUES (108, 38, 'Absent');
INSERT INTO attendance (student_id, session_id, status) VALUES (109, 38, 'Late');
INSERT INTO attendance (student_id, session_id, status) VALUES (110, 38, 'Present');
INSERT INTO attendance (student_id, session_id, status) VALUES (111, 38, 'Present');
INSERT INTO attendance (student_id, session_id, status) VALUES (112, 38, 'Present');
INSERT INTO attendance (student_id, session_id, status) VALUES (113, 38, 'Absent');
INSERT INTO attendance (student_id, session_id, status) VALUES (114, 38, 'Absent');
INSERT INTO attendance (student_id, session_id, status) VALUES (115, 38, 'Absent');
INSERT INTO attendance (student_id, session_id, status) VALUES (116, 38, 'Present');
INSERT INTO attendance (student_id, session_id, status) VALUES (117, 38, 'Absent');
INSERT INTO attendance (student_id, session_id, status) VALUES (118, 38, 'Absent');
INSERT INTO attendance (student_id, session_id, status) VALUES (119, 38, 'Absent');
INSERT INTO attendance (student_id, session_id, status) VALUES (120, 38, 'Late');
INSERT INTO attendance (student_id, session_id, status) VALUES (121, 38, 'Absent');
INSERT INTO attendance (student_id, session_id, status) VALUES (122, 38, 'Absent');
INSERT INTO attendance (student_id, session_id, status) VALUES (123, 38, 'Late');
INSERT INTO attendance (student_id, session_id, status) VALUES (124, 38, 'Late');
INSERT INTO attendance (student_id, session_id, status) VALUES (125, 38, 'Present');
INSERT INTO attendance (student_id, session_id, status) VALUES (126, 38, 'Absent');
INSERT INTO attendance (student_id, session_id, status) VALUES (127, 38, 'Late');
INSERT INTO attendance (student_id, session_id, status) VALUES (128, 38, 'Late');
INSERT INTO attendance (student_id, session_id, status) VALUES (129, 38, 'Absent');
INSERT INTO attendance (student_id, session_id, status) VALUES (130, 38, 'Late');
INSERT INTO attendance (student_id, session_id, status) VALUES (131, 38, 'Late');
INSERT INTO class_sessions (id, class_id, subject_id, session_date, teacher_id, room_id) VALUES (39, 4, 1, '2025-02-12 09:15:27', 1, 4);
INSERT INTO attendance (student_id, session_id, status) VALUES (102, 39, 'Absent');
INSERT INTO attendance (student_id, session_id, status) VALUES (103, 39, 'Late');
INSERT INTO attendance (student_id, session_id, status) VALUES (104, 39, 'Late');
INSERT INTO attendance (student_id, session_id, status) VALUES (105, 39, 'Absent');
INSERT INTO attendance (student_id, session_id, status) VALUES (106, 39, 'Late');
INSERT INTO attendance (student_id, session_id, status) VALUES (107, 39, 'Late');
INSERT INTO attendance (student_id, session_id, status) VALUES (108, 39, 'Present');
INSERT INTO attendance (student_id, session_id, status) VALUES (109, 39, 'Late');
INSERT INTO attendance (student_id, session_id, status) VALUES (110, 39, 'Absent');
INSERT INTO attendance (student_id, session_id, status) VALUES (111, 39, 'Absent');
INSERT INTO attendance (student_id, session_id, status) VALUES (112, 39, 'Present');
INSERT INTO attendance (student_id, session_id, status) VALUES (113, 39, 'Present');
INSERT INTO attendance (student_id, session_id, status) VALUES (114, 39, 'Present');
INSERT INTO attendance (student_id, session_id, status) VALUES (115, 39, 'Absent');
INSERT INTO attendance (student_id, session_id, status) VALUES (116, 39, 'Present');
INSERT INTO attendance (student_id, session_id, status) VALUES (117, 39, 'Late');
INSERT INTO attendance (student_id, session_id, status) VALUES (118, 39, 'Late');
INSERT INTO attendance (student_id, session_id, status) VALUES (119, 39, 'Present');
INSERT INTO attendance (student_id, session_id, status) VALUES (120, 39, 'Present');
INSERT INTO attendance (student_id, session_id, status) VALUES (121, 39, 'Present');
INSERT INTO attendance (student_id, session_id, status) VALUES (122, 39, 'Late');
INSERT INTO attendance (student_id, session_id, status) VALUES (123, 39, 'Present');
INSERT INTO attendance (student_id, session_id, status) VALUES (124, 39, 'Absent');
INSERT INTO attendance (student_id, session_id, status) VALUES (125, 39, 'Present');
INSERT INTO attendance (student_id, session_id, status) VALUES (126, 39, 'Absent');
INSERT INTO attendance (student_id, session_id, status) VALUES (127, 39, 'Present');
INSERT INTO attendance (student_id, session_id, status) VALUES (128, 39, 'Late');
INSERT INTO attendance (student_id, session_id, status) VALUES (129, 39, 'Absent');
INSERT INTO attendance (student_id, session_id, status) VALUES (130, 39, 'Present');
INSERT INTO attendance (student_id, session_id, status) VALUES (131, 39, 'Absent');
INSERT INTO class_sessions (id, class_id, subject_id, session_date, teacher_id, room_id) VALUES (40, 4, 2, '2025-01-24 16:23:06', 6, 4);
INSERT INTO attendance (student_id, session_id, status) VALUES (102, 40, 'Absent');
INSERT INTO attendance (student_id, session_id, status) VALUES (103, 40, 'Absent');
INSERT INTO attendance (student_id, session_id, status) VALUES (104, 40, 'Late');
INSERT INTO attendance (student_id, session_id, status) VALUES (105, 40, 'Present');
INSERT INTO attendance (student_id, session_id, status) VALUES (106, 40, 'Absent');
INSERT INTO attendance (student_id, session_id, status) VALUES (107, 40, 'Absent');
INSERT INTO attendance (student_id, session_id, status) VALUES (108, 40, 'Late');
INSERT INTO attendance (student_id, session_id, status) VALUES (109, 40, 'Absent');
INSERT INTO attendance (student_id, session_id, status) VALUES (110, 40, 'Absent');
INSERT INTO attendance (student_id, session_id, status) VALUES (111, 40, 'Present');
INSERT INTO attendance (student_id, session_id, status) VALUES (112, 40, 'Present');
INSERT INTO attendance (student_id, session_id, status) VALUES (113, 40, 'Absent');
INSERT INTO attendance (student_id, session_id, status) VALUES (114, 40, 'Present');
INSERT INTO attendance (student_id, session_id, status) VALUES (115, 40, 'Late');
INSERT INTO attendance (student_id, session_id, status) VALUES (116, 40, 'Late');
INSERT INTO attendance (student_id, session_id, status) VALUES (117, 40, 'Present');
INSERT INTO attendance (student_id, session_id, status) VALUES (118, 40, 'Present');
INSERT INTO attendance (student_id, session_id, status) VALUES (119, 40, 'Late');
INSERT INTO attendance (student_id, session_id, status) VALUES (120, 40, 'Late');
INSERT INTO attendance (student_id, session_id, status) VALUES (121, 40, 'Present');
INSERT INTO attendance (student_id, session_id, status) VALUES (122, 40, 'Late');
INSERT INTO attendance (student_id, session_id, status) VALUES (123, 40, 'Late');
INSERT INTO attendance (student_id, session_id, status) VALUES (124, 40, 'Present');
INSERT INTO attendance (student_id, session_id, status) VALUES (125, 40, 'Absent');
INSERT INTO attendance (student_id, session_id, status) VALUES (126, 40, 'Late');
INSERT INTO attendance (student_id, session_id, status) VALUES (127, 40, 'Late');
INSERT INTO attendance (student_id, session_id, status) VALUES (128, 40, 'Absent');
INSERT INTO attendance (student_id, session_id, status) VALUES (129, 40, 'Late');
INSERT INTO attendance (student_id, session_id, status) VALUES (130, 40, 'Absent');
INSERT INTO attendance (student_id, session_id, status) VALUES (131, 40, 'Absent');
INSERT INTO class_sessions (id, class_id, subject_id, session_date, teacher_id, room_id) VALUES (41, 4, 2, '2025-01-16 09:56:19', 6, 4);
INSERT INTO attendance (student_id, session_id, status) VALUES (102, 41, 'Absent');
INSERT INTO attendance (student_id, session_id, status) VALUES (103, 41, 'Absent');
INSERT INTO attendance (student_id, session_id, status) VALUES (104, 41, 'Late');
INSERT INTO attendance (student_id, session_id, status) VALUES (105, 41, 'Absent');
INSERT INTO attendance (student_id, session_id, status) VALUES (106, 41, 'Late');
INSERT INTO attendance (student_id, session_id, status) VALUES (107, 41, 'Late');
INSERT INTO attendance (student_id, session_id, status) VALUES (108, 41, 'Present');
INSERT INTO attendance (student_id, session_id, status) VALUES (109, 41, 'Present');
INSERT INTO attendance (student_id, session_id, status) VALUES (110, 41, 'Late');
INSERT INTO attendance (student_id, session_id, status) VALUES (111, 41, 'Present');
INSERT INTO attendance (student_id, session_id, status) VALUES (112, 41, 'Absent');
INSERT INTO attendance (student_id, session_id, status) VALUES (113, 41, 'Absent');
INSERT INTO attendance (student_id, session_id, status) VALUES (114, 41, 'Present');
INSERT INTO attendance (student_id, session_id, status) VALUES (115, 41, 'Late');
INSERT INTO attendance (student_id, session_id, status) VALUES (116, 41, 'Present');
INSERT INTO attendance (student_id, session_id, status) VALUES (117, 41, 'Late');
INSERT INTO attendance (student_id, session_id, status) VALUES (118, 41, 'Present');
INSERT INTO attendance (student_id, session_id, status) VALUES (119, 41, 'Present');
INSERT INTO attendance (student_id, session_id, status) VALUES (120, 41, 'Present');
INSERT INTO attendance (student_id, session_id, status) VALUES (121, 41, 'Present');
INSERT INTO attendance (student_id, session_id, status) VALUES (122, 41, 'Late');
INSERT INTO attendance (student_id, session_id, status) VALUES (123, 41, 'Absent');
INSERT INTO attendance (student_id, session_id, status) VALUES (124, 41, 'Absent');
INSERT INTO attendance (student_id, session_id, status) VALUES (125, 41, 'Present');
INSERT INTO attendance (student_id, session_id, status) VALUES (126, 41, 'Absent');
INSERT INTO attendance (student_id, session_id, status) VALUES (127, 41, 'Present');
INSERT INTO attendance (student_id, session_id, status) VALUES (128, 41, 'Late');
INSERT INTO attendance (student_id, session_id, status) VALUES (129, 41, 'Absent');
INSERT INTO attendance (student_id, session_id, status) VALUES (130, 41, 'Absent');
INSERT INTO attendance (student_id, session_id, status) VALUES (131, 41, 'Late');
INSERT INTO class_sessions (id, class_id, subject_id, session_date, teacher_id, room_id) VALUES (42, 4, 2, '2025-01-31 22:24:25', 6, 4);
INSERT INTO attendance (student_id, session_id, status) VALUES (102, 42, 'Present');
INSERT INTO attendance (student_id, session_id, status) VALUES (103, 42, 'Late');
INSERT INTO attendance (student_id, session_id, status) VALUES (104, 42, 'Absent');
INSERT INTO attendance (student_id, session_id, status) VALUES (105, 42, 'Late');
INSERT INTO attendance (student_id, session_id, status) VALUES (106, 42, 'Present');
INSERT INTO attendance (student_id, session_id, status) VALUES (107, 42, 'Absent');
INSERT INTO attendance (student_id, session_id, status) VALUES (108, 42, 'Present');
INSERT INTO attendance (student_id, session_id, status) VALUES (109, 42, 'Present');
INSERT INTO attendance (student_id, session_id, status) VALUES (110, 42, 'Absent');
INSERT INTO attendance (student_id, session_id, status) VALUES (111, 42, 'Late');
INSERT INTO attendance (student_id, session_id, status) VALUES (112, 42, 'Late');
INSERT INTO attendance (student_id, session_id, status) VALUES (113, 42, 'Present');
INSERT INTO attendance (student_id, session_id, status) VALUES (114, 42, 'Present');
INSERT INTO attendance (student_id, session_id, status) VALUES (115, 42, 'Present');
INSERT INTO attendance (student_id, session_id, status) VALUES (116, 42, 'Absent');
INSERT INTO attendance (student_id, session_id, status) VALUES (117, 42, 'Present');
INSERT INTO attendance (student_id, session_id, status) VALUES (118, 42, 'Present');
INSERT INTO attendance (student_id, session_id, status) VALUES (119, 42, 'Absent');
INSERT INTO attendance (student_id, session_id, status) VALUES (120, 42, 'Present');
INSERT INTO attendance (student_id, session_id, status) VALUES (121, 42, 'Present');
INSERT INTO attendance (student_id, session_id, status) VALUES (122, 42, 'Absent');
INSERT INTO attendance (student_id, session_id, status) VALUES (123, 42, 'Absent');
INSERT INTO attendance (student_id, session_id, status) VALUES (124, 42, 'Present');
INSERT INTO attendance (student_id, session_id, status) VALUES (125, 42, 'Present');
INSERT INTO attendance (student_id, session_id, status) VALUES (126, 42, 'Absent');
INSERT INTO attendance (student_id, session_id, status) VALUES (127, 42, 'Present');
INSERT INTO attendance (student_id, session_id, status) VALUES (128, 42, 'Late');
INSERT INTO attendance (student_id, session_id, status) VALUES (129, 42, 'Late');
INSERT INTO attendance (student_id, session_id, status) VALUES (130, 42, 'Late');
INSERT INTO attendance (student_id, session_id, status) VALUES (131, 42, 'Absent');
INSERT INTO class_sessions (id, class_id, subject_id, session_date, teacher_id, room_id) VALUES (43, 4, 3, '2025-03-02 02:55:51', 4, 3);
INSERT INTO attendance (student_id, session_id, status) VALUES (102, 43, 'Late');
INSERT INTO attendance (student_id, session_id, status) VALUES (103, 43, 'Present');
INSERT INTO attendance (student_id, session_id, status) VALUES (104, 43, 'Late');
INSERT INTO attendance (student_id, session_id, status) VALUES (105, 43, 'Present');
INSERT INTO attendance (student_id, session_id, status) VALUES (106, 43, 'Present');
INSERT INTO attendance (student_id, session_id, status) VALUES (107, 43, 'Present');
INSERT INTO attendance (student_id, session_id, status) VALUES (108, 43, 'Present');
INSERT INTO attendance (student_id, session_id, status) VALUES (109, 43, 'Present');
INSERT INTO attendance (student_id, session_id, status) VALUES (110, 43, 'Late');
INSERT INTO attendance (student_id, session_id, status) VALUES (111, 43, 'Present');
INSERT INTO attendance (student_id, session_id, status) VALUES (112, 43, 'Present');
INSERT INTO attendance (student_id, session_id, status) VALUES (113, 43, 'Late');
INSERT INTO attendance (student_id, session_id, status) VALUES (114, 43, 'Absent');
INSERT INTO attendance (student_id, session_id, status) VALUES (115, 43, 'Late');
INSERT INTO attendance (student_id, session_id, status) VALUES (116, 43, 'Present');
INSERT INTO attendance (student_id, session_id, status) VALUES (117, 43, 'Absent');
INSERT INTO attendance (student_id, session_id, status) VALUES (118, 43, 'Present');
INSERT INTO attendance (student_id, session_id, status) VALUES (119, 43, 'Absent');
INSERT INTO attendance (student_id, session_id, status) VALUES (120, 43, 'Late');
INSERT INTO attendance (student_id, session_id, status) VALUES (121, 43, 'Late');
INSERT INTO attendance (student_id, session_id, status) VALUES (122, 43, 'Present');
INSERT INTO attendance (student_id, session_id, status) VALUES (123, 43, 'Late');
INSERT INTO attendance (student_id, session_id, status) VALUES (124, 43, 'Late');
INSERT INTO attendance (student_id, session_id, status) VALUES (125, 43, 'Absent');
INSERT INTO attendance (student_id, session_id, status) VALUES (126, 43, 'Present');
INSERT INTO attendance (student_id, session_id, status) VALUES (127, 43, 'Present');
INSERT INTO attendance (student_id, session_id, status) VALUES (128, 43, 'Present');
INSERT INTO attendance (student_id, session_id, status) VALUES (129, 43, 'Absent');
INSERT INTO attendance (student_id, session_id, status) VALUES (130, 43, 'Present');
INSERT INTO attendance (student_id, session_id, status) VALUES (131, 43, 'Late');
INSERT INTO class_sessions (id, class_id, subject_id, session_date, teacher_id, room_id) VALUES (44, 4, 3, '2025-02-21 13:21:22', 4, 3);
INSERT INTO attendance (student_id, session_id, status) VALUES (102, 44, 'Present');
INSERT INTO attendance (student_id, session_id, status) VALUES (103, 44, 'Present');
INSERT INTO attendance (student_id, session_id, status) VALUES (104, 44, 'Absent');
INSERT INTO attendance (student_id, session_id, status) VALUES (105, 44, 'Present');
INSERT INTO attendance (student_id, session_id, status) VALUES (106, 44, 'Present');
INSERT INTO attendance (student_id, session_id, status) VALUES (107, 44, 'Late');
INSERT INTO attendance (student_id, session_id, status) VALUES (108, 44, 'Late');
INSERT INTO attendance (student_id, session_id, status) VALUES (109, 44, 'Present');
INSERT INTO attendance (student_id, session_id, status) VALUES (110, 44, 'Absent');
INSERT INTO attendance (student_id, session_id, status) VALUES (111, 44, 'Absent');
INSERT INTO attendance (student_id, session_id, status) VALUES (112, 44, 'Late');
INSERT INTO attendance (student_id, session_id, status) VALUES (113, 44, 'Late');
INSERT INTO attendance (student_id, session_id, status) VALUES (114, 44, 'Late');
INSERT INTO attendance (student_id, session_id, status) VALUES (115, 44, 'Absent');
INSERT INTO attendance (student_id, session_id, status) VALUES (116, 44, 'Present');
INSERT INTO attendance (student_id, session_id, status) VALUES (117, 44, 'Present');
INSERT INTO attendance (student_id, session_id, status) VALUES (118, 44, 'Absent');
INSERT INTO attendance (student_id, session_id, status) VALUES (119, 44, 'Absent');
INSERT INTO attendance (student_id, session_id, status) VALUES (120, 44, 'Present');
INSERT INTO attendance (student_id, session_id, status) VALUES (121, 44, 'Present');
INSERT INTO attendance (student_id, session_id, status) VALUES (122, 44, 'Absent');
INSERT INTO attendance (student_id, session_id, status) VALUES (123, 44, 'Absent');
INSERT INTO attendance (student_id, session_id, status) VALUES (124, 44, 'Present');
INSERT INTO attendance (student_id, session_id, status) VALUES (125, 44, 'Late');
INSERT INTO attendance (student_id, session_id, status) VALUES (126, 44, 'Absent');
INSERT INTO attendance (student_id, session_id, status) VALUES (127, 44, 'Present');
INSERT INTO attendance (student_id, session_id, status) VALUES (128, 44, 'Present');
INSERT INTO attendance (student_id, session_id, status) VALUES (129, 44, 'Present');
INSERT INTO attendance (student_id, session_id, status) VALUES (130, 44, 'Late');
INSERT INTO attendance (student_id, session_id, status) VALUES (131, 44, 'Late');
INSERT INTO class_sessions (id, class_id, subject_id, session_date, teacher_id, room_id) VALUES (45, 4, 3, '2025-02-16 10:41:03', 4, 3);
INSERT INTO attendance (student_id, session_id, status) VALUES (102, 45, 'Absent');
INSERT INTO attendance (student_id, session_id, status) VALUES (103, 45, 'Present');
INSERT INTO attendance (student_id, session_id, status) VALUES (104, 45, 'Present');
INSERT INTO attendance (student_id, session_id, status) VALUES (105, 45, 'Late');
INSERT INTO attendance (student_id, session_id, status) VALUES (106, 45, 'Late');
INSERT INTO attendance (student_id, session_id, status) VALUES (107, 45, 'Absent');
INSERT INTO attendance (student_id, session_id, status) VALUES (108, 45, 'Absent');
INSERT INTO attendance (student_id, session_id, status) VALUES (109, 45, 'Absent');
INSERT INTO attendance (student_id, session_id, status) VALUES (110, 45, 'Present');
INSERT INTO attendance (student_id, session_id, status) VALUES (111, 45, 'Late');
INSERT INTO attendance (student_id, session_id, status) VALUES (112, 45, 'Present');
INSERT INTO attendance (student_id, session_id, status) VALUES (113, 45, 'Late');
INSERT INTO attendance (student_id, session_id, status) VALUES (114, 45, 'Absent');
INSERT INTO attendance (student_id, session_id, status) VALUES (115, 45, 'Present');
INSERT INTO attendance (student_id, session_id, status) VALUES (116, 45, 'Present');
INSERT INTO attendance (student_id, session_id, status) VALUES (117, 45, 'Absent');
INSERT INTO attendance (student_id, session_id, status) VALUES (118, 45, 'Present');
INSERT INTO attendance (student_id, session_id, status) VALUES (119, 45, 'Late');
INSERT INTO attendance (student_id, session_id, status) VALUES (120, 45, 'Late');
INSERT INTO attendance (student_id, session_id, status) VALUES (121, 45, 'Late');
INSERT INTO attendance (student_id, session_id, status) VALUES (122, 45, 'Late');
INSERT INTO attendance (student_id, session_id, status) VALUES (123, 45, 'Late');
INSERT INTO attendance (student_id, session_id, status) VALUES (124, 45, 'Late');
INSERT INTO attendance (student_id, session_id, status) VALUES (125, 45, 'Late');
INSERT INTO attendance (student_id, session_id, status) VALUES (126, 45, 'Present');
INSERT INTO attendance (student_id, session_id, status) VALUES (127, 45, 'Late');
INSERT INTO attendance (student_id, session_id, status) VALUES (128, 45, 'Absent');
INSERT INTO attendance (student_id, session_id, status) VALUES (129, 45, 'Present');
INSERT INTO attendance (student_id, session_id, status) VALUES (130, 45, 'Present');
INSERT INTO attendance (student_id, session_id, status) VALUES (131, 45, 'Present');
INSERT INTO class_sessions (id, class_id, subject_id, session_date, teacher_id, room_id) VALUES (46, 4, 4, '2025-02-05 02:38:19', 2, 4);
INSERT INTO attendance (student_id, session_id, status) VALUES (102, 46, 'Absent');
INSERT INTO attendance (student_id, session_id, status) VALUES (103, 46, 'Absent');
INSERT INTO attendance (student_id, session_id, status) VALUES (104, 46, 'Absent');
INSERT INTO attendance (student_id, session_id, status) VALUES (105, 46, 'Absent');
INSERT INTO attendance (student_id, session_id, status) VALUES (106, 46, 'Present');
INSERT INTO attendance (student_id, session_id, status) VALUES (107, 46, 'Late');
INSERT INTO attendance (student_id, session_id, status) VALUES (108, 46, 'Absent');
INSERT INTO attendance (student_id, session_id, status) VALUES (109, 46, 'Present');
INSERT INTO attendance (student_id, session_id, status) VALUES (110, 46, 'Present');
INSERT INTO attendance (student_id, session_id, status) VALUES (111, 46, 'Absent');
INSERT INTO attendance (student_id, session_id, status) VALUES (112, 46, 'Absent');
INSERT INTO attendance (student_id, session_id, status) VALUES (113, 46, 'Late');
INSERT INTO attendance (student_id, session_id, status) VALUES (114, 46, 'Present');
INSERT INTO attendance (student_id, session_id, status) VALUES (115, 46, 'Late');
INSERT INTO attendance (student_id, session_id, status) VALUES (116, 46, 'Late');
INSERT INTO attendance (student_id, session_id, status) VALUES (117, 46, 'Absent');
INSERT INTO attendance (student_id, session_id, status) VALUES (118, 46, 'Present');
INSERT INTO attendance (student_id, session_id, status) VALUES (119, 46, 'Absent');
INSERT INTO attendance (student_id, session_id, status) VALUES (120, 46, 'Late');
INSERT INTO attendance (student_id, session_id, status) VALUES (121, 46, 'Absent');
INSERT INTO attendance (student_id, session_id, status) VALUES (122, 46, 'Absent');
INSERT INTO attendance (student_id, session_id, status) VALUES (123, 46, 'Absent');
INSERT INTO attendance (student_id, session_id, status) VALUES (124, 46, 'Absent');
INSERT INTO attendance (student_id, session_id, status) VALUES (125, 46, 'Late');
INSERT INTO attendance (student_id, session_id, status) VALUES (126, 46, 'Late');
INSERT INTO attendance (student_id, session_id, status) VALUES (127, 46, 'Present');
INSERT INTO attendance (student_id, session_id, status) VALUES (128, 46, 'Present');
INSERT INTO attendance (student_id, session_id, status) VALUES (129, 46, 'Absent');
INSERT INTO attendance (student_id, session_id, status) VALUES (130, 46, 'Late');
INSERT INTO attendance (student_id, session_id, status) VALUES (131, 46, 'Absent');
INSERT INTO class_sessions (id, class_id, subject_id, session_date, teacher_id, room_id) VALUES (47, 4, 4, '2025-01-23 14:53:15', 2, 4);
INSERT INTO attendance (student_id, session_id, status) VALUES (102, 47, 'Present');
INSERT INTO attendance (student_id, session_id, status) VALUES (103, 47, 'Late');
INSERT INTO attendance (student_id, session_id, status) VALUES (104, 47, 'Present');
INSERT INTO attendance (student_id, session_id, status) VALUES (105, 47, 'Late');
INSERT INTO attendance (student_id, session_id, status) VALUES (106, 47, 'Late');
INSERT INTO attendance (student_id, session_id, status) VALUES (107, 47, 'Absent');
INSERT INTO attendance (student_id, session_id, status) VALUES (108, 47, 'Present');
INSERT INTO attendance (student_id, session_id, status) VALUES (109, 47, 'Absent');
INSERT INTO attendance (student_id, session_id, status) VALUES (110, 47, 'Present');
INSERT INTO attendance (student_id, session_id, status) VALUES (111, 47, 'Absent');
INSERT INTO attendance (student_id, session_id, status) VALUES (112, 47, 'Late');
INSERT INTO attendance (student_id, session_id, status) VALUES (113, 47, 'Absent');
INSERT INTO attendance (student_id, session_id, status) VALUES (114, 47, 'Present');
INSERT INTO attendance (student_id, session_id, status) VALUES (115, 47, 'Present');
INSERT INTO attendance (student_id, session_id, status) VALUES (116, 47, 'Absent');
INSERT INTO attendance (student_id, session_id, status) VALUES (117, 47, 'Late');
INSERT INTO attendance (student_id, session_id, status) VALUES (118, 47, 'Absent');
INSERT INTO attendance (student_id, session_id, status) VALUES (119, 47, 'Absent');
INSERT INTO attendance (student_id, session_id, status) VALUES (120, 47, 'Late');
INSERT INTO attendance (student_id, session_id, status) VALUES (121, 47, 'Present');
INSERT INTO attendance (student_id, session_id, status) VALUES (122, 47, 'Late');
INSERT INTO attendance (student_id, session_id, status) VALUES (123, 47, 'Late');
INSERT INTO attendance (student_id, session_id, status) VALUES (124, 47, 'Late');
INSERT INTO attendance (student_id, session_id, status) VALUES (125, 47, 'Late');
INSERT INTO attendance (student_id, session_id, status) VALUES (126, 47, 'Present');
INSERT INTO attendance (student_id, session_id, status) VALUES (127, 47, 'Present');
INSERT INTO attendance (student_id, session_id, status) VALUES (128, 47, 'Present');
INSERT INTO attendance (student_id, session_id, status) VALUES (129, 47, 'Late');
INSERT INTO attendance (student_id, session_id, status) VALUES (130, 47, 'Present');
INSERT INTO attendance (student_id, session_id, status) VALUES (131, 47, 'Absent');
INSERT INTO class_sessions (id, class_id, subject_id, session_date, teacher_id, room_id) VALUES (48, 4, 4, '2025-02-19 19:38:50', 2, 4);
INSERT INTO attendance (student_id, session_id, status) VALUES (102, 48, 'Present');
INSERT INTO attendance (student_id, session_id, status) VALUES (103, 48, 'Present');
INSERT INTO attendance (student_id, session_id, status) VALUES (104, 48, 'Present');
INSERT INTO attendance (student_id, session_id, status) VALUES (105, 48, 'Present');
INSERT INTO attendance (student_id, session_id, status) VALUES (106, 48, 'Present');
INSERT INTO attendance (student_id, session_id, status) VALUES (107, 48, 'Late');
INSERT INTO attendance (student_id, session_id, status) VALUES (108, 48, 'Late');
INSERT INTO attendance (student_id, session_id, status) VALUES (109, 48, 'Late');
INSERT INTO attendance (student_id, session_id, status) VALUES (110, 48, 'Absent');
INSERT INTO attendance (student_id, session_id, status) VALUES (111, 48, 'Absent');
INSERT INTO attendance (student_id, session_id, status) VALUES (112, 48, 'Absent');
INSERT INTO attendance (student_id, session_id, status) VALUES (113, 48, 'Present');
INSERT INTO attendance (student_id, session_id, status) VALUES (114, 48, 'Late');
INSERT INTO attendance (student_id, session_id, status) VALUES (115, 48, 'Present');
INSERT INTO attendance (student_id, session_id, status) VALUES (116, 48, 'Late');
INSERT INTO attendance (student_id, session_id, status) VALUES (117, 48, 'Late');
INSERT INTO attendance (student_id, session_id, status) VALUES (118, 48, 'Present');
INSERT INTO attendance (student_id, session_id, status) VALUES (119, 48, 'Present');
INSERT INTO attendance (student_id, session_id, status) VALUES (120, 48, 'Present');
INSERT INTO attendance (student_id, session_id, status) VALUES (121, 48, 'Present');
INSERT INTO attendance (student_id, session_id, status) VALUES (122, 48, 'Late');
INSERT INTO attendance (student_id, session_id, status) VALUES (123, 48, 'Late');
INSERT INTO attendance (student_id, session_id, status) VALUES (124, 48, 'Present');
INSERT INTO attendance (student_id, session_id, status) VALUES (125, 48, 'Late');
INSERT INTO attendance (student_id, session_id, status) VALUES (126, 48, 'Present');
INSERT INTO attendance (student_id, session_id, status) VALUES (127, 48, 'Absent');
INSERT INTO attendance (student_id, session_id, status) VALUES (128, 48, 'Present');
INSERT INTO attendance (student_id, session_id, status) VALUES (129, 48, 'Late');
INSERT INTO attendance (student_id, session_id, status) VALUES (130, 48, 'Present');
INSERT INTO attendance (student_id, session_id, status) VALUES (131, 48, 'Late');
INSERT INTO marks (student_id, subject_id, mark, coefficient) VALUES (1, 1, 11.49, 2.0);
INSERT INTO marks (student_id, subject_id, mark, coefficient) VALUES (1, 2, 17.86, 1.0);
INSERT INTO marks (student_id, subject_id, mark, coefficient) VALUES (1, 3, 12.66, 1.0);
INSERT INTO marks (student_id, subject_id, mark, coefficient) VALUES (1, 4, 1.65, 2.5);
INSERT INTO marks (student_id, subject_id, mark, coefficient) VALUES (2, 1, 8.98, 1.5);
INSERT INTO marks (student_id, subject_id, mark, coefficient) VALUES (2, 2, 13.13, 2.0);
INSERT INTO marks (student_id, subject_id, mark, coefficient) VALUES (2, 3, 2.83, 3.0);
INSERT INTO marks (student_id, subject_id, mark, coefficient) VALUES (2, 4, 11.41, 1.5);
INSERT INTO marks (student_id, subject_id, mark, coefficient) VALUES (3, 1, 3.64, 2.5);
INSERT INTO marks (student_id, subject_id, mark, coefficient) VALUES (3, 2, 16.57, 3.0);
INSERT INTO marks (student_id, subject_id, mark, coefficient) VALUES (3, 3, 9.04, 3.0);
INSERT INTO marks (student_id, subject_id, mark, coefficient) VALUES (3, 4, 3.42, 1.0);
INSERT INTO marks (student_id, subject_id, mark, coefficient) VALUES (4, 1, 3.31, 1.0);
INSERT INTO marks (student_id, subject_id, mark, coefficient) VALUES (4, 2, 7.37, 3.0);
INSERT INTO marks (student_id, subject_id, mark, coefficient) VALUES (4, 3, 3.84, 1.0);
INSERT INTO marks (student_id, subject_id, mark, coefficient) VALUES (4, 4, 11.1, 2.0);
INSERT INTO marks (student_id, subject_id, mark, coefficient) VALUES (5, 1, 3.83, 3.0);
INSERT INTO marks (student_id, subject_id, mark, coefficient) VALUES (5, 2, 4.6, 3.0);
INSERT INTO marks (student_id, subject_id, mark, coefficient) VALUES (5, 3, 8.15, 1.5);
INSERT INTO marks (student_id, subject_id, mark, coefficient) VALUES (5, 4, 8.65, 2.5);
INSERT INTO marks (student_id, subject_id, mark, coefficient) VALUES (6, 1, 6.13, 3.0);
INSERT INTO marks (student_id, subject_id, mark, coefficient) VALUES (6, 2, 15.27, 3.0);
INSERT INTO marks (student_id, subject_id, mark, coefficient) VALUES (6, 3, 11.7, 1.5);
INSERT INTO marks (student_id, subject_id, mark, coefficient) VALUES (6, 4, 13.74, 1.5);
INSERT INTO marks (student_id, subject_id, mark, coefficient) VALUES (7, 1, 18.6, 2.5);
INSERT INTO marks (student_id, subject_id, mark, coefficient) VALUES (7, 2, 19.7, 1.5);
INSERT INTO marks (student_id, subject_id, mark, coefficient) VALUES (7, 3, 7.12, 3.0);
INSERT INTO marks (student_id, subject_id, mark, coefficient) VALUES (7, 4, 16.44, 1.5);
INSERT INTO marks (student_id, subject_id, mark, coefficient) VALUES (8, 1, 10.28, 1.5);
INSERT INTO marks (student_id, subject_id, mark, coefficient) VALUES (8, 2, 7.55, 2.0);
INSERT INTO marks (student_id, subject_id, mark, coefficient) VALUES (8, 3, 8.59, 3.0);
INSERT INTO marks (student_id, subject_id, mark, coefficient) VALUES (8, 4, 12.26, 2.0);
INSERT INTO marks (student_id, subject_id, mark, coefficient) VALUES (9, 1, 17.01, 1.5);
INSERT INTO marks (student_id, subject_id, mark, coefficient) VALUES (9, 2, 16.07, 2.5);
INSERT INTO marks (student_id, subject_id, mark, coefficient) VALUES (9, 3, 2.61, 2.0);
INSERT INTO marks (student_id, subject_id, mark, coefficient) VALUES (9, 4, 19.33, 1.0);
INSERT INTO marks (student_id, subject_id, mark, coefficient) VALUES (10, 1, 3.75, 2.5);
INSERT INTO marks (student_id, subject_id, mark, coefficient) VALUES (10, 2, 12.48, 2.5);
INSERT INTO marks (student_id, subject_id, mark, coefficient) VALUES (10, 3, 4.68, 1.0);
INSERT INTO marks (student_id, subject_id, mark, coefficient) VALUES (10, 4, 2.11, 1.0);
INSERT INTO marks (student_id, subject_id, mark, coefficient) VALUES (11, 1, 12.8, 1.0);
INSERT INTO marks (student_id, subject_id, mark, coefficient) VALUES (11, 2, 12.94, 2.0);
INSERT INTO marks (student_id, subject_id, mark, coefficient) VALUES (11, 3, 8.58, 1.5);
INSERT INTO marks (student_id, subject_id, mark, coefficient) VALUES (11, 4, 4.56, 3.0);
INSERT INTO marks (student_id, subject_id, mark, coefficient) VALUES (12, 1, 19.66, 3.0);
INSERT INTO marks (student_id, subject_id, mark, coefficient) VALUES (12, 2, 12.25, 2.0);
INSERT INTO marks (student_id, subject_id, mark, coefficient) VALUES (12, 3, 6.89, 2.0);
INSERT INTO marks (student_id, subject_id, mark, coefficient) VALUES (12, 4, 17.85, 1.0);
INSERT INTO marks (student_id, subject_id, mark, coefficient) VALUES (13, 1, 14.99, 3.0);
INSERT INTO marks (student_id, subject_id, mark, coefficient) VALUES (13, 2, 4.05, 1.5);
INSERT INTO marks (student_id, subject_id, mark, coefficient) VALUES (13, 3, 11.04, 1.0);
INSERT INTO marks (student_id, subject_id, mark, coefficient) VALUES (13, 4, 3.48, 2.0);
INSERT INTO marks (student_id, subject_id, mark, coefficient) VALUES (14, 1, 0.67, 1.5);
INSERT INTO marks (student_id, subject_id, mark, coefficient) VALUES (14, 2, 14.6, 3.0);
INSERT INTO marks (student_id, subject_id, mark, coefficient) VALUES (14, 3, 8.7, 3.0);
INSERT INTO marks (student_id, subject_id, mark, coefficient) VALUES (14, 4, 16.41, 3.0);
INSERT INTO marks (student_id, subject_id, mark, coefficient) VALUES (15, 1, 8.0, 3.0);
INSERT INTO marks (student_id, subject_id, mark, coefficient) VALUES (15, 2, 9.94, 2.5);
INSERT INTO marks (student_id, subject_id, mark, coefficient) VALUES (15, 3, 3.91, 3.0);
INSERT INTO marks (student_id, subject_id, mark, coefficient) VALUES (15, 4, 4.17, 1.0);
INSERT INTO marks (student_id, subject_id, mark, coefficient) VALUES (16, 1, 15.18, 1.0);
INSERT INTO marks (student_id, subject_id, mark, coefficient) VALUES (16, 2, 18.39, 2.0);
INSERT INTO marks (student_id, subject_id, mark, coefficient) VALUES (16, 3, 11.14, 1.0);
INSERT INTO marks (student_id, subject_id, mark, coefficient) VALUES (16, 4, 15.04, 2.0);
INSERT INTO marks (student_id, subject_id, mark, coefficient) VALUES (17, 1, 14.28, 1.5);
INSERT INTO marks (student_id, subject_id, mark, coefficient) VALUES (17, 2, 0.1, 3.0);
INSERT INTO marks (student_id, subject_id, mark, coefficient) VALUES (17, 3, 10.04, 1.0);
INSERT INTO marks (student_id, subject_id, mark, coefficient) VALUES (17, 4, 17.87, 1.0);
INSERT INTO marks (student_id, subject_id, mark, coefficient) VALUES (18, 1, 11.98, 2.5);
INSERT INTO marks (student_id, subject_id, mark, coefficient) VALUES (18, 2, 13.53, 2.5);
INSERT INTO marks (student_id, subject_id, mark, coefficient) VALUES (18, 3, 4.52, 2.5);
INSERT INTO marks (student_id, subject_id, mark, coefficient) VALUES (18, 4, 15.6, 1.0);
INSERT INTO marks (student_id, subject_id, mark, coefficient) VALUES (19, 1, 13.65, 2.5);
INSERT INTO marks (student_id, subject_id, mark, coefficient) VALUES (19, 2, 13.55, 2.5);
INSERT INTO marks (student_id, subject_id, mark, coefficient) VALUES (19, 3, 6.42, 2.0);
INSERT INTO marks (student_id, subject_id, mark, coefficient) VALUES (19, 4, 0.7, 3.0);
INSERT INTO marks (student_id, subject_id, mark, coefficient) VALUES (20, 1, 19.96, 1.0);
INSERT INTO marks (student_id, subject_id, mark, coefficient) VALUES (20, 2, 1.57, 1.5);
INSERT INTO marks (student_id, subject_id, mark, coefficient) VALUES (20, 3, 16.55, 2.5);
INSERT INTO marks (student_id, subject_id, mark, coefficient) VALUES (20, 4, 16.6, 3.0);
INSERT INTO marks (student_id, subject_id, mark, coefficient) VALUES (21, 1, 6.0, 3.0);
INSERT INTO marks (student_id, subject_id, mark, coefficient) VALUES (21, 2, 5.48, 1.0);
INSERT INTO marks (student_id, subject_id, mark, coefficient) VALUES (21, 3, 14.44, 2.5);
INSERT INTO marks (student_id, subject_id, mark, coefficient) VALUES (21, 4, 7.85, 2.5);
INSERT INTO marks (student_id, subject_id, mark, coefficient) VALUES (22, 1, 11.8, 3.0);
INSERT INTO marks (student_id, subject_id, mark, coefficient) VALUES (22, 2, 11.26, 2.5);
INSERT INTO marks (student_id, subject_id, mark, coefficient) VALUES (22, 3, 18.3, 2.0);
INSERT INTO marks (student_id, subject_id, mark, coefficient) VALUES (22, 4, 11.63, 1.0);
INSERT INTO marks (student_id, subject_id, mark, coefficient) VALUES (23, 1, 6.63, 2.0);
INSERT INTO marks (student_id, subject_id, mark, coefficient) VALUES (23, 2, 19.01, 1.0);
INSERT INTO marks (student_id, subject_id, mark, coefficient) VALUES (23, 3, 7.11, 3.0);
INSERT INTO marks (student_id, subject_id, mark, coefficient) VALUES (23, 4, 16.85, 2.5);
INSERT INTO marks (student_id, subject_id, mark, coefficient) VALUES (24, 1, 2.24, 3.0);
INSERT INTO marks (student_id, subject_id, mark, coefficient) VALUES (24, 2, 0.69, 1.5);
INSERT INTO marks (student_id, subject_id, mark, coefficient) VALUES (24, 3, 9.4, 1.0);
INSERT INTO marks (student_id, subject_id, mark, coefficient) VALUES (24, 4, 11.79, 2.0);
INSERT INTO marks (student_id, subject_id, mark, coefficient) VALUES (25, 1, 16.11, 1.0);
INSERT INTO marks (student_id, subject_id, mark, coefficient) VALUES (25, 2, 19.09, 1.5);
INSERT INTO marks (student_id, subject_id, mark, coefficient) VALUES (25, 3, 7.82, 1.5);
INSERT INTO marks (student_id, subject_id, mark, coefficient) VALUES (25, 4, 15.55, 2.5);
INSERT INTO marks (student_id, subject_id, mark, coefficient) VALUES (26, 1, 11.09, 2.0);
INSERT INTO marks (student_id, subject_id, mark, coefficient) VALUES (26, 2, 7.94, 2.0);
INSERT INTO marks (student_id, subject_id, mark, coefficient) VALUES (26, 3, 7.44, 2.5);
INSERT INTO marks (student_id, subject_id, mark, coefficient) VALUES (26, 4, 15.92, 2.5);
INSERT INTO marks (student_id, subject_id, mark, coefficient) VALUES (27, 1, 18.16, 1.5);
INSERT INTO marks (student_id, subject_id, mark, coefficient) VALUES (27, 2, 11.96, 3.0);
INSERT INTO marks (student_id, subject_id, mark, coefficient) VALUES (27, 3, 4.67, 1.0);
INSERT INTO marks (student_id, subject_id, mark, coefficient) VALUES (27, 4, 1.49, 2.0);
INSERT INTO marks (student_id, subject_id, mark, coefficient) VALUES (28, 1, 1.72, 1.0);
INSERT INTO marks (student_id, subject_id, mark, coefficient) VALUES (28, 2, 8.42, 2.0);
INSERT INTO marks (student_id, subject_id, mark, coefficient) VALUES (28, 3, 14.63, 1.0);
INSERT INTO marks (student_id, subject_id, mark, coefficient) VALUES (28, 4, 2.12, 2.0);
INSERT INTO marks (student_id, subject_id, mark, coefficient) VALUES (29, 1, 11.81, 2.5);
INSERT INTO marks (student_id, subject_id, mark, coefficient) VALUES (29, 2, 15.02, 1.0);
INSERT INTO marks (student_id, subject_id, mark, coefficient) VALUES (29, 3, 18.63, 2.0);
INSERT INTO marks (student_id, subject_id, mark, coefficient) VALUES (29, 4, 19.86, 2.0);
INSERT INTO marks (student_id, subject_id, mark, coefficient) VALUES (30, 1, 13.94, 3.0);
INSERT INTO marks (student_id, subject_id, mark, coefficient) VALUES (30, 2, 18.15, 2.5);
INSERT INTO marks (student_id, subject_id, mark, coefficient) VALUES (30, 3, 6.6, 1.5);
INSERT INTO marks (student_id, subject_id, mark, coefficient) VALUES (30, 4, 11.04, 2.0);
INSERT INTO marks (student_id, subject_id, mark, coefficient) VALUES (31, 1, 7.95, 2.5);
INSERT INTO marks (student_id, subject_id, mark, coefficient) VALUES (31, 2, 7.01, 1.0);
INSERT INTO marks (student_id, subject_id, mark, coefficient) VALUES (31, 3, 15.78, 3.0);
INSERT INTO marks (student_id, subject_id, mark, coefficient) VALUES (31, 4, 6.14, 2.0);
INSERT INTO marks (student_id, subject_id, mark, coefficient) VALUES (32, 1, 9.17, 3.0);
INSERT INTO marks (student_id, subject_id, mark, coefficient) VALUES (32, 2, 16.01, 2.0);
INSERT INTO marks (student_id, subject_id, mark, coefficient) VALUES (32, 3, 17.6, 1.0);
INSERT INTO marks (student_id, subject_id, mark, coefficient) VALUES (32, 4, 6.08, 3.0);
INSERT INTO marks (student_id, subject_id, mark, coefficient) VALUES (33, 1, 18.79, 2.0);
INSERT INTO marks (student_id, subject_id, mark, coefficient) VALUES (33, 2, 10.03, 1.0);
INSERT INTO marks (student_id, subject_id, mark, coefficient) VALUES (33, 3, 18.73, 1.5);
INSERT INTO marks (student_id, subject_id, mark, coefficient) VALUES (33, 4, 9.41, 3.0);
INSERT INTO marks (student_id, subject_id, mark, coefficient) VALUES (34, 1, 1.56, 1.5);
INSERT INTO marks (student_id, subject_id, mark, coefficient) VALUES (34, 2, 18.78, 2.5);
INSERT INTO marks (student_id, subject_id, mark, coefficient) VALUES (34, 3, 12.49, 3.0);
INSERT INTO marks (student_id, subject_id, mark, coefficient) VALUES (34, 4, 17.75, 1.5);
INSERT INTO marks (student_id, subject_id, mark, coefficient) VALUES (35, 1, 5.22, 1.0);
INSERT INTO marks (student_id, subject_id, mark, coefficient) VALUES (35, 2, 15.34, 1.5);
INSERT INTO marks (student_id, subject_id, mark, coefficient) VALUES (35, 3, 11.09, 1.0);
INSERT INTO marks (student_id, subject_id, mark, coefficient) VALUES (35, 4, 13.76, 1.0);
INSERT INTO marks (student_id, subject_id, mark, coefficient) VALUES (36, 1, 15.1, 1.0);
INSERT INTO marks (student_id, subject_id, mark, coefficient) VALUES (36, 2, 12.83, 2.0);
INSERT INTO marks (student_id, subject_id, mark, coefficient) VALUES (36, 3, 10.37, 2.0);
INSERT INTO marks (student_id, subject_id, mark, coefficient) VALUES (36, 4, 16.38, 1.5);
INSERT INTO marks (student_id, subject_id, mark, coefficient) VALUES (37, 1, 16.56, 2.0);
INSERT INTO marks (student_id, subject_id, mark, coefficient) VALUES (37, 2, 16.12, 2.5);
INSERT INTO marks (student_id, subject_id, mark, coefficient) VALUES (37, 3, 5.39, 1.0);
INSERT INTO marks (student_id, subject_id, mark, coefficient) VALUES (37, 4, 17.28, 1.5);
INSERT INTO marks (student_id, subject_id, mark, coefficient) VALUES (38, 1, 0.89, 1.5);
INSERT INTO marks (student_id, subject_id, mark, coefficient) VALUES (38, 2, 6.98, 3.0);
INSERT INTO marks (student_id, subject_id, mark, coefficient) VALUES (38, 3, 13.49, 1.0);
INSERT INTO marks (student_id, subject_id, mark, coefficient) VALUES (38, 4, 18.87, 1.5);
INSERT INTO marks (student_id, subject_id, mark, coefficient) VALUES (39, 1, 8.72, 2.5);
INSERT INTO marks (student_id, subject_id, mark, coefficient) VALUES (39, 2, 19.8, 1.0);
INSERT INTO marks (student_id, subject_id, mark, coefficient) VALUES (39, 3, 2.74, 3.0);
INSERT INTO marks (student_id, subject_id, mark, coefficient) VALUES (39, 4, 0.88, 3.0);
INSERT INTO marks (student_id, subject_id, mark, coefficient) VALUES (40, 1, 19.55, 2.0);
INSERT INTO marks (student_id, subject_id, mark, coefficient) VALUES (40, 2, 3.88, 1.5);
INSERT INTO marks (student_id, subject_id, mark, coefficient) VALUES (40, 3, 19.59, 1.0);
INSERT INTO marks (student_id, subject_id, mark, coefficient) VALUES (40, 4, 10.94, 1.0);
INSERT INTO marks (student_id, subject_id, mark, coefficient) VALUES (41, 1, 11.63, 1.0);
INSERT INTO marks (student_id, subject_id, mark, coefficient) VALUES (41, 2, 14.73, 1.0);
INSERT INTO marks (student_id, subject_id, mark, coefficient) VALUES (41, 3, 0.9, 1.0);
INSERT INTO marks (student_id, subject_id, mark, coefficient) VALUES (41, 4, 11.27, 2.5);
INSERT INTO marks (student_id, subject_id, mark, coefficient) VALUES (42, 1, 13.82, 2.5);
INSERT INTO marks (student_id, subject_id, mark, coefficient) VALUES (42, 2, 2.01, 3.0);
INSERT INTO marks (student_id, subject_id, mark, coefficient) VALUES (42, 3, 4.21, 1.0);
INSERT INTO marks (student_id, subject_id, mark, coefficient) VALUES (42, 4, 8.5, 3.0);
INSERT INTO marks (student_id, subject_id, mark, coefficient) VALUES (43, 1, 1.02, 2.5);
INSERT INTO marks (student_id, subject_id, mark, coefficient) VALUES (43, 2, 0.55, 1.5);
INSERT INTO marks (student_id, subject_id, mark, coefficient) VALUES (43, 3, 16.43, 1.0);
INSERT INTO marks (student_id, subject_id, mark, coefficient) VALUES (43, 4, 3.39, 2.5);
INSERT INTO marks (student_id, subject_id, mark, coefficient) VALUES (44, 1, 9.68, 2.0);
INSERT INTO marks (student_id, subject_id, mark, coefficient) VALUES (44, 2, 6.66, 1.5);
INSERT INTO marks (student_id, subject_id, mark, coefficient) VALUES (44, 3, 3.88, 3.0);
INSERT INTO marks (student_id, subject_id, mark, coefficient) VALUES (44, 4, 0.16, 2.5);
INSERT INTO marks (student_id, subject_id, mark, coefficient) VALUES (45, 1, 4.09, 1.0);
INSERT INTO marks (student_id, subject_id, mark, coefficient) VALUES (45, 2, 0.31, 1.5);
INSERT INTO marks (student_id, subject_id, mark, coefficient) VALUES (45, 3, 2.02, 1.0);
INSERT INTO marks (student_id, subject_id, mark, coefficient) VALUES (45, 4, 1.09, 1.5);
INSERT INTO marks (student_id, subject_id, mark, coefficient) VALUES (46, 1, 2.39, 2.0);
INSERT INTO marks (student_id, subject_id, mark, coefficient) VALUES (46, 2, 0.31, 1.0);
INSERT INTO marks (student_id, subject_id, mark, coefficient) VALUES (46, 3, 7.22, 2.0);
INSERT INTO marks (student_id, subject_id, mark, coefficient) VALUES (46, 4, 11.46, 3.0);
INSERT INTO marks (student_id, subject_id, mark, coefficient) VALUES (47, 1, 4.31, 1.5);
INSERT INTO marks (student_id, subject_id, mark, coefficient) VALUES (47, 2, 2.55, 2.5);
INSERT INTO marks (student_id, subject_id, mark, coefficient) VALUES (47, 3, 7.68, 1.5);
INSERT INTO marks (student_id, subject_id, mark, coefficient) VALUES (47, 4, 13.22, 2.5);
INSERT INTO marks (student_id, subject_id, mark, coefficient) VALUES (48, 1, 16.85, 1.5);
INSERT INTO marks (student_id, subject_id, mark, coefficient) VALUES (48, 2, 9.23, 2.0);
INSERT INTO marks (student_id, subject_id, mark, coefficient) VALUES (48, 3, 4.77, 1.5);
INSERT INTO marks (student_id, subject_id, mark, coefficient) VALUES (48, 4, 6.25, 2.0);
INSERT INTO marks (student_id, subject_id, mark, coefficient) VALUES (49, 1, 10.09, 1.0);
INSERT INTO marks (student_id, subject_id, mark, coefficient) VALUES (49, 2, 2.78, 1.5);
INSERT INTO marks (student_id, subject_id, mark, coefficient) VALUES (49, 3, 8.78, 1.5);
INSERT INTO marks (student_id, subject_id, mark, coefficient) VALUES (49, 4, 19.85, 2.0);
INSERT INTO marks (student_id, subject_id, mark, coefficient) VALUES (50, 1, 16.91, 1.0);
INSERT INTO marks (student_id, subject_id, mark, coefficient) VALUES (50, 2, 11.59, 1.5);
INSERT INTO marks (student_id, subject_id, mark, coefficient) VALUES (50, 3, 6.32, 3.0);
INSERT INTO marks (student_id, subject_id, mark, coefficient) VALUES (50, 4, 2.09, 1.5);
INSERT INTO marks (student_id, subject_id, mark, coefficient) VALUES (51, 1, 6.64, 1.0);
INSERT INTO marks (student_id, subject_id, mark, coefficient) VALUES (51, 2, 1.29, 2.0);
INSERT INTO marks (student_id, subject_id, mark, coefficient) VALUES (51, 3, 1.7, 2.5);
INSERT INTO marks (student_id, subject_id, mark, coefficient) VALUES (51, 4, 3.15, 2.0);
INSERT INTO marks (student_id, subject_id, mark, coefficient) VALUES (52, 1, 10.49, 2.5);
INSERT INTO marks (student_id, subject_id, mark, coefficient) VALUES (52, 2, 6.43, 2.0);
INSERT INTO marks (student_id, subject_id, mark, coefficient) VALUES (52, 3, 14.99, 2.0);
INSERT INTO marks (student_id, subject_id, mark, coefficient) VALUES (52, 4, 0.94, 2.0);
INSERT INTO marks (student_id, subject_id, mark, coefficient) VALUES (53, 1, 15.78, 1.0);
INSERT INTO marks (student_id, subject_id, mark, coefficient) VALUES (53, 2, 12.82, 1.5);
INSERT INTO marks (student_id, subject_id, mark, coefficient) VALUES (53, 3, 11.31, 1.5);
INSERT INTO marks (student_id, subject_id, mark, coefficient) VALUES (53, 4, 16.7, 1.5);
INSERT INTO marks (student_id, subject_id, mark, coefficient) VALUES (54, 1, 5.02, 2.5);
INSERT INTO marks (student_id, subject_id, mark, coefficient) VALUES (54, 2, 19.09, 2.0);
INSERT INTO marks (student_id, subject_id, mark, coefficient) VALUES (54, 3, 10.96, 1.5);
INSERT INTO marks (student_id, subject_id, mark, coefficient) VALUES (54, 4, 13.64, 2.5);
INSERT INTO marks (student_id, subject_id, mark, coefficient) VALUES (55, 1, 15.25, 2.0);
INSERT INTO marks (student_id, subject_id, mark, coefficient) VALUES (55, 2, 14.93, 1.5);
INSERT INTO marks (student_id, subject_id, mark, coefficient) VALUES (55, 3, 17.36, 3.0);
INSERT INTO marks (student_id, subject_id, mark, coefficient) VALUES (55, 4, 13.29, 3.0);
INSERT INTO marks (student_id, subject_id, mark, coefficient) VALUES (56, 1, 14.13, 2.5);
INSERT INTO marks (student_id, subject_id, mark, coefficient) VALUES (56, 2, 8.01, 2.0);
INSERT INTO marks (student_id, subject_id, mark, coefficient) VALUES (56, 3, 16.09, 1.5);
INSERT INTO marks (student_id, subject_id, mark, coefficient) VALUES (56, 4, 16.52, 2.0);
INSERT INTO marks (student_id, subject_id, mark, coefficient) VALUES (57, 1, 9.68, 3.0);
INSERT INTO marks (student_id, subject_id, mark, coefficient) VALUES (57, 2, 17.89, 1.5);
INSERT INTO marks (student_id, subject_id, mark, coefficient) VALUES (57, 3, 10.3, 1.0);
INSERT INTO marks (student_id, subject_id, mark, coefficient) VALUES (57, 4, 11.17, 2.5);
INSERT INTO marks (student_id, subject_id, mark, coefficient) VALUES (58, 1, 4.32, 1.0);
INSERT INTO marks (student_id, subject_id, mark, coefficient) VALUES (58, 2, 3.19, 1.5);
INSERT INTO marks (student_id, subject_id, mark, coefficient) VALUES (58, 3, 7.61, 1.5);
INSERT INTO marks (student_id, subject_id, mark, coefficient) VALUES (58, 4, 10.77, 2.5);
INSERT INTO marks (student_id, subject_id, mark, coefficient) VALUES (59, 1, 17.86, 3.0);
INSERT INTO marks (student_id, subject_id, mark, coefficient) VALUES (59, 2, 4.95, 3.0);
INSERT INTO marks (student_id, subject_id, mark, coefficient) VALUES (59, 3, 8.63, 3.0);
INSERT INTO marks (student_id, subject_id, mark, coefficient) VALUES (59, 4, 2.51, 1.0);
INSERT INTO marks (student_id, subject_id, mark, coefficient) VALUES (60, 1, 5.47, 3.0);
INSERT INTO marks (student_id, subject_id, mark, coefficient) VALUES (60, 2, 14.14, 1.0);
INSERT INTO marks (student_id, subject_id, mark, coefficient) VALUES (60, 3, 6.29, 3.0);
INSERT INTO marks (student_id, subject_id, mark, coefficient) VALUES (60, 4, 17.31, 2.0);
INSERT INTO marks (student_id, subject_id, mark, coefficient) VALUES (61, 1, 7.35, 1.0);
INSERT INTO marks (student_id, subject_id, mark, coefficient) VALUES (61, 2, 10.94, 3.0);
INSERT INTO marks (student_id, subject_id, mark, coefficient) VALUES (61, 3, 14.59, 3.0);
INSERT INTO marks (student_id, subject_id, mark, coefficient) VALUES (61, 4, 0.71, 3.0);
INSERT INTO marks (student_id, subject_id, mark, coefficient) VALUES (62, 1, 14.22, 1.0);
INSERT INTO marks (student_id, subject_id, mark, coefficient) VALUES (62, 2, 13.12, 1.0);
INSERT INTO marks (student_id, subject_id, mark, coefficient) VALUES (62, 3, 0.87, 3.0);
INSERT INTO marks (student_id, subject_id, mark, coefficient) VALUES (62, 4, 14.49, 2.5);
INSERT INTO marks (student_id, subject_id, mark, coefficient) VALUES (63, 1, 2.45, 3.0);
INSERT INTO marks (student_id, subject_id, mark, coefficient) VALUES (63, 2, 0.59, 1.0);
INSERT INTO marks (student_id, subject_id, mark, coefficient) VALUES (63, 3, 5.5, 1.5);
INSERT INTO marks (student_id, subject_id, mark, coefficient) VALUES (63, 4, 5.44, 2.0);
INSERT INTO marks (student_id, subject_id, mark, coefficient) VALUES (64, 1, 14.8, 2.5);
INSERT INTO marks (student_id, subject_id, mark, coefficient) VALUES (64, 2, 8.15, 1.0);
INSERT INTO marks (student_id, subject_id, mark, coefficient) VALUES (64, 3, 16.02, 3.0);
INSERT INTO marks (student_id, subject_id, mark, coefficient) VALUES (64, 4, 13.03, 1.5);
INSERT INTO marks (student_id, subject_id, mark, coefficient) VALUES (65, 1, 11.8, 1.0);
INSERT INTO marks (student_id, subject_id, mark, coefficient) VALUES (65, 2, 4.27, 3.0);
INSERT INTO marks (student_id, subject_id, mark, coefficient) VALUES (65, 3, 17.48, 3.0);
INSERT INTO marks (student_id, subject_id, mark, coefficient) VALUES (65, 4, 19.61, 3.0);
INSERT INTO marks (student_id, subject_id, mark, coefficient) VALUES (66, 1, 2.52, 3.0);
INSERT INTO marks (student_id, subject_id, mark, coefficient) VALUES (66, 2, 17.21, 1.5);
INSERT INTO marks (student_id, subject_id, mark, coefficient) VALUES (66, 3, 4.39, 1.5);
INSERT INTO marks (student_id, subject_id, mark, coefficient) VALUES (66, 4, 2.83, 2.5);
INSERT INTO marks (student_id, subject_id, mark, coefficient) VALUES (67, 1, 13.04, 1.0);
INSERT INTO marks (student_id, subject_id, mark, coefficient) VALUES (67, 2, 14.33, 2.0);
INSERT INTO marks (student_id, subject_id, mark, coefficient) VALUES (67, 3, 5.15, 3.0);
INSERT INTO marks (student_id, subject_id, mark, coefficient) VALUES (67, 4, 19.49, 2.5);
INSERT INTO marks (student_id, subject_id, mark, coefficient) VALUES (68, 1, 14.96, 1.0);
INSERT INTO marks (student_id, subject_id, mark, coefficient) VALUES (68, 2, 19.83, 2.0);
INSERT INTO marks (student_id, subject_id, mark, coefficient) VALUES (68, 3, 13.64, 3.0);
INSERT INTO marks (student_id, subject_id, mark, coefficient) VALUES (68, 4, 6.88, 2.0);
INSERT INTO marks (student_id, subject_id, mark, coefficient) VALUES (69, 1, 1.91, 1.0);
INSERT INTO marks (student_id, subject_id, mark, coefficient) VALUES (69, 2, 2.37, 3.0);
INSERT INTO marks (student_id, subject_id, mark, coefficient) VALUES (69, 3, 5.84, 1.5);
INSERT INTO marks (student_id, subject_id, mark, coefficient) VALUES (69, 4, 3.96, 1.5);
INSERT INTO marks (student_id, subject_id, mark, coefficient) VALUES (70, 1, 9.1, 1.0);
INSERT INTO marks (student_id, subject_id, mark, coefficient) VALUES (70, 2, 14.08, 1.0);
INSERT INTO marks (student_id, subject_id, mark, coefficient) VALUES (70, 3, 14.74, 1.0);
INSERT INTO marks (student_id, subject_id, mark, coefficient) VALUES (70, 4, 11.0, 1.0);
INSERT INTO marks (student_id, subject_id, mark, coefficient) VALUES (71, 1, 9.72, 1.0);
INSERT INTO marks (student_id, subject_id, mark, coefficient) VALUES (71, 2, 6.97, 2.5);
INSERT INTO marks (student_id, subject_id, mark, coefficient) VALUES (71, 3, 10.49, 1.5);
INSERT INTO marks (student_id, subject_id, mark, coefficient) VALUES (71, 4, 18.06, 3.0);
INSERT INTO marks (student_id, subject_id, mark, coefficient) VALUES (72, 1, 12.96, 1.5);
INSERT INTO marks (student_id, subject_id, mark, coefficient) VALUES (72, 2, 6.15, 2.0);
INSERT INTO marks (student_id, subject_id, mark, coefficient) VALUES (72, 3, 8.38, 2.5);
INSERT INTO marks (student_id, subject_id, mark, coefficient) VALUES (72, 4, 6.08, 1.0);
INSERT INTO marks (student_id, subject_id, mark, coefficient) VALUES (73, 1, 5.9, 1.0);
INSERT INTO marks (student_id, subject_id, mark, coefficient) VALUES (73, 2, 12.63, 1.0);
INSERT INTO marks (student_id, subject_id, mark, coefficient) VALUES (73, 3, 14.2, 2.5);
INSERT INTO marks (student_id, subject_id, mark, coefficient) VALUES (73, 4, 16.85, 2.5);
INSERT INTO marks (student_id, subject_id, mark, coefficient) VALUES (74, 1, 2.49, 1.5);
INSERT INTO marks (student_id, subject_id, mark, coefficient) VALUES (74, 2, 13.42, 1.0);
INSERT INTO marks (student_id, subject_id, mark, coefficient) VALUES (74, 3, 10.37, 2.5);
INSERT INTO marks (student_id, subject_id, mark, coefficient) VALUES (74, 4, 9.24, 2.0);
INSERT INTO marks (student_id, subject_id, mark, coefficient) VALUES (75, 1, 7.12, 2.5);
INSERT INTO marks (student_id, subject_id, mark, coefficient) VALUES (75, 2, 4.58, 1.5);
INSERT INTO marks (student_id, subject_id, mark, coefficient) VALUES (75, 3, 9.08, 1.0);
INSERT INTO marks (student_id, subject_id, mark, coefficient) VALUES (75, 4, 2.45, 1.0);
INSERT INTO marks (student_id, subject_id, mark, coefficient) VALUES (76, 1, 14.12, 1.5);
INSERT INTO marks (student_id, subject_id, mark, coefficient) VALUES (76, 2, 18.21, 2.5);
INSERT INTO marks (student_id, subject_id, mark, coefficient) VALUES (76, 3, 6.8, 2.5);
INSERT INTO marks (student_id, subject_id, mark, coefficient) VALUES (76, 4, 0.05, 2.0);
INSERT INTO marks (student_id, subject_id, mark, coefficient) VALUES (77, 1, 18.5, 1.0);
INSERT INTO marks (student_id, subject_id, mark, coefficient) VALUES (77, 2, 2.82, 3.0);
INSERT INTO marks (student_id, subject_id, mark, coefficient) VALUES (77, 3, 18.13, 3.0);
INSERT INTO marks (student_id, subject_id, mark, coefficient) VALUES (77, 4, 17.48, 3.0);
INSERT INTO marks (student_id, subject_id, mark, coefficient) VALUES (78, 1, 8.98, 1.5);
INSERT INTO marks (student_id, subject_id, mark, coefficient) VALUES (78, 2, 7.45, 2.5);
INSERT INTO marks (student_id, subject_id, mark, coefficient) VALUES (78, 3, 4.64, 1.0);
INSERT INTO marks (student_id, subject_id, mark, coefficient) VALUES (78, 4, 1.02, 2.0);
INSERT INTO marks (student_id, subject_id, mark, coefficient) VALUES (79, 1, 16.68, 2.0);
INSERT INTO marks (student_id, subject_id, mark, coefficient) VALUES (79, 2, 6.67, 2.0);
INSERT INTO marks (student_id, subject_id, mark, coefficient) VALUES (79, 3, 12.62, 1.5);
INSERT INTO marks (student_id, subject_id, mark, coefficient) VALUES (79, 4, 3.62, 3.0);
INSERT INTO marks (student_id, subject_id, mark, coefficient) VALUES (80, 1, 9.36, 2.0);
INSERT INTO marks (student_id, subject_id, mark, coefficient) VALUES (80, 2, 6.25, 3.0);
INSERT INTO marks (student_id, subject_id, mark, coefficient) VALUES (80, 3, 3.56, 2.5);
INSERT INTO marks (student_id, subject_id, mark, coefficient) VALUES (80, 4, 3.07, 2.5);
INSERT INTO marks (student_id, subject_id, mark, coefficient) VALUES (81, 1, 6.91, 1.0);
INSERT INTO marks (student_id, subject_id, mark, coefficient) VALUES (81, 2, 12.75, 1.5);
INSERT INTO marks (student_id, subject_id, mark, coefficient) VALUES (81, 3, 14.03, 2.5);
INSERT INTO marks (student_id, subject_id, mark, coefficient) VALUES (81, 4, 12.34, 2.5);
INSERT INTO marks (student_id, subject_id, mark, coefficient) VALUES (82, 1, 12.8, 1.5);
INSERT INTO marks (student_id, subject_id, mark, coefficient) VALUES (82, 2, 1.6, 2.5);
INSERT INTO marks (student_id, subject_id, mark, coefficient) VALUES (82, 3, 7.94, 2.0);
INSERT INTO marks (student_id, subject_id, mark, coefficient) VALUES (82, 4, 10.79, 1.0);
INSERT INTO marks (student_id, subject_id, mark, coefficient) VALUES (83, 1, 14.14, 2.5);
INSERT INTO marks (student_id, subject_id, mark, coefficient) VALUES (83, 2, 7.62, 2.5);
INSERT INTO marks (student_id, subject_id, mark, coefficient) VALUES (83, 3, 16.72, 1.5);
INSERT INTO marks (student_id, subject_id, mark, coefficient) VALUES (83, 4, 18.29, 2.0);
INSERT INTO marks (student_id, subject_id, mark, coefficient) VALUES (84, 1, 16.94, 1.0);
INSERT INTO marks (student_id, subject_id, mark, coefficient) VALUES (84, 2, 6.55, 1.0);
INSERT INTO marks (student_id, subject_id, mark, coefficient) VALUES (84, 3, 10.42, 2.5);
INSERT INTO marks (student_id, subject_id, mark, coefficient) VALUES (84, 4, 17.53, 1.5);
INSERT INTO marks (student_id, subject_id, mark, coefficient) VALUES (85, 1, 13.02, 3.0);
INSERT INTO marks (student_id, subject_id, mark, coefficient) VALUES (85, 2, 17.95, 2.5);
INSERT INTO marks (student_id, subject_id, mark, coefficient) VALUES (85, 3, 1.64, 1.0);
INSERT INTO marks (student_id, subject_id, mark, coefficient) VALUES (85, 4, 16.81, 3.0);
INSERT INTO marks (student_id, subject_id, mark, coefficient) VALUES (86, 1, 3.86, 3.0);
INSERT INTO marks (student_id, subject_id, mark, coefficient) VALUES (86, 2, 10.27, 1.5);
INSERT INTO marks (student_id, subject_id, mark, coefficient) VALUES (86, 3, 12.81, 2.0);
INSERT INTO marks (student_id, subject_id, mark, coefficient) VALUES (86, 4, 4.37, 1.0);
INSERT INTO marks (student_id, subject_id, mark, coefficient) VALUES (87, 1, 10.67, 1.5);
INSERT INTO marks (student_id, subject_id, mark, coefficient) VALUES (87, 2, 2.47, 3.0);
INSERT INTO marks (student_id, subject_id, mark, coefficient) VALUES (87, 3, 19.15, 1.0);
INSERT INTO marks (student_id, subject_id, mark, coefficient) VALUES (87, 4, 18.01, 3.0);
INSERT INTO marks (student_id, subject_id, mark, coefficient) VALUES (88, 1, 19.56, 1.5);
INSERT INTO marks (student_id, subject_id, mark, coefficient) VALUES (88, 2, 2.37, 2.5);
INSERT INTO marks (student_id, subject_id, mark, coefficient) VALUES (88, 3, 19.46, 2.5);
INSERT INTO marks (student_id, subject_id, mark, coefficient) VALUES (88, 4, 1.54, 3.0);
INSERT INTO marks (student_id, subject_id, mark, coefficient) VALUES (89, 1, 10.03, 1.0);
INSERT INTO marks (student_id, subject_id, mark, coefficient) VALUES (89, 2, 17.48, 2.5);
INSERT INTO marks (student_id, subject_id, mark, coefficient) VALUES (89, 3, 12.83, 2.5);
INSERT INTO marks (student_id, subject_id, mark, coefficient) VALUES (89, 4, 0.72, 2.0);
INSERT INTO marks (student_id, subject_id, mark, coefficient) VALUES (90, 1, 4.72, 3.0);
INSERT INTO marks (student_id, subject_id, mark, coefficient) VALUES (90, 2, 7.58, 2.5);
INSERT INTO marks (student_id, subject_id, mark, coefficient) VALUES (90, 3, 13.06, 3.0);
INSERT INTO marks (student_id, subject_id, mark, coefficient) VALUES (90, 4, 9.76, 2.0);
INSERT INTO marks (student_id, subject_id, mark, coefficient) VALUES (91, 1, 9.71, 1.0);
INSERT INTO marks (student_id, subject_id, mark, coefficient) VALUES (91, 2, 5.9, 2.0);
INSERT INTO marks (student_id, subject_id, mark, coefficient) VALUES (91, 3, 8.21, 3.0);
INSERT INTO marks (student_id, subject_id, mark, coefficient) VALUES (91, 4, 7.73, 3.0);
INSERT INTO marks (student_id, subject_id, mark, coefficient) VALUES (92, 1, 4.7, 1.5);
INSERT INTO marks (student_id, subject_id, mark, coefficient) VALUES (92, 2, 5.82, 1.0);
INSERT INTO marks (student_id, subject_id, mark, coefficient) VALUES (92, 3, 14.04, 1.5);
INSERT INTO marks (student_id, subject_id, mark, coefficient) VALUES (92, 4, 14.77, 1.5);
INSERT INTO marks (student_id, subject_id, mark, coefficient) VALUES (93, 1, 16.61, 1.0);
INSERT INTO marks (student_id, subject_id, mark, coefficient) VALUES (93, 2, 3.5, 2.5);
INSERT INTO marks (student_id, subject_id, mark, coefficient) VALUES (93, 3, 10.49, 2.0);
INSERT INTO marks (student_id, subject_id, mark, coefficient) VALUES (93, 4, 14.11, 3.0);
INSERT INTO marks (student_id, subject_id, mark, coefficient) VALUES (94, 1, 16.35, 2.5);
INSERT INTO marks (student_id, subject_id, mark, coefficient) VALUES (94, 2, 17.07, 1.0);
INSERT INTO marks (student_id, subject_id, mark, coefficient) VALUES (94, 3, 3.63, 2.0);
INSERT INTO marks (student_id, subject_id, mark, coefficient) VALUES (94, 4, 15.6, 1.5);
INSERT INTO marks (student_id, subject_id, mark, coefficient) VALUES (95, 1, 4.46, 3.0);
INSERT INTO marks (student_id, subject_id, mark, coefficient) VALUES (95, 2, 2.44, 1.0);
INSERT INTO marks (student_id, subject_id, mark, coefficient) VALUES (95, 3, 15.09, 2.5);
INSERT INTO marks (student_id, subject_id, mark, coefficient) VALUES (95, 4, 16.53, 1.0);
INSERT INTO marks (student_id, subject_id, mark, coefficient) VALUES (96, 1, 9.67, 1.0);
INSERT INTO marks (student_id, subject_id, mark, coefficient) VALUES (96, 2, 16.45, 1.5);
INSERT INTO marks (student_id, subject_id, mark, coefficient) VALUES (96, 3, 17.49, 3.0);
INSERT INTO marks (student_id, subject_id, mark, coefficient) VALUES (96, 4, 9.57, 2.0);
INSERT INTO marks (student_id, subject_id, mark, coefficient) VALUES (97, 1, 14.14, 1.0);
INSERT INTO marks (student_id, subject_id, mark, coefficient) VALUES (97, 2, 9.09, 2.0);
INSERT INTO marks (student_id, subject_id, mark, coefficient) VALUES (97, 3, 15.58, 2.0);
INSERT INTO marks (student_id, subject_id, mark, coefficient) VALUES (97, 4, 13.6, 3.0);
INSERT INTO marks (student_id, subject_id, mark, coefficient) VALUES (98, 1, 14.92, 1.5);
INSERT INTO marks (student_id, subject_id, mark, coefficient) VALUES (98, 2, 13.42, 1.0);
INSERT INTO marks (student_id, subject_id, mark, coefficient) VALUES (98, 3, 2.71, 1.5);
INSERT INTO marks (student_id, subject_id, mark, coefficient) VALUES (98, 4, 14.49, 2.0);
INSERT INTO marks (student_id, subject_id, mark, coefficient) VALUES (99, 1, 8.28, 2.0);
INSERT INTO marks (student_id, subject_id, mark, coefficient) VALUES (99, 2, 5.07, 1.0);
INSERT INTO marks (student_id, subject_id, mark, coefficient) VALUES (99, 3, 18.1, 2.0);
INSERT INTO marks (student_id, subject_id, mark, coefficient) VALUES (99, 4, 7.21, 1.0);
INSERT INTO marks (student_id, subject_id, mark, coefficient) VALUES (100, 1, 18.06, 2.5);
INSERT INTO marks (student_id, subject_id, mark, coefficient) VALUES (100, 2, 1.9, 2.0);
INSERT INTO marks (student_id, subject_id, mark, coefficient) VALUES (100, 3, 15.78, 3.0);
INSERT INTO marks (student_id, subject_id, mark, coefficient) VALUES (100, 4, 0.86, 2.0);
INSERT INTO marks (student_id, subject_id, mark, coefficient) VALUES (101, 1, 0.33, 2.0);
INSERT INTO marks (student_id, subject_id, mark, coefficient) VALUES (101, 2, 16.65, 3.0);
INSERT INTO marks (student_id, subject_id, mark, coefficient) VALUES (101, 3, 1.16, 1.0);
INSERT INTO marks (student_id, subject_id, mark, coefficient) VALUES (101, 4, 7.64, 2.5);
INSERT INTO marks (student_id, subject_id, mark, coefficient) VALUES (102, 1, 13.91, 2.5);
INSERT INTO marks (student_id, subject_id, mark, coefficient) VALUES (102, 2, 3.08, 2.0);
INSERT INTO marks (student_id, subject_id, mark, coefficient) VALUES (102, 3, 19.43, 1.0);
INSERT INTO marks (student_id, subject_id, mark, coefficient) VALUES (102, 4, 1.81, 1.0);
INSERT INTO marks (student_id, subject_id, mark, coefficient) VALUES (103, 1, 5.35, 3.0);
INSERT INTO marks (student_id, subject_id, mark, coefficient) VALUES (103, 2, 4.1, 2.0);
INSERT INTO marks (student_id, subject_id, mark, coefficient) VALUES (103, 3, 16.75, 3.0);
INSERT INTO marks (student_id, subject_id, mark, coefficient) VALUES (103, 4, 4.7, 3.0);
INSERT INTO marks (student_id, subject_id, mark, coefficient) VALUES (104, 1, 7.89, 1.0);
INSERT INTO marks (student_id, subject_id, mark, coefficient) VALUES (104, 2, 12.95, 1.0);
INSERT INTO marks (student_id, subject_id, mark, coefficient) VALUES (104, 3, 8.5, 2.0);
INSERT INTO marks (student_id, subject_id, mark, coefficient) VALUES (104, 4, 0.91, 1.0);
INSERT INTO marks (student_id, subject_id, mark, coefficient) VALUES (105, 1, 11.96, 2.0);
INSERT INTO marks (student_id, subject_id, mark, coefficient) VALUES (105, 2, 4.99, 2.0);
INSERT INTO marks (student_id, subject_id, mark, coefficient) VALUES (105, 3, 16.84, 2.5);
INSERT INTO marks (student_id, subject_id, mark, coefficient) VALUES (105, 4, 0.48, 1.5);
INSERT INTO marks (student_id, subject_id, mark, coefficient) VALUES (106, 1, 10.09, 1.5);
INSERT INTO marks (student_id, subject_id, mark, coefficient) VALUES (106, 2, 6.93, 1.5);
INSERT INTO marks (student_id, subject_id, mark, coefficient) VALUES (106, 3, 9.32, 3.0);
INSERT INTO marks (student_id, subject_id, mark, coefficient) VALUES (106, 4, 16.85, 2.5);
INSERT INTO marks (student_id, subject_id, mark, coefficient) VALUES (107, 1, 5.62, 2.5);
INSERT INTO marks (student_id, subject_id, mark, coefficient) VALUES (107, 2, 17.62, 1.5);
INSERT INTO marks (student_id, subject_id, mark, coefficient) VALUES (107, 3, 15.26, 2.5);
INSERT INTO marks (student_id, subject_id, mark, coefficient) VALUES (107, 4, 13.44, 2.5);
INSERT INTO marks (student_id, subject_id, mark, coefficient) VALUES (108, 1, 10.44, 1.0);
INSERT INTO marks (student_id, subject_id, mark, coefficient) VALUES (108, 2, 7.22, 1.5);
INSERT INTO marks (student_id, subject_id, mark, coefficient) VALUES (108, 3, 12.4, 2.0);
INSERT INTO marks (student_id, subject_id, mark, coefficient) VALUES (108, 4, 14.73, 3.0);
INSERT INTO marks (student_id, subject_id, mark, coefficient) VALUES (109, 1, 14.39, 1.5);
INSERT INTO marks (student_id, subject_id, mark, coefficient) VALUES (109, 2, 15.45, 2.0);
INSERT INTO marks (student_id, subject_id, mark, coefficient) VALUES (109, 3, 4.9, 1.0);
INSERT INTO marks (student_id, subject_id, mark, coefficient) VALUES (109, 4, 6.52, 3.0);
INSERT INTO marks (student_id, subject_id, mark, coefficient) VALUES (110, 1, 6.91, 1.5);
INSERT INTO marks (student_id, subject_id, mark, coefficient) VALUES (110, 2, 17.35, 2.5);
INSERT INTO marks (student_id, subject_id, mark, coefficient) VALUES (110, 3, 9.3, 1.0);
INSERT INTO marks (student_id, subject_id, mark, coefficient) VALUES (110, 4, 6.54, 1.5);
INSERT INTO marks (student_id, subject_id, mark, coefficient) VALUES (111, 1, 15.97, 1.5);
INSERT INTO marks (student_id, subject_id, mark, coefficient) VALUES (111, 2, 11.24, 3.0);
INSERT INTO marks (student_id, subject_id, mark, coefficient) VALUES (111, 3, 5.06, 3.0);
INSERT INTO marks (student_id, subject_id, mark, coefficient) VALUES (111, 4, 3.94, 1.5);
INSERT INTO marks (student_id, subject_id, mark, coefficient) VALUES (112, 1, 16.23, 3.0);
INSERT INTO marks (student_id, subject_id, mark, coefficient) VALUES (112, 2, 5.42, 2.5);
INSERT INTO marks (student_id, subject_id, mark, coefficient) VALUES (112, 3, 11.65, 3.0);
INSERT INTO marks (student_id, subject_id, mark, coefficient) VALUES (112, 4, 19.57, 3.0);
INSERT INTO marks (student_id, subject_id, mark, coefficient) VALUES (113, 1, 17.05, 2.5);
INSERT INTO marks (student_id, subject_id, mark, coefficient) VALUES (113, 2, 17.46, 2.5);
INSERT INTO marks (student_id, subject_id, mark, coefficient) VALUES (113, 3, 7.31, 2.5);
INSERT INTO marks (student_id, subject_id, mark, coefficient) VALUES (113, 4, 7.0, 2.0);
INSERT INTO marks (student_id, subject_id, mark, coefficient) VALUES (114, 1, 13.46, 1.5);
INSERT INTO marks (student_id, subject_id, mark, coefficient) VALUES (114, 2, 12.76, 1.5);
INSERT INTO marks (student_id, subject_id, mark, coefficient) VALUES (114, 3, 6.55, 2.5);
INSERT INTO marks (student_id, subject_id, mark, coefficient) VALUES (114, 4, 16.31, 3.0);
INSERT INTO marks (student_id, subject_id, mark, coefficient) VALUES (115, 1, 13.78, 2.5);
INSERT INTO marks (student_id, subject_id, mark, coefficient) VALUES (115, 2, 12.97, 1.5);
INSERT INTO marks (student_id, subject_id, mark, coefficient) VALUES (115, 3, 2.4, 3.0);
INSERT INTO marks (student_id, subject_id, mark, coefficient) VALUES (115, 4, 6.6, 2.5);
INSERT INTO marks (student_id, subject_id, mark, coefficient) VALUES (116, 1, 15.9, 1.5);
INSERT INTO marks (student_id, subject_id, mark, coefficient) VALUES (116, 2, 2.46, 2.0);
INSERT INTO marks (student_id, subject_id, mark, coefficient) VALUES (116, 3, 10.35, 1.5);
INSERT INTO marks (student_id, subject_id, mark, coefficient) VALUES (116, 4, 14.62, 2.0);
INSERT INTO marks (student_id, subject_id, mark, coefficient) VALUES (117, 1, 15.55, 3.0);
INSERT INTO marks (student_id, subject_id, mark, coefficient) VALUES (117, 2, 19.08, 2.0);
INSERT INTO marks (student_id, subject_id, mark, coefficient) VALUES (117, 3, 8.02, 1.0);
INSERT INTO marks (student_id, subject_id, mark, coefficient) VALUES (117, 4, 16.8, 1.0);
INSERT INTO marks (student_id, subject_id, mark, coefficient) VALUES (118, 1, 1.78, 2.0);
INSERT INTO marks (student_id, subject_id, mark, coefficient) VALUES (118, 2, 7.27, 2.0);
INSERT INTO marks (student_id, subject_id, mark, coefficient) VALUES (118, 3, 17.23, 1.5);
INSERT INTO marks (student_id, subject_id, mark, coefficient) VALUES (118, 4, 9.2, 2.5);
INSERT INTO marks (student_id, subject_id, mark, coefficient) VALUES (119, 1, 19.22, 3.0);
INSERT INTO marks (student_id, subject_id, mark, coefficient) VALUES (119, 2, 3.3, 3.0);
INSERT INTO marks (student_id, subject_id, mark, coefficient) VALUES (119, 3, 1.85, 2.5);
INSERT INTO marks (student_id, subject_id, mark, coefficient) VALUES (119, 4, 18.43, 1.0);
INSERT INTO marks (student_id, subject_id, mark, coefficient) VALUES (120, 1, 8.74, 2.0);
INSERT INTO marks (student_id, subject_id, mark, coefficient) VALUES (120, 2, 19.89, 3.0);
INSERT INTO marks (student_id, subject_id, mark, coefficient) VALUES (120, 3, 7.15, 3.0);
INSERT INTO marks (student_id, subject_id, mark, coefficient) VALUES (120, 4, 11.55, 2.5);
INSERT INTO marks (student_id, subject_id, mark, coefficient) VALUES (121, 1, 5.04, 1.0);
INSERT INTO marks (student_id, subject_id, mark, coefficient) VALUES (121, 2, 11.36, 1.0);
INSERT INTO marks (student_id, subject_id, mark, coefficient) VALUES (121, 3, 18.32, 1.5);
INSERT INTO marks (student_id, subject_id, mark, coefficient) VALUES (121, 4, 6.53, 2.5);
INSERT INTO marks (student_id, subject_id, mark, coefficient) VALUES (122, 1, 12.9, 1.5);
INSERT INTO marks (student_id, subject_id, mark, coefficient) VALUES (122, 2, 18.74, 1.0);
INSERT INTO marks (student_id, subject_id, mark, coefficient) VALUES (122, 3, 17.99, 1.0);
INSERT INTO marks (student_id, subject_id, mark, coefficient) VALUES (122, 4, 16.77, 2.5);
INSERT INTO marks (student_id, subject_id, mark, coefficient) VALUES (123, 1, 0.88, 2.5);
INSERT INTO marks (student_id, subject_id, mark, coefficient) VALUES (123, 2, 6.06, 2.0);
INSERT INTO marks (student_id, subject_id, mark, coefficient) VALUES (123, 3, 10.97, 1.5);
INSERT INTO marks (student_id, subject_id, mark, coefficient) VALUES (123, 4, 12.6, 1.5);
INSERT INTO marks (student_id, subject_id, mark, coefficient) VALUES (124, 1, 6.75, 1.5);
INSERT INTO marks (student_id, subject_id, mark, coefficient) VALUES (124, 2, 6.3, 1.5);
INSERT INTO marks (student_id, subject_id, mark, coefficient) VALUES (124, 3, 13.48, 1.0);
INSERT INTO marks (student_id, subject_id, mark, coefficient) VALUES (124, 4, 15.7, 1.5);
INSERT INTO marks (student_id, subject_id, mark, coefficient) VALUES (125, 1, 10.54, 3.0);
INSERT INTO marks (student_id, subject_id, mark, coefficient) VALUES (125, 2, 4.02, 3.0);
INSERT INTO marks (student_id, subject_id, mark, coefficient) VALUES (125, 3, 17.86, 3.0);
INSERT INTO marks (student_id, subject_id, mark, coefficient) VALUES (125, 4, 9.73, 3.0);
INSERT INTO marks (student_id, subject_id, mark, coefficient) VALUES (126, 1, 3.76, 2.5);
INSERT INTO marks (student_id, subject_id, mark, coefficient) VALUES (126, 2, 0.06, 3.0);
INSERT INTO marks (student_id, subject_id, mark, coefficient) VALUES (126, 3, 15.74, 1.5);
INSERT INTO marks (student_id, subject_id, mark, coefficient) VALUES (126, 4, 2.55, 3.0);
INSERT INTO marks (student_id, subject_id, mark, coefficient) VALUES (127, 1, 16.56, 2.5);
INSERT INTO marks (student_id, subject_id, mark, coefficient) VALUES (127, 2, 18.2, 2.5);
INSERT INTO marks (student_id, subject_id, mark, coefficient) VALUES (127, 3, 13.7, 2.5);
INSERT INTO marks (student_id, subject_id, mark, coefficient) VALUES (127, 4, 6.04, 3.0);
INSERT INTO marks (student_id, subject_id, mark, coefficient) VALUES (128, 1, 12.94, 1.0);
INSERT INTO marks (student_id, subject_id, mark, coefficient) VALUES (128, 2, 12.08, 2.5);
INSERT INTO marks (student_id, subject_id, mark, coefficient) VALUES (128, 3, 4.29, 3.0);
INSERT INTO marks (student_id, subject_id, mark, coefficient) VALUES (128, 4, 8.14, 2.5);
INSERT INTO marks (student_id, subject_id, mark, coefficient) VALUES (129, 1, 16.78, 2.0);
INSERT INTO marks (student_id, subject_id, mark, coefficient) VALUES (129, 2, 6.77, 3.0);
INSERT INTO marks (student_id, subject_id, mark, coefficient) VALUES (129, 3, 1.18, 1.0);
INSERT INTO marks (student_id, subject_id, mark, coefficient) VALUES (129, 4, 5.11, 2.0);
INSERT INTO marks (student_id, subject_id, mark, coefficient) VALUES (130, 1, 12.48, 1.5);
INSERT INTO marks (student_id, subject_id, mark, coefficient) VALUES (130, 2, 3.36, 1.0);
INSERT INTO marks (student_id, subject_id, mark, coefficient) VALUES (130, 3, 15.01, 2.0);
INSERT INTO marks (student_id, subject_id, mark, coefficient) VALUES (130, 4, 5.35, 1.5);
INSERT INTO marks (student_id, subject_id, mark, coefficient) VALUES (131, 1, 10.31, 1.0);
INSERT INTO marks (student_id, subject_id, mark, coefficient) VALUES (131, 2, 18.54, 2.0);
INSERT INTO marks (student_id, subject_id, mark, coefficient) VALUES (131, 3, 1.26, 1.0);
INSERT INTO marks (student_id, subject_id, mark, coefficient) VALUES (131, 4, 9.46, 1.0);
