INSERT INTO years (id, name) VALUES (1, '2025');
INSERT INTO rooms (id, name) VALUES (1, 'Room 1');
INSERT INTO rooms (id, name) VALUES (2, 'Room 2');
INSERT INTO rooms (id, name) VALUES (3, 'Room 3');
INSERT INTO rooms (id, name) VALUES (4, 'Room 4');
INSERT INTO rooms (id, name) VALUES (5, 'Visio');
INSERT INTO teachers (id, first_name, last_name, email) VALUES (1, 'Calvin', 'Hopkins', 'calvin.hopkins@efrei.net');
INSERT INTO teachers (id, first_name, last_name, email) VALUES (2, 'Shannon', 'Mercer', 'shannon.mercer@efrei.net');
INSERT INTO teachers (id, first_name, last_name, email) VALUES (3, 'Gerald', 'Hampton', 'gerald.hampton@efrei.net');
INSERT INTO teachers (id, first_name, last_name, email) VALUES (4, 'Marc', 'Robinson', 'marc.robinson@efrei.net');
INSERT INTO teachers (id, first_name, last_name, email) VALUES (5, 'Margaret', 'Stone', 'margaret.stone@efrei.net');
INSERT INTO teachers (id, first_name, last_name, email) VALUES (6, 'James', 'Guzman', 'james.guzman@efrei.net');
INSERT INTO teachers (id, first_name, last_name, email) VALUES (7, 'Natalie', 'Lawson', 'natalie.lawson@efrei.net');
INSERT INTO teachers (id, first_name, last_name, email) VALUES (8, 'Tamara', 'Reed', 'tamara.reed@efrei.net');
INSERT INTO teachers (id, first_name, last_name, email) VALUES (9, 'Elizabeth', 'Chase', 'elizabeth.chase@efrei.net');
INSERT INTO teachers (id, first_name, last_name, email) VALUES (10, 'Jessica', 'Calderon', 'jessica.calderon@efrei.net');
INSERT INTO classes (id, name, year_id) VALUES (1, 'INT 1', 1);
INSERT INTO classes (id, name, year_id) VALUES (2, 'INT 2', 1);
INSERT INTO classes (id, name, year_id) VALUES (3, 'PLUS 1', 1);
INSERT INTO classes (id, name, year_id) VALUES (4, 'PLUS 2', 1);
INSERT INTO modules (id, name, head_id, year_id) VALUES (1, 'Mathematics', 8, 1);
INSERT INTO modules (id, name, head_id, year_id) VALUES (2, 'Computer Science', 2, 1);
INSERT INTO modules (id, name, head_id, year_id) VALUES (3, 'Physics', 4, 1);
INSERT INTO modules (id, name, head_id, year_id) VALUES (4, 'Chemistry', 7, 1);
INSERT INTO subjects (id, name, module_id, teacher_id) VALUES (1, 'Algebra', 1, 1);
INSERT INTO subjects (id, name, module_id, teacher_id) VALUES (2, 'Calculus', 1, 1);
INSERT INTO subjects (id, name, module_id, teacher_id) VALUES (3, 'Programming', 2, 2);
INSERT INTO subjects (id, name, module_id, teacher_id) VALUES (4, 'Data Structures', 2, 3);
INSERT INTO students (id, first_name, last_name, email, class_id) VALUES (1, 'Darryl', 'Bradford', 'darryl.bradford@efrei.net', 1);
INSERT INTO students (id, first_name, last_name, email, class_id) VALUES (2, 'Julie', 'Gibbs', 'julie.gibbs@efrei.net', 1);
INSERT INTO students (id, first_name, last_name, email, class_id) VALUES (3, 'Bryan', 'Kemp', 'bryan.kemp@efrei.net', 1);
INSERT INTO students (id, first_name, last_name, email, class_id) VALUES (4, 'Willie', 'Brewer', 'willie.brewer@efrei.net', 1);
INSERT INTO students (id, first_name, last_name, email, class_id) VALUES (5, 'Jacqueline', 'Huang', 'jacqueline.huang@efrei.net', 1);
INSERT INTO students (id, first_name, last_name, email, class_id) VALUES (6, 'James', 'Mendez', 'james.mendez@efrei.net', 1);
INSERT INTO students (id, first_name, last_name, email, class_id) VALUES (7, 'Jennifer', 'Young', 'jennifer.young@efrei.net', 1);
INSERT INTO students (id, first_name, last_name, email, class_id) VALUES (8, 'Larry', 'Orr', 'larry.orr@efrei.net', 1);
INSERT INTO students (id, first_name, last_name, email, class_id) VALUES (9, 'Amber', 'Santiago', 'amber.santiago@efrei.net', 1);
INSERT INTO students (id, first_name, last_name, email, class_id) VALUES (10, 'Jenna', 'Henson', 'jenna.henson@efrei.net', 1);
INSERT INTO students (id, first_name, last_name, email, class_id) VALUES (11, 'Joshua', 'Rodriguez', 'joshua.rodriguez@efrei.net', 1);
INSERT INTO students (id, first_name, last_name, email, class_id) VALUES (12, 'Stephanie', 'Copeland', 'stephanie.copeland@efrei.net', 1);
INSERT INTO students (id, first_name, last_name, email, class_id) VALUES (13, 'Kelly', 'Mendez', 'kelly.mendez@efrei.net', 1);
INSERT INTO students (id, first_name, last_name, email, class_id) VALUES (14, 'Madison', 'Sanders', 'madison.sanders@efrei.net', 1);
INSERT INTO students (id, first_name, last_name, email, class_id) VALUES (15, 'Heather', 'Turner', 'heather.turner@efrei.net', 1);
INSERT INTO students (id, first_name, last_name, email, class_id) VALUES (16, 'Adam', 'Wood', 'adam.wood@efrei.net', 1);
INSERT INTO students (id, first_name, last_name, email, class_id) VALUES (17, 'Terrance', 'Wells', 'terrance.wells@efrei.net', 1);
INSERT INTO students (id, first_name, last_name, email, class_id) VALUES (18, 'George', 'Jones', 'george.jones@efrei.net', 1);
INSERT INTO students (id, first_name, last_name, email, class_id) VALUES (19, 'David', 'Jackson', 'david.jackson@efrei.net', 1);
INSERT INTO students (id, first_name, last_name, email, class_id) VALUES (20, 'Michelle', 'Dean', 'michelle.dean@efrei.net', 1);
INSERT INTO students (id, first_name, last_name, email, class_id) VALUES (21, 'Paul', 'Stewart', 'paul.stewart@efrei.net', 1);
INSERT INTO students (id, first_name, last_name, email, class_id) VALUES (22, 'Eric', 'Brown', 'eric.brown@efrei.net', 1);
INSERT INTO students (id, first_name, last_name, email, class_id) VALUES (23, 'Joshua', 'Torres', 'joshua.torres@efrei.net', 1);
INSERT INTO students (id, first_name, last_name, email, class_id) VALUES (24, 'Shannon', 'Brown', 'shannon.brown@efrei.net', 1);
INSERT INTO students (id, first_name, last_name, email, class_id) VALUES (25, 'Justin', 'Benjamin', 'justin.benjamin@efrei.net', 1);
INSERT INTO students (id, first_name, last_name, email, class_id) VALUES (26, 'Kenneth', 'Santiago', 'kenneth.santiago@efrei.net', 1);
INSERT INTO students (id, first_name, last_name, email, class_id) VALUES (27, 'Natalie', 'Burton', 'natalie.burton@efrei.net', 1);
INSERT INTO students (id, first_name, last_name, email, class_id) VALUES (28, 'Michelle', 'Long', 'michelle.long@efrei.net', 1);
INSERT INTO students (id, first_name, last_name, email, class_id) VALUES (29, 'Edward', 'Marquez', 'edward.marquez@efrei.net', 1);
INSERT INTO students (id, first_name, last_name, email, class_id) VALUES (30, 'April', 'Jordan', 'april.jordan@efrei.net', 1);
INSERT INTO students (id, first_name, last_name, email, class_id) VALUES (31, 'Megan', 'James', 'megan.james@efrei.net', 1);
INSERT INTO students (id, first_name, last_name, email, class_id) VALUES (32, 'Mason', 'Jones', 'mason.jones@efrei.net', 1);
INSERT INTO students (id, first_name, last_name, email, class_id) VALUES (33, 'Robert', 'Hicks', 'robert.hicks@efrei.net', 1);
INSERT INTO students (id, first_name, last_name, email, class_id) VALUES (34, 'Sean', 'Castro', 'sean.castro@efrei.net', 1);
INSERT INTO students (id, first_name, last_name, email, class_id) VALUES (35, 'Tracey', 'Williams', 'tracey.williams@efrei.net', 1);
INSERT INTO students (id, first_name, last_name, email, class_id) VALUES (36, 'Aaron', 'Rivera', 'aaron.rivera@efrei.net', 1);
INSERT INTO students (id, first_name, last_name, email, class_id) VALUES (37, 'Natalie', 'Thomas', 'natalie.thomas@efrei.net', 1);
INSERT INTO students (id, first_name, last_name, email, class_id) VALUES (38, 'Justin', 'Munoz', 'justin.munoz@efrei.net', 1);
INSERT INTO students (id, first_name, last_name, email, class_id) VALUES (39, 'Marilyn', 'Porter', 'marilyn.porter@efrei.net', 1);
INSERT INTO students (id, first_name, last_name, email, class_id) VALUES (40, 'Ricardo', 'Jones', 'ricardo.jones@efrei.net', 2);
INSERT INTO students (id, first_name, last_name, email, class_id) VALUES (41, 'Thomas', 'Reid', 'thomas.reid@efrei.net', 2);
INSERT INTO students (id, first_name, last_name, email, class_id) VALUES (42, 'Matthew', 'Wheeler', 'matthew.wheeler@efrei.net', 2);
INSERT INTO students (id, first_name, last_name, email, class_id) VALUES (43, 'Ryan', 'Holmes', 'ryan.holmes@efrei.net', 2);
INSERT INTO students (id, first_name, last_name, email, class_id) VALUES (44, 'Matthew', 'Huerta', 'matthew.huerta@efrei.net', 2);
INSERT INTO students (id, first_name, last_name, email, class_id) VALUES (45, 'Krista', 'Butler', 'krista.butler@efrei.net', 2);
INSERT INTO students (id, first_name, last_name, email, class_id) VALUES (46, 'Theresa', 'Vasquez', 'theresa.vasquez@efrei.net', 2);
INSERT INTO students (id, first_name, last_name, email, class_id) VALUES (47, 'Carol', 'Dunn', 'carol.dunn@efrei.net', 2);
INSERT INTO students (id, first_name, last_name, email, class_id) VALUES (48, 'Molly', 'Patel', 'molly.patel@efrei.net', 2);
INSERT INTO students (id, first_name, last_name, email, class_id) VALUES (49, 'Sharon', 'Brady', 'sharon.brady@efrei.net', 2);
INSERT INTO students (id, first_name, last_name, email, class_id) VALUES (50, 'Gerald', 'Whitehead', 'gerald.whitehead@efrei.net', 2);
INSERT INTO students (id, first_name, last_name, email, class_id) VALUES (51, 'Cheryl', 'Hutchinson', 'cheryl.hutchinson@efrei.net', 2);
INSERT INTO students (id, first_name, last_name, email, class_id) VALUES (52, 'Cynthia', 'Gross', 'cynthia.gross@efrei.net', 2);
INSERT INTO students (id, first_name, last_name, email, class_id) VALUES (53, 'Chelsea', 'Nelson', 'chelsea.nelson@efrei.net', 2);
INSERT INTO students (id, first_name, last_name, email, class_id) VALUES (54, 'Alexander', 'Pena', 'alexander.pena@efrei.net', 2);
INSERT INTO students (id, first_name, last_name, email, class_id) VALUES (55, 'Joshua', 'Young', 'joshua.young@efrei.net', 2);
INSERT INTO students (id, first_name, last_name, email, class_id) VALUES (56, 'Gerald', 'Lewis', 'gerald.lewis@efrei.net', 2);
INSERT INTO students (id, first_name, last_name, email, class_id) VALUES (57, 'Jessica', 'Jackson', 'jessica.jackson@efrei.net', 2);
INSERT INTO students (id, first_name, last_name, email, class_id) VALUES (58, 'Heather', 'Ruiz', 'heather.ruiz@efrei.net', 2);
INSERT INTO students (id, first_name, last_name, email, class_id) VALUES (59, 'Gary', 'Harper', 'gary.harper@efrei.net', 2);
INSERT INTO students (id, first_name, last_name, email, class_id) VALUES (60, 'Desiree', 'Perez', 'desiree.perez@efrei.net', 2);
INSERT INTO students (id, first_name, last_name, email, class_id) VALUES (61, 'Corey', 'Smith', 'corey.smith@efrei.net', 2);
INSERT INTO students (id, first_name, last_name, email, class_id) VALUES (62, 'Monique', 'Garcia', 'monique.garcia@efrei.net', 2);
INSERT INTO students (id, first_name, last_name, email, class_id) VALUES (63, 'Renee', 'Gonzalez', 'renee.gonzalez@efrei.net', 2);
INSERT INTO students (id, first_name, last_name, email, class_id) VALUES (64, 'Dana', 'Mueller', 'dana.mueller@efrei.net', 2);
INSERT INTO students (id, first_name, last_name, email, class_id) VALUES (65, 'Wesley', 'Young', 'wesley.young@efrei.net', 2);
INSERT INTO students (id, first_name, last_name, email, class_id) VALUES (66, 'Jonathan', 'Green', 'jonathan.green@efrei.net', 2);
INSERT INTO students (id, first_name, last_name, email, class_id) VALUES (67, 'Jason', 'Butler', 'jason.butler@efrei.net', 2);
INSERT INTO students (id, first_name, last_name, email, class_id) VALUES (68, 'George', 'Nelson', 'george.nelson@efrei.net', 2);
INSERT INTO students (id, first_name, last_name, email, class_id) VALUES (69, 'Sandra', 'Baker', 'sandra.baker@efrei.net', 2);
INSERT INTO students (id, first_name, last_name, email, class_id) VALUES (70, 'Melissa', 'Thompson', 'melissa.thompson@efrei.net', 2);
INSERT INTO students (id, first_name, last_name, email, class_id) VALUES (71, 'David', 'Davis', 'david.davis@efrei.net', 2);
INSERT INTO students (id, first_name, last_name, email, class_id) VALUES (72, 'Brooke', 'Torres', 'brooke.torres@efrei.net', 2);
INSERT INTO students (id, first_name, last_name, email, class_id) VALUES (73, 'Angela', 'Bailey', 'angela.bailey@efrei.net', 2);
INSERT INTO students (id, first_name, last_name, email, class_id) VALUES (74, 'Courtney', 'Rodriguez', 'courtney.rodriguez@efrei.net', 2);
INSERT INTO students (id, first_name, last_name, email, class_id) VALUES (75, 'Leslie', 'Ali', 'leslie.ali@efrei.net', 3);
INSERT INTO students (id, first_name, last_name, email, class_id) VALUES (76, 'Charles', 'Duncan', 'charles.duncan@efrei.net', 3);
INSERT INTO students (id, first_name, last_name, email, class_id) VALUES (77, 'Tara', 'Wells', 'tara.wells@efrei.net', 3);
INSERT INTO students (id, first_name, last_name, email, class_id) VALUES (78, 'Jeffrey', 'Bell', 'jeffrey.bell@efrei.net', 3);
INSERT INTO students (id, first_name, last_name, email, class_id) VALUES (79, 'Justin', 'Gonzalez', 'justin.gonzalez@efrei.net', 3);
INSERT INTO students (id, first_name, last_name, email, class_id) VALUES (80, 'Jennifer', 'Moore', 'jennifer.moore@efrei.net', 3);
INSERT INTO students (id, first_name, last_name, email, class_id) VALUES (81, 'Diana', 'Clark', 'diana.clark@efrei.net', 3);
INSERT INTO students (id, first_name, last_name, email, class_id) VALUES (82, 'Jordan', 'Allen', 'jordan.allen@efrei.net', 3);
INSERT INTO students (id, first_name, last_name, email, class_id) VALUES (83, 'Trevor', 'Durham', 'trevor.durham@efrei.net', 3);
INSERT INTO students (id, first_name, last_name, email, class_id) VALUES (84, 'Gabriel', 'Alexander', 'gabriel.alexander@efrei.net', 3);
INSERT INTO students (id, first_name, last_name, email, class_id) VALUES (85, 'Jacob', 'Richmond', 'jacob.richmond@efrei.net', 3);
INSERT INTO students (id, first_name, last_name, email, class_id) VALUES (86, 'Robert', 'Clark', 'robert.clark@efrei.net', 3);
INSERT INTO students (id, first_name, last_name, email, class_id) VALUES (87, 'Jessica', 'Oneal', 'jessica.oneal@efrei.net', 3);
INSERT INTO students (id, first_name, last_name, email, class_id) VALUES (88, 'Danielle', 'Williams', 'danielle.williams@efrei.net', 3);
INSERT INTO students (id, first_name, last_name, email, class_id) VALUES (89, 'Willie', 'Bennett', 'willie.bennett@efrei.net', 3);
INSERT INTO students (id, first_name, last_name, email, class_id) VALUES (90, 'Angelica', 'Clayton', 'angelica.clayton@efrei.net', 3);
INSERT INTO students (id, first_name, last_name, email, class_id) VALUES (91, 'Christina', 'Harris', 'christina.harris@efrei.net', 3);
INSERT INTO students (id, first_name, last_name, email, class_id) VALUES (92, 'Anne', 'Sanders', 'anne.sanders@efrei.net', 3);
INSERT INTO students (id, first_name, last_name, email, class_id) VALUES (93, 'Michael', 'Mercado', 'michael.mercado@efrei.net', 3);
INSERT INTO students (id, first_name, last_name, email, class_id) VALUES (94, 'Carolyn', 'Ho', 'carolyn.ho@efrei.net', 3);
INSERT INTO students (id, first_name, last_name, email, class_id) VALUES (95, 'James', 'Price', 'james.price@efrei.net', 3);
INSERT INTO students (id, first_name, last_name, email, class_id) VALUES (96, 'Wyatt', 'Clay', 'wyatt.clay@efrei.net', 3);
INSERT INTO students (id, first_name, last_name, email, class_id) VALUES (97, 'Stephanie', 'Jackson', 'stephanie.jackson@efrei.net', 3);
INSERT INTO students (id, first_name, last_name, email, class_id) VALUES (98, 'Curtis', 'Frazier', 'curtis.frazier@efrei.net', 3);
INSERT INTO students (id, first_name, last_name, email, class_id) VALUES (99, 'Carlos', 'Bowman', 'carlos.bowman@efrei.net', 3);
INSERT INTO students (id, first_name, last_name, email, class_id) VALUES (100, 'Jill', 'Davidson', 'jill.davidson@efrei.net', 3);
INSERT INTO students (id, first_name, last_name, email, class_id) VALUES (101, 'Gloria', 'Paul', 'gloria.paul@efrei.net', 3);
INSERT INTO students (id, first_name, last_name, email, class_id) VALUES (102, 'Donna', 'Allen', 'donna.allen@efrei.net', 3);
INSERT INTO students (id, first_name, last_name, email, class_id) VALUES (103, 'Deborah', 'Torres', 'deborah.torres@efrei.net', 3);
INSERT INTO students (id, first_name, last_name, email, class_id) VALUES (104, 'Marvin', 'Zimmerman', 'marvin.zimmerman@efrei.net', 3);
INSERT INTO students (id, first_name, last_name, email, class_id) VALUES (105, 'Jose', 'Wagner', 'jose.wagner@efrei.net', 3);
INSERT INTO students (id, first_name, last_name, email, class_id) VALUES (106, 'Michael', 'Mathews', 'michael.mathews@efrei.net', 3);
INSERT INTO students (id, first_name, last_name, email, class_id) VALUES (107, 'William', 'Cruz', 'william.cruz@efrei.net', 3);
INSERT INTO students (id, first_name, last_name, email, class_id) VALUES (108, 'Elizabeth', 'Green', 'elizabeth.green@efrei.net', 3);
INSERT INTO students (id, first_name, last_name, email, class_id) VALUES (109, 'Jennifer', 'Anderson', 'jennifer.anderson@efrei.net', 3);
INSERT INTO students (id, first_name, last_name, email, class_id) VALUES (110, 'Richard', 'Luna', 'richard.luna@efrei.net', 3);
INSERT INTO students (id, first_name, last_name, email, class_id) VALUES (111, 'Joan', 'Bishop', 'joan.bishop@efrei.net', 4);
INSERT INTO students (id, first_name, last_name, email, class_id) VALUES (112, 'Maria', 'Nichols', 'maria.nichols@efrei.net', 4);
INSERT INTO students (id, first_name, last_name, email, class_id) VALUES (113, 'Gregory', 'Gray', 'gregory.gray@efrei.net', 4);
INSERT INTO students (id, first_name, last_name, email, class_id) VALUES (114, 'Andrew', 'Simmons', 'andrew.simmons@efrei.net', 4);
INSERT INTO students (id, first_name, last_name, email, class_id) VALUES (115, 'Diana', 'Ware', 'diana.ware@efrei.net', 4);
INSERT INTO students (id, first_name, last_name, email, class_id) VALUES (116, 'Jason', 'Payne', 'jason.payne@efrei.net', 4);
INSERT INTO students (id, first_name, last_name, email, class_id) VALUES (117, 'Stephanie', 'Ramirez', 'stephanie.ramirez@efrei.net', 4);
INSERT INTO students (id, first_name, last_name, email, class_id) VALUES (118, 'Rachael', 'Holland', 'rachael.holland@efrei.net', 4);
INSERT INTO students (id, first_name, last_name, email, class_id) VALUES (119, 'Marcus', 'Becker', 'marcus.becker@efrei.net', 4);
INSERT INTO students (id, first_name, last_name, email, class_id) VALUES (120, 'Vanessa', 'Salinas', 'vanessa.salinas@efrei.net', 4);
INSERT INTO students (id, first_name, last_name, email, class_id) VALUES (121, 'Jennifer', 'Morgan', 'jennifer.morgan@efrei.net', 4);
INSERT INTO students (id, first_name, last_name, email, class_id) VALUES (122, 'Christopher', 'Flynn', 'christopher.flynn@efrei.net', 4);
INSERT INTO students (id, first_name, last_name, email, class_id) VALUES (123, 'Maria', 'Valenzuela', 'maria.valenzuela@efrei.net', 4);
INSERT INTO students (id, first_name, last_name, email, class_id) VALUES (124, 'Steven', 'Tucker', 'steven.tucker@efrei.net', 4);
INSERT INTO students (id, first_name, last_name, email, class_id) VALUES (125, 'Alexandra', 'Buckley', 'alexandra.buckley@efrei.net', 4);
INSERT INTO students (id, first_name, last_name, email, class_id) VALUES (126, 'Austin', 'Waters', 'austin.waters@efrei.net', 4);
INSERT INTO students (id, first_name, last_name, email, class_id) VALUES (127, 'Tracy', 'Greene', 'tracy.greene@efrei.net', 4);
INSERT INTO students (id, first_name, last_name, email, class_id) VALUES (128, 'Maria', 'Miller', 'maria.miller@efrei.net', 4);
INSERT INTO students (id, first_name, last_name, email, class_id) VALUES (129, 'Lori', 'Mitchell', 'lori.mitchell@efrei.net', 4);
INSERT INTO students (id, first_name, last_name, email, class_id) VALUES (130, 'James', 'Bailey', 'james.bailey@efrei.net', 4);
INSERT INTO students (id, first_name, last_name, email, class_id) VALUES (131, 'Henry', 'Carroll', 'henry.carroll@efrei.net', 4);
INSERT INTO students (id, first_name, last_name, email, class_id) VALUES (132, 'Courtney', 'Roberts', 'courtney.roberts@efrei.net', 4);
INSERT INTO students (id, first_name, last_name, email, class_id) VALUES (133, 'Jackson', 'Sanchez', 'jackson.sanchez@efrei.net', 4);
INSERT INTO students (id, first_name, last_name, email, class_id) VALUES (134, 'Paul', 'Robbins', 'paul.robbins@efrei.net', 4);
INSERT INTO students (id, first_name, last_name, email, class_id) VALUES (135, 'Ryan', 'Smith', 'ryan.smith@efrei.net', 4);
INSERT INTO students (id, first_name, last_name, email, class_id) VALUES (136, 'Desiree', 'Fritz', 'desiree.fritz@efrei.net', 4);
INSERT INTO students (id, first_name, last_name, email, class_id) VALUES (137, 'Jason', 'Beck', 'jason.beck@efrei.net', 4);
INSERT INTO students (id, first_name, last_name, email, class_id) VALUES (138, 'Dennis', 'Sweeney', 'dennis.sweeney@efrei.net', 4);
INSERT INTO students (id, first_name, last_name, email, class_id) VALUES (139, 'Kelly', 'Bauer', 'kelly.bauer@efrei.net', 4);
INSERT INTO students (id, first_name, last_name, email, class_id) VALUES (140, 'Ashley', 'Sparks', 'ashley.sparks@efrei.net', 4);
INSERT INTO students (id, first_name, last_name, email, class_id) VALUES (141, 'Heather', 'Travis', 'heather.travis@efrei.net', 4);
INSERT INTO students (id, first_name, last_name, email, class_id) VALUES (142, 'Donna', 'Guzman', 'donna.guzman@efrei.net', 4);
INSERT INTO students (id, first_name, last_name, email, class_id) VALUES (143, 'Robert', 'Pearson', 'robert.pearson@efrei.net', 4);
INSERT INTO students (id, first_name, last_name, email, class_id) VALUES (144, 'Dennis', 'Robinson', 'dennis.robinson@efrei.net', 4);
INSERT INTO students (id, first_name, last_name, email, class_id) VALUES (145, 'Kimberly', 'Erickson', 'kimberly.erickson@efrei.net', 4);
INSERT INTO students (id, first_name, last_name, email, class_id) VALUES (146, 'Caitlin', 'Gill', 'caitlin.gill@efrei.net', 4);
INSERT INTO students (id, first_name, last_name, email, class_id) VALUES (147, 'Alexandria', 'Garrett', 'alexandria.garrett@efrei.net', 4);
INSERT INTO students (id, first_name, last_name, email, class_id) VALUES (148, 'Brandon', 'Powell', 'brandon.powell@efrei.net', 4);
INSERT INTO class_sessions (id, class_id, subject_id, session_date, teacher_id, room_id) VALUES (1, 1, 1, '2025-01-03 17:36:00', 4, 1);
INSERT INTO class_sessions (id, class_id, subject_id, session_date, teacher_id, room_id) VALUES (2, 1, 1, '2025-01-21 13:09:43', 4, 1);
INSERT INTO class_sessions (id, class_id, subject_id, session_date, teacher_id, room_id) VALUES (3, 1, 1, '2025-01-15 15:49:36', 4, 1);
INSERT INTO class_sessions (id, class_id, subject_id, session_date, teacher_id, room_id) VALUES (4, 1, 2, '2025-02-25 15:43:15', 7, 1);
INSERT INTO class_sessions (id, class_id, subject_id, session_date, teacher_id, room_id) VALUES (5, 1, 2, '2025-01-05 23:00:55', 7, 1);
INSERT INTO class_sessions (id, class_id, subject_id, session_date, teacher_id, room_id) VALUES (6, 1, 2, '2025-01-16 07:21:20', 7, 1);
INSERT INTO class_sessions (id, class_id, subject_id, session_date, teacher_id, room_id) VALUES (7, 1, 3, '2025-02-22 08:56:09', 1, 1);
INSERT INTO class_sessions (id, class_id, subject_id, session_date, teacher_id, room_id) VALUES (8, 1, 3, '2025-02-03 20:39:29', 1, 1);
INSERT INTO class_sessions (id, class_id, subject_id, session_date, teacher_id, room_id) VALUES (9, 1, 3, '2025-01-10 02:56:06', 1, 1);
INSERT INTO class_sessions (id, class_id, subject_id, session_date, teacher_id, room_id) VALUES (10, 1, 4, '2025-01-30 14:31:30', 5, 4);
INSERT INTO class_sessions (id, class_id, subject_id, session_date, teacher_id, room_id) VALUES (11, 1, 4, '2025-01-14 05:50:35', 5, 4);
INSERT INTO class_sessions (id, class_id, subject_id, session_date, teacher_id, room_id) VALUES (12, 1, 4, '2025-02-10 08:45:05', 5, 4);
INSERT INTO class_sessions (id, class_id, subject_id, session_date, teacher_id, room_id) VALUES (13, 2, 1, '2025-02-14 05:51:54', 3, 3);
INSERT INTO class_sessions (id, class_id, subject_id, session_date, teacher_id, room_id) VALUES (14, 2, 1, '2025-01-06 23:47:11', 3, 3);
INSERT INTO class_sessions (id, class_id, subject_id, session_date, teacher_id, room_id) VALUES (15, 2, 1, '2025-01-09 23:45:58', 3, 3);
INSERT INTO class_sessions (id, class_id, subject_id, session_date, teacher_id, room_id) VALUES (16, 2, 2, '2025-01-30 00:32:21', 9, 4);
INSERT INTO class_sessions (id, class_id, subject_id, session_date, teacher_id, room_id) VALUES (17, 2, 2, '2025-01-30 19:48:36', 9, 4);
INSERT INTO class_sessions (id, class_id, subject_id, session_date, teacher_id, room_id) VALUES (18, 2, 2, '2025-01-13 08:14:58', 9, 4);
INSERT INTO class_sessions (id, class_id, subject_id, session_date, teacher_id, room_id) VALUES (19, 2, 3, '2025-02-19 12:13:17', 8, 1);
INSERT INTO class_sessions (id, class_id, subject_id, session_date, teacher_id, room_id) VALUES (20, 2, 3, '2025-02-17 00:28:36', 8, 1);
INSERT INTO class_sessions (id, class_id, subject_id, session_date, teacher_id, room_id) VALUES (21, 2, 3, '2025-02-25 13:28:22', 8, 1);
INSERT INTO class_sessions (id, class_id, subject_id, session_date, teacher_id, room_id) VALUES (22, 2, 4, '2025-01-10 09:37:23', 10, 4);
INSERT INTO class_sessions (id, class_id, subject_id, session_date, teacher_id, room_id) VALUES (23, 2, 4, '2025-01-12 03:25:30', 10, 4);
INSERT INTO class_sessions (id, class_id, subject_id, session_date, teacher_id, room_id) VALUES (24, 2, 4, '2025-01-31 15:44:46', 10, 4);
INSERT INTO class_sessions (id, class_id, subject_id, session_date, teacher_id, room_id) VALUES (25, 3, 1, '2025-02-10 20:13:46', 1, 3);
INSERT INTO class_sessions (id, class_id, subject_id, session_date, teacher_id, room_id) VALUES (26, 3, 1, '2025-02-24 02:30:34', 1, 3);
INSERT INTO class_sessions (id, class_id, subject_id, session_date, teacher_id, room_id) VALUES (27, 3, 1, '2025-01-15 19:02:18', 1, 3);
INSERT INTO class_sessions (id, class_id, subject_id, session_date, teacher_id, room_id) VALUES (28, 3, 2, '2025-02-21 19:45:49', 2, 3);
INSERT INTO class_sessions (id, class_id, subject_id, session_date, teacher_id, room_id) VALUES (29, 3, 2, '2025-01-17 19:08:42', 2, 3);
INSERT INTO class_sessions (id, class_id, subject_id, session_date, teacher_id, room_id) VALUES (30, 3, 2, '2025-02-17 03:59:41', 2, 3);
INSERT INTO class_sessions (id, class_id, subject_id, session_date, teacher_id, room_id) VALUES (31, 3, 3, '2025-01-01 18:53:14', 8, 2);
INSERT INTO class_sessions (id, class_id, subject_id, session_date, teacher_id, room_id) VALUES (32, 3, 3, '2025-01-18 08:10:36', 8, 2);
INSERT INTO class_sessions (id, class_id, subject_id, session_date, teacher_id, room_id) VALUES (33, 3, 3, '2025-02-26 00:23:57', 8, 2);
INSERT INTO class_sessions (id, class_id, subject_id, session_date, teacher_id, room_id) VALUES (34, 3, 4, '2025-01-17 10:48:19', 6, 4);
INSERT INTO class_sessions (id, class_id, subject_id, session_date, teacher_id, room_id) VALUES (35, 3, 4, '2025-02-10 01:34:07', 6, 4);
INSERT INTO class_sessions (id, class_id, subject_id, session_date, teacher_id, room_id) VALUES (36, 3, 4, '2025-02-20 04:39:47', 6, 4);
INSERT INTO class_sessions (id, class_id, subject_id, session_date, teacher_id, room_id) VALUES (37, 4, 1, '2025-02-25 04:30:51', 3, 2);
INSERT INTO class_sessions (id, class_id, subject_id, session_date, teacher_id, room_id) VALUES (38, 4, 1, '2025-02-19 15:52:15', 3, 2);
INSERT INTO class_sessions (id, class_id, subject_id, session_date, teacher_id, room_id) VALUES (39, 4, 1, '2025-02-17 12:49:49', 3, 2);
INSERT INTO class_sessions (id, class_id, subject_id, session_date, teacher_id, room_id) VALUES (40, 4, 2, '2025-01-26 14:44:00', 5, 3);
INSERT INTO class_sessions (id, class_id, subject_id, session_date, teacher_id, room_id) VALUES (41, 4, 2, '2025-01-27 12:02:18', 5, 3);
INSERT INTO class_sessions (id, class_id, subject_id, session_date, teacher_id, room_id) VALUES (42, 4, 2, '2025-02-25 08:33:56', 5, 3);
INSERT INTO class_sessions (id, class_id, subject_id, session_date, teacher_id, room_id) VALUES (43, 4, 3, '2025-01-14 05:33:46', 1, 1);
INSERT INTO class_sessions (id, class_id, subject_id, session_date, teacher_id, room_id) VALUES (44, 4, 3, '2025-02-27 05:36:36', 1, 1);
INSERT INTO class_sessions (id, class_id, subject_id, session_date, teacher_id, room_id) VALUES (45, 4, 3, '2025-02-23 15:32:50', 1, 1);
INSERT INTO class_sessions (id, class_id, subject_id, session_date, teacher_id, room_id) VALUES (46, 4, 4, '2025-01-22 01:38:58', 6, 1);
INSERT INTO class_sessions (id, class_id, subject_id, session_date, teacher_id, room_id) VALUES (47, 4, 4, '2025-01-23 12:46:55', 6, 1);
INSERT INTO class_sessions (id, class_id, subject_id, session_date, teacher_id, room_id) VALUES (48, 4, 4, '2025-01-29 12:26:27', 6, 1);
INSERT INTO marks (student_id, subject_id, mark, coefficient) VALUES (1, 1, 3.38, 1.5);
INSERT INTO marks (student_id, subject_id, mark, coefficient) VALUES (1, 2, 12.86, 1.5);
INSERT INTO marks (student_id, subject_id, mark, coefficient) VALUES (1, 3, 19.6, 2.0);
INSERT INTO marks (student_id, subject_id, mark, coefficient) VALUES (1, 4, 13.09, 1.5);
INSERT INTO marks (student_id, subject_id, mark, coefficient) VALUES (2, 1, 15.65, 3.0);
INSERT INTO marks (student_id, subject_id, mark, coefficient) VALUES (2, 2, 12.54, 3.0);
INSERT INTO marks (student_id, subject_id, mark, coefficient) VALUES (2, 3, 13.23, 1.0);
INSERT INTO marks (student_id, subject_id, mark, coefficient) VALUES (2, 4, 6.94, 1.0);
INSERT INTO marks (student_id, subject_id, mark, coefficient) VALUES (3, 1, 17.13, 2.5);
INSERT INTO marks (student_id, subject_id, mark, coefficient) VALUES (3, 2, 12.92, 2.5);
INSERT INTO marks (student_id, subject_id, mark, coefficient) VALUES (3, 3, 11.63, 1.0);
INSERT INTO marks (student_id, subject_id, mark, coefficient) VALUES (3, 4, 11.86, 2.0);
INSERT INTO marks (student_id, subject_id, mark, coefficient) VALUES (4, 1, 12.18, 2.0);
INSERT INTO marks (student_id, subject_id, mark, coefficient) VALUES (4, 2, 15.35, 3.0);
INSERT INTO marks (student_id, subject_id, mark, coefficient) VALUES (4, 3, 6.13, 2.5);
INSERT INTO marks (student_id, subject_id, mark, coefficient) VALUES (4, 4, 19.06, 1.5);
INSERT INTO marks (student_id, subject_id, mark, coefficient) VALUES (5, 1, 8.28, 1.0);
INSERT INTO marks (student_id, subject_id, mark, coefficient) VALUES (5, 2, 12.28, 1.0);
INSERT INTO marks (student_id, subject_id, mark, coefficient) VALUES (5, 3, 9.77, 2.0);
INSERT INTO marks (student_id, subject_id, mark, coefficient) VALUES (5, 4, 0.43, 1.0);
INSERT INTO marks (student_id, subject_id, mark, coefficient) VALUES (6, 1, 6.25, 2.0);
INSERT INTO marks (student_id, subject_id, mark, coefficient) VALUES (6, 2, 8.73, 2.0);
INSERT INTO marks (student_id, subject_id, mark, coefficient) VALUES (6, 3, 12.58, 2.5);
INSERT INTO marks (student_id, subject_id, mark, coefficient) VALUES (6, 4, 17.53, 2.5);
INSERT INTO marks (student_id, subject_id, mark, coefficient) VALUES (7, 1, 1.53, 1.0);
INSERT INTO marks (student_id, subject_id, mark, coefficient) VALUES (7, 2, 4.86, 2.5);
INSERT INTO marks (student_id, subject_id, mark, coefficient) VALUES (7, 3, 6.09, 2.5);
INSERT INTO marks (student_id, subject_id, mark, coefficient) VALUES (7, 4, 19.13, 2.5);
INSERT INTO marks (student_id, subject_id, mark, coefficient) VALUES (8, 1, 13.39, 3.0);
INSERT INTO marks (student_id, subject_id, mark, coefficient) VALUES (8, 2, 10.88, 2.5);
INSERT INTO marks (student_id, subject_id, mark, coefficient) VALUES (8, 3, 16.42, 1.0);
INSERT INTO marks (student_id, subject_id, mark, coefficient) VALUES (8, 4, 1.81, 1.5);
INSERT INTO marks (student_id, subject_id, mark, coefficient) VALUES (9, 1, 5.75, 1.5);
INSERT INTO marks (student_id, subject_id, mark, coefficient) VALUES (9, 2, 2.03, 2.0);
INSERT INTO marks (student_id, subject_id, mark, coefficient) VALUES (9, 3, 7.79, 2.0);
INSERT INTO marks (student_id, subject_id, mark, coefficient) VALUES (9, 4, 8.5, 2.5);
INSERT INTO marks (student_id, subject_id, mark, coefficient) VALUES (10, 1, 19.16, 1.0);
INSERT INTO marks (student_id, subject_id, mark, coefficient) VALUES (10, 2, 7.63, 3.0);
INSERT INTO marks (student_id, subject_id, mark, coefficient) VALUES (10, 3, 6.67, 1.5);
INSERT INTO marks (student_id, subject_id, mark, coefficient) VALUES (10, 4, 18.16, 2.5);
INSERT INTO marks (student_id, subject_id, mark, coefficient) VALUES (11, 1, 2.04, 1.0);
INSERT INTO marks (student_id, subject_id, mark, coefficient) VALUES (11, 2, 0.43, 2.0);
INSERT INTO marks (student_id, subject_id, mark, coefficient) VALUES (11, 3, 10.62, 2.5);
INSERT INTO marks (student_id, subject_id, mark, coefficient) VALUES (11, 4, 18.51, 1.0);
INSERT INTO marks (student_id, subject_id, mark, coefficient) VALUES (12, 1, 0.33, 2.5);
INSERT INTO marks (student_id, subject_id, mark, coefficient) VALUES (12, 2, 9.41, 3.0);
INSERT INTO marks (student_id, subject_id, mark, coefficient) VALUES (12, 3, 0.6, 3.0);
INSERT INTO marks (student_id, subject_id, mark, coefficient) VALUES (12, 4, 10.59, 1.0);
INSERT INTO marks (student_id, subject_id, mark, coefficient) VALUES (13, 1, 9.79, 2.5);
INSERT INTO marks (student_id, subject_id, mark, coefficient) VALUES (13, 2, 3.3, 1.5);
INSERT INTO marks (student_id, subject_id, mark, coefficient) VALUES (13, 3, 18.26, 2.5);
INSERT INTO marks (student_id, subject_id, mark, coefficient) VALUES (13, 4, 4.68, 1.5);
INSERT INTO marks (student_id, subject_id, mark, coefficient) VALUES (14, 1, 5.11, 1.5);
INSERT INTO marks (student_id, subject_id, mark, coefficient) VALUES (14, 2, 18.29, 2.5);
INSERT INTO marks (student_id, subject_id, mark, coefficient) VALUES (14, 3, 3.67, 2.0);
INSERT INTO marks (student_id, subject_id, mark, coefficient) VALUES (14, 4, 11.93, 1.0);
INSERT INTO marks (student_id, subject_id, mark, coefficient) VALUES (15, 1, 2.81, 2.0);
INSERT INTO marks (student_id, subject_id, mark, coefficient) VALUES (15, 2, 0.6, 2.5);
INSERT INTO marks (student_id, subject_id, mark, coefficient) VALUES (15, 3, 8.02, 3.0);
INSERT INTO marks (student_id, subject_id, mark, coefficient) VALUES (15, 4, 1.52, 2.0);
INSERT INTO marks (student_id, subject_id, mark, coefficient) VALUES (16, 1, 7.23, 2.0);
INSERT INTO marks (student_id, subject_id, mark, coefficient) VALUES (16, 2, 0.25, 2.5);
INSERT INTO marks (student_id, subject_id, mark, coefficient) VALUES (16, 3, 8.84, 2.5);
INSERT INTO marks (student_id, subject_id, mark, coefficient) VALUES (16, 4, 18.65, 1.0);
INSERT INTO marks (student_id, subject_id, mark, coefficient) VALUES (17, 1, 9.77, 2.5);
INSERT INTO marks (student_id, subject_id, mark, coefficient) VALUES (17, 2, 13.4, 1.5);
INSERT INTO marks (student_id, subject_id, mark, coefficient) VALUES (17, 3, 9.84, 3.0);
INSERT INTO marks (student_id, subject_id, mark, coefficient) VALUES (17, 4, 18.96, 2.5);
INSERT INTO marks (student_id, subject_id, mark, coefficient) VALUES (18, 1, 6.2, 2.5);
INSERT INTO marks (student_id, subject_id, mark, coefficient) VALUES (18, 2, 7.06, 1.5);
INSERT INTO marks (student_id, subject_id, mark, coefficient) VALUES (18, 3, 12.93, 1.5);
INSERT INTO marks (student_id, subject_id, mark, coefficient) VALUES (18, 4, 11.22, 2.5);
INSERT INTO marks (student_id, subject_id, mark, coefficient) VALUES (19, 1, 13.31, 2.5);
INSERT INTO marks (student_id, subject_id, mark, coefficient) VALUES (19, 2, 0.37, 3.0);
INSERT INTO marks (student_id, subject_id, mark, coefficient) VALUES (19, 3, 14.25, 1.5);
INSERT INTO marks (student_id, subject_id, mark, coefficient) VALUES (19, 4, 1.53, 2.0);
INSERT INTO marks (student_id, subject_id, mark, coefficient) VALUES (20, 1, 2.83, 3.0);
INSERT INTO marks (student_id, subject_id, mark, coefficient) VALUES (20, 2, 12.89, 1.5);
INSERT INTO marks (student_id, subject_id, mark, coefficient) VALUES (20, 3, 6.98, 3.0);
INSERT INTO marks (student_id, subject_id, mark, coefficient) VALUES (20, 4, 5.45, 1.0);
INSERT INTO marks (student_id, subject_id, mark, coefficient) VALUES (21, 1, 1.84, 1.5);
INSERT INTO marks (student_id, subject_id, mark, coefficient) VALUES (21, 2, 13.32, 1.5);
INSERT INTO marks (student_id, subject_id, mark, coefficient) VALUES (21, 3, 5.2, 1.5);
INSERT INTO marks (student_id, subject_id, mark, coefficient) VALUES (21, 4, 0.93, 2.5);
INSERT INTO marks (student_id, subject_id, mark, coefficient) VALUES (22, 1, 0.47, 1.0);
INSERT INTO marks (student_id, subject_id, mark, coefficient) VALUES (22, 2, 0.15, 2.5);
INSERT INTO marks (student_id, subject_id, mark, coefficient) VALUES (22, 3, 12.15, 2.0);
INSERT INTO marks (student_id, subject_id, mark, coefficient) VALUES (22, 4, 14.35, 2.5);
INSERT INTO marks (student_id, subject_id, mark, coefficient) VALUES (23, 1, 8.78, 3.0);
INSERT INTO marks (student_id, subject_id, mark, coefficient) VALUES (23, 2, 16.59, 1.0);
INSERT INTO marks (student_id, subject_id, mark, coefficient) VALUES (23, 3, 2.26, 2.0);
INSERT INTO marks (student_id, subject_id, mark, coefficient) VALUES (23, 4, 15.32, 2.0);
INSERT INTO marks (student_id, subject_id, mark, coefficient) VALUES (24, 1, 5.56, 2.5);
INSERT INTO marks (student_id, subject_id, mark, coefficient) VALUES (24, 2, 7.06, 3.0);
INSERT INTO marks (student_id, subject_id, mark, coefficient) VALUES (24, 3, 2.64, 1.5);
INSERT INTO marks (student_id, subject_id, mark, coefficient) VALUES (24, 4, 19.2, 2.0);
INSERT INTO marks (student_id, subject_id, mark, coefficient) VALUES (25, 1, 14.99, 2.5);
INSERT INTO marks (student_id, subject_id, mark, coefficient) VALUES (25, 2, 2.88, 2.0);
INSERT INTO marks (student_id, subject_id, mark, coefficient) VALUES (25, 3, 5.4, 2.0);
INSERT INTO marks (student_id, subject_id, mark, coefficient) VALUES (25, 4, 11.63, 1.5);
INSERT INTO marks (student_id, subject_id, mark, coefficient) VALUES (26, 1, 16.76, 3.0);
INSERT INTO marks (student_id, subject_id, mark, coefficient) VALUES (26, 2, 17.57, 3.0);
INSERT INTO marks (student_id, subject_id, mark, coefficient) VALUES (26, 3, 15.03, 2.5);
INSERT INTO marks (student_id, subject_id, mark, coefficient) VALUES (26, 4, 14.82, 3.0);
INSERT INTO marks (student_id, subject_id, mark, coefficient) VALUES (27, 1, 4.82, 2.5);
INSERT INTO marks (student_id, subject_id, mark, coefficient) VALUES (27, 2, 13.26, 2.5);
INSERT INTO marks (student_id, subject_id, mark, coefficient) VALUES (27, 3, 2.76, 1.0);
INSERT INTO marks (student_id, subject_id, mark, coefficient) VALUES (27, 4, 7.29, 2.5);
INSERT INTO marks (student_id, subject_id, mark, coefficient) VALUES (28, 1, 16.28, 1.0);
INSERT INTO marks (student_id, subject_id, mark, coefficient) VALUES (28, 2, 16.03, 1.5);
INSERT INTO marks (student_id, subject_id, mark, coefficient) VALUES (28, 3, 18.24, 1.0);
INSERT INTO marks (student_id, subject_id, mark, coefficient) VALUES (28, 4, 16.59, 1.5);
INSERT INTO marks (student_id, subject_id, mark, coefficient) VALUES (29, 1, 2.81, 1.0);
INSERT INTO marks (student_id, subject_id, mark, coefficient) VALUES (29, 2, 15.58, 2.5);
INSERT INTO marks (student_id, subject_id, mark, coefficient) VALUES (29, 3, 2.31, 1.5);
INSERT INTO marks (student_id, subject_id, mark, coefficient) VALUES (29, 4, 4.53, 1.0);
INSERT INTO marks (student_id, subject_id, mark, coefficient) VALUES (30, 1, 12.23, 1.0);
INSERT INTO marks (student_id, subject_id, mark, coefficient) VALUES (30, 2, 17.08, 1.5);
INSERT INTO marks (student_id, subject_id, mark, coefficient) VALUES (30, 3, 13.77, 1.5);
INSERT INTO marks (student_id, subject_id, mark, coefficient) VALUES (30, 4, 18.81, 3.0);
INSERT INTO marks (student_id, subject_id, mark, coefficient) VALUES (31, 1, 7.49, 2.5);
INSERT INTO marks (student_id, subject_id, mark, coefficient) VALUES (31, 2, 18.54, 2.5);
INSERT INTO marks (student_id, subject_id, mark, coefficient) VALUES (31, 3, 2.69, 2.5);
INSERT INTO marks (student_id, subject_id, mark, coefficient) VALUES (31, 4, 1.84, 2.5);
INSERT INTO marks (student_id, subject_id, mark, coefficient) VALUES (32, 1, 14.01, 1.5);
INSERT INTO marks (student_id, subject_id, mark, coefficient) VALUES (32, 2, 8.53, 1.0);
INSERT INTO marks (student_id, subject_id, mark, coefficient) VALUES (32, 3, 5.12, 1.5);
INSERT INTO marks (student_id, subject_id, mark, coefficient) VALUES (32, 4, 0.62, 1.5);
INSERT INTO marks (student_id, subject_id, mark, coefficient) VALUES (33, 1, 9.01, 1.0);
INSERT INTO marks (student_id, subject_id, mark, coefficient) VALUES (33, 2, 5.07, 2.5);
INSERT INTO marks (student_id, subject_id, mark, coefficient) VALUES (33, 3, 3.4, 2.5);
INSERT INTO marks (student_id, subject_id, mark, coefficient) VALUES (33, 4, 8.74, 1.0);
INSERT INTO marks (student_id, subject_id, mark, coefficient) VALUES (34, 1, 11.75, 2.0);
INSERT INTO marks (student_id, subject_id, mark, coefficient) VALUES (34, 2, 6.7, 2.5);
INSERT INTO marks (student_id, subject_id, mark, coefficient) VALUES (34, 3, 0.36, 2.0);
INSERT INTO marks (student_id, subject_id, mark, coefficient) VALUES (34, 4, 2.8, 2.0);
INSERT INTO marks (student_id, subject_id, mark, coefficient) VALUES (35, 1, 5.47, 3.0);
INSERT INTO marks (student_id, subject_id, mark, coefficient) VALUES (35, 2, 11.69, 2.0);
INSERT INTO marks (student_id, subject_id, mark, coefficient) VALUES (35, 3, 9.2, 2.0);
INSERT INTO marks (student_id, subject_id, mark, coefficient) VALUES (35, 4, 17.85, 3.0);
INSERT INTO marks (student_id, subject_id, mark, coefficient) VALUES (36, 1, 13.17, 3.0);
INSERT INTO marks (student_id, subject_id, mark, coefficient) VALUES (36, 2, 7.94, 1.0);
INSERT INTO marks (student_id, subject_id, mark, coefficient) VALUES (36, 3, 4.22, 2.5);
INSERT INTO marks (student_id, subject_id, mark, coefficient) VALUES (36, 4, 13.77, 3.0);
INSERT INTO marks (student_id, subject_id, mark, coefficient) VALUES (37, 1, 16.98, 1.0);
INSERT INTO marks (student_id, subject_id, mark, coefficient) VALUES (37, 2, 3.07, 2.0);
INSERT INTO marks (student_id, subject_id, mark, coefficient) VALUES (37, 3, 5.49, 3.0);
INSERT INTO marks (student_id, subject_id, mark, coefficient) VALUES (37, 4, 5.26, 2.5);
INSERT INTO marks (student_id, subject_id, mark, coefficient) VALUES (38, 1, 1.64, 1.5);
INSERT INTO marks (student_id, subject_id, mark, coefficient) VALUES (38, 2, 10.85, 1.5);
INSERT INTO marks (student_id, subject_id, mark, coefficient) VALUES (38, 3, 19.81, 3.0);
INSERT INTO marks (student_id, subject_id, mark, coefficient) VALUES (38, 4, 3.39, 3.0);
INSERT INTO marks (student_id, subject_id, mark, coefficient) VALUES (39, 1, 17.49, 3.0);
INSERT INTO marks (student_id, subject_id, mark, coefficient) VALUES (39, 2, 11.16, 2.5);
INSERT INTO marks (student_id, subject_id, mark, coefficient) VALUES (39, 3, 3.95, 3.0);
INSERT INTO marks (student_id, subject_id, mark, coefficient) VALUES (39, 4, 19.79, 3.0);
INSERT INTO marks (student_id, subject_id, mark, coefficient) VALUES (40, 1, 9.87, 3.0);
INSERT INTO marks (student_id, subject_id, mark, coefficient) VALUES (40, 2, 12.86, 2.0);
INSERT INTO marks (student_id, subject_id, mark, coefficient) VALUES (40, 3, 19.79, 2.5);
INSERT INTO marks (student_id, subject_id, mark, coefficient) VALUES (40, 4, 16.24, 1.0);
INSERT INTO marks (student_id, subject_id, mark, coefficient) VALUES (41, 1, 16.7, 3.0);
INSERT INTO marks (student_id, subject_id, mark, coefficient) VALUES (41, 2, 12.1, 1.5);
INSERT INTO marks (student_id, subject_id, mark, coefficient) VALUES (41, 3, 1.94, 2.0);
INSERT INTO marks (student_id, subject_id, mark, coefficient) VALUES (41, 4, 19.7, 2.5);
INSERT INTO marks (student_id, subject_id, mark, coefficient) VALUES (42, 1, 11.39, 2.5);
INSERT INTO marks (student_id, subject_id, mark, coefficient) VALUES (42, 2, 11.9, 2.0);
INSERT INTO marks (student_id, subject_id, mark, coefficient) VALUES (42, 3, 14.43, 1.5);
INSERT INTO marks (student_id, subject_id, mark, coefficient) VALUES (42, 4, 17.4, 2.0);
INSERT INTO marks (student_id, subject_id, mark, coefficient) VALUES (43, 1, 15.46, 1.5);
INSERT INTO marks (student_id, subject_id, mark, coefficient) VALUES (43, 2, 2.73, 3.0);
INSERT INTO marks (student_id, subject_id, mark, coefficient) VALUES (43, 3, 16.97, 1.0);
INSERT INTO marks (student_id, subject_id, mark, coefficient) VALUES (43, 4, 14.07, 2.0);
INSERT INTO marks (student_id, subject_id, mark, coefficient) VALUES (44, 1, 0.26, 2.5);
INSERT INTO marks (student_id, subject_id, mark, coefficient) VALUES (44, 2, 6.75, 1.0);
INSERT INTO marks (student_id, subject_id, mark, coefficient) VALUES (44, 3, 12.55, 3.0);
INSERT INTO marks (student_id, subject_id, mark, coefficient) VALUES (44, 4, 19.28, 1.0);
INSERT INTO marks (student_id, subject_id, mark, coefficient) VALUES (45, 1, 4.88, 3.0);
INSERT INTO marks (student_id, subject_id, mark, coefficient) VALUES (45, 2, 15.48, 1.0);
INSERT INTO marks (student_id, subject_id, mark, coefficient) VALUES (45, 3, 8.12, 3.0);
INSERT INTO marks (student_id, subject_id, mark, coefficient) VALUES (45, 4, 3.02, 2.0);
INSERT INTO marks (student_id, subject_id, mark, coefficient) VALUES (46, 1, 12.83, 3.0);
INSERT INTO marks (student_id, subject_id, mark, coefficient) VALUES (46, 2, 8.54, 2.5);
INSERT INTO marks (student_id, subject_id, mark, coefficient) VALUES (46, 3, 11.8, 3.0);
INSERT INTO marks (student_id, subject_id, mark, coefficient) VALUES (46, 4, 6.32, 2.0);
INSERT INTO marks (student_id, subject_id, mark, coefficient) VALUES (47, 1, 19.17, 2.5);
INSERT INTO marks (student_id, subject_id, mark, coefficient) VALUES (47, 2, 4.84, 1.5);
INSERT INTO marks (student_id, subject_id, mark, coefficient) VALUES (47, 3, 8.69, 1.5);
INSERT INTO marks (student_id, subject_id, mark, coefficient) VALUES (47, 4, 8.22, 2.5);
INSERT INTO marks (student_id, subject_id, mark, coefficient) VALUES (48, 1, 15.3, 1.5);
INSERT INTO marks (student_id, subject_id, mark, coefficient) VALUES (48, 2, 4.46, 3.0);
INSERT INTO marks (student_id, subject_id, mark, coefficient) VALUES (48, 3, 15.48, 3.0);
INSERT INTO marks (student_id, subject_id, mark, coefficient) VALUES (48, 4, 17.41, 3.0);
INSERT INTO marks (student_id, subject_id, mark, coefficient) VALUES (49, 1, 18.66, 1.0);
INSERT INTO marks (student_id, subject_id, mark, coefficient) VALUES (49, 2, 1.38, 1.5);
INSERT INTO marks (student_id, subject_id, mark, coefficient) VALUES (49, 3, 10.57, 1.0);
INSERT INTO marks (student_id, subject_id, mark, coefficient) VALUES (49, 4, 4.39, 1.5);
INSERT INTO marks (student_id, subject_id, mark, coefficient) VALUES (50, 1, 17.67, 2.0);
INSERT INTO marks (student_id, subject_id, mark, coefficient) VALUES (50, 2, 19.3, 3.0);
INSERT INTO marks (student_id, subject_id, mark, coefficient) VALUES (50, 3, 10.15, 2.0);
INSERT INTO marks (student_id, subject_id, mark, coefficient) VALUES (50, 4, 2.03, 2.0);
INSERT INTO marks (student_id, subject_id, mark, coefficient) VALUES (51, 1, 5.82, 1.0);
INSERT INTO marks (student_id, subject_id, mark, coefficient) VALUES (51, 2, 17.4, 2.5);
INSERT INTO marks (student_id, subject_id, mark, coefficient) VALUES (51, 3, 2.89, 1.5);
INSERT INTO marks (student_id, subject_id, mark, coefficient) VALUES (51, 4, 7.44, 2.5);
INSERT INTO marks (student_id, subject_id, mark, coefficient) VALUES (52, 1, 14.3, 2.0);
INSERT INTO marks (student_id, subject_id, mark, coefficient) VALUES (52, 2, 17.29, 1.5);
INSERT INTO marks (student_id, subject_id, mark, coefficient) VALUES (52, 3, 5.83, 1.0);
INSERT INTO marks (student_id, subject_id, mark, coefficient) VALUES (52, 4, 19.5, 3.0);
INSERT INTO marks (student_id, subject_id, mark, coefficient) VALUES (53, 1, 12.39, 1.0);
INSERT INTO marks (student_id, subject_id, mark, coefficient) VALUES (53, 2, 1.97, 3.0);
INSERT INTO marks (student_id, subject_id, mark, coefficient) VALUES (53, 3, 1.14, 2.5);
INSERT INTO marks (student_id, subject_id, mark, coefficient) VALUES (53, 4, 7.01, 2.5);
INSERT INTO marks (student_id, subject_id, mark, coefficient) VALUES (54, 1, 10.28, 3.0);
INSERT INTO marks (student_id, subject_id, mark, coefficient) VALUES (54, 2, 5.86, 2.0);
INSERT INTO marks (student_id, subject_id, mark, coefficient) VALUES (54, 3, 12.99, 3.0);
INSERT INTO marks (student_id, subject_id, mark, coefficient) VALUES (54, 4, 7.21, 1.5);
INSERT INTO marks (student_id, subject_id, mark, coefficient) VALUES (55, 1, 1.15, 1.0);
INSERT INTO marks (student_id, subject_id, mark, coefficient) VALUES (55, 2, 7.63, 2.5);
INSERT INTO marks (student_id, subject_id, mark, coefficient) VALUES (55, 3, 9.27, 1.5);
INSERT INTO marks (student_id, subject_id, mark, coefficient) VALUES (55, 4, 5.28, 1.0);
INSERT INTO marks (student_id, subject_id, mark, coefficient) VALUES (56, 1, 17.71, 1.0);
INSERT INTO marks (student_id, subject_id, mark, coefficient) VALUES (56, 2, 1.57, 2.5);
INSERT INTO marks (student_id, subject_id, mark, coefficient) VALUES (56, 3, 1.32, 2.5);
INSERT INTO marks (student_id, subject_id, mark, coefficient) VALUES (56, 4, 18.61, 1.5);
INSERT INTO marks (student_id, subject_id, mark, coefficient) VALUES (57, 1, 10.55, 3.0);
INSERT INTO marks (student_id, subject_id, mark, coefficient) VALUES (57, 2, 3.28, 1.5);
INSERT INTO marks (student_id, subject_id, mark, coefficient) VALUES (57, 3, 4.61, 2.0);
INSERT INTO marks (student_id, subject_id, mark, coefficient) VALUES (57, 4, 0.53, 1.5);
INSERT INTO marks (student_id, subject_id, mark, coefficient) VALUES (58, 1, 13.14, 2.0);
INSERT INTO marks (student_id, subject_id, mark, coefficient) VALUES (58, 2, 14.85, 3.0);
INSERT INTO marks (student_id, subject_id, mark, coefficient) VALUES (58, 3, 10.88, 1.0);
INSERT INTO marks (student_id, subject_id, mark, coefficient) VALUES (58, 4, 18.45, 2.5);
INSERT INTO marks (student_id, subject_id, mark, coefficient) VALUES (59, 1, 13.99, 2.5);
INSERT INTO marks (student_id, subject_id, mark, coefficient) VALUES (59, 2, 14.78, 2.5);
INSERT INTO marks (student_id, subject_id, mark, coefficient) VALUES (59, 3, 13.37, 1.0);
INSERT INTO marks (student_id, subject_id, mark, coefficient) VALUES (59, 4, 17.0, 2.5);
INSERT INTO marks (student_id, subject_id, mark, coefficient) VALUES (60, 1, 12.46, 2.0);
INSERT INTO marks (student_id, subject_id, mark, coefficient) VALUES (60, 2, 3.71, 2.0);
INSERT INTO marks (student_id, subject_id, mark, coefficient) VALUES (60, 3, 18.55, 2.0);
INSERT INTO marks (student_id, subject_id, mark, coefficient) VALUES (60, 4, 3.14, 2.5);
INSERT INTO marks (student_id, subject_id, mark, coefficient) VALUES (61, 1, 10.65, 3.0);
INSERT INTO marks (student_id, subject_id, mark, coefficient) VALUES (61, 2, 5.49, 1.5);
INSERT INTO marks (student_id, subject_id, mark, coefficient) VALUES (61, 3, 10.81, 1.0);
INSERT INTO marks (student_id, subject_id, mark, coefficient) VALUES (61, 4, 1.94, 1.0);
INSERT INTO marks (student_id, subject_id, mark, coefficient) VALUES (62, 1, 12.23, 3.0);
INSERT INTO marks (student_id, subject_id, mark, coefficient) VALUES (62, 2, 13.44, 2.0);
INSERT INTO marks (student_id, subject_id, mark, coefficient) VALUES (62, 3, 1.11, 1.5);
INSERT INTO marks (student_id, subject_id, mark, coefficient) VALUES (62, 4, 4.27, 1.5);
INSERT INTO marks (student_id, subject_id, mark, coefficient) VALUES (63, 1, 8.79, 1.5);
INSERT INTO marks (student_id, subject_id, mark, coefficient) VALUES (63, 2, 6.88, 2.0);
INSERT INTO marks (student_id, subject_id, mark, coefficient) VALUES (63, 3, 3.17, 1.0);
INSERT INTO marks (student_id, subject_id, mark, coefficient) VALUES (63, 4, 13.72, 3.0);
INSERT INTO marks (student_id, subject_id, mark, coefficient) VALUES (64, 1, 17.45, 1.5);
INSERT INTO marks (student_id, subject_id, mark, coefficient) VALUES (64, 2, 13.88, 3.0);
INSERT INTO marks (student_id, subject_id, mark, coefficient) VALUES (64, 3, 10.04, 1.0);
INSERT INTO marks (student_id, subject_id, mark, coefficient) VALUES (64, 4, 3.43, 3.0);
INSERT INTO marks (student_id, subject_id, mark, coefficient) VALUES (65, 1, 5.38, 1.5);
INSERT INTO marks (student_id, subject_id, mark, coefficient) VALUES (65, 2, 8.23, 1.5);
INSERT INTO marks (student_id, subject_id, mark, coefficient) VALUES (65, 3, 9.78, 3.0);
INSERT INTO marks (student_id, subject_id, mark, coefficient) VALUES (65, 4, 10.13, 2.5);
INSERT INTO marks (student_id, subject_id, mark, coefficient) VALUES (66, 1, 6.81, 2.0);
INSERT INTO marks (student_id, subject_id, mark, coefficient) VALUES (66, 2, 16.17, 2.0);
INSERT INTO marks (student_id, subject_id, mark, coefficient) VALUES (66, 3, 14.8, 1.0);
INSERT INTO marks (student_id, subject_id, mark, coefficient) VALUES (66, 4, 17.62, 1.5);
INSERT INTO marks (student_id, subject_id, mark, coefficient) VALUES (67, 1, 9.41, 2.0);
INSERT INTO marks (student_id, subject_id, mark, coefficient) VALUES (67, 2, 9.55, 2.0);
INSERT INTO marks (student_id, subject_id, mark, coefficient) VALUES (67, 3, 18.24, 2.0);
INSERT INTO marks (student_id, subject_id, mark, coefficient) VALUES (67, 4, 2.42, 2.5);
INSERT INTO marks (student_id, subject_id, mark, coefficient) VALUES (68, 1, 6.33, 3.0);
INSERT INTO marks (student_id, subject_id, mark, coefficient) VALUES (68, 2, 15.94, 3.0);
INSERT INTO marks (student_id, subject_id, mark, coefficient) VALUES (68, 3, 3.62, 3.0);
INSERT INTO marks (student_id, subject_id, mark, coefficient) VALUES (68, 4, 18.4, 2.0);
INSERT INTO marks (student_id, subject_id, mark, coefficient) VALUES (69, 1, 10.7, 2.5);
INSERT INTO marks (student_id, subject_id, mark, coefficient) VALUES (69, 2, 16.22, 1.0);
INSERT INTO marks (student_id, subject_id, mark, coefficient) VALUES (69, 3, 5.28, 1.5);
INSERT INTO marks (student_id, subject_id, mark, coefficient) VALUES (69, 4, 13.43, 3.0);
INSERT INTO marks (student_id, subject_id, mark, coefficient) VALUES (70, 1, 18.31, 2.5);
INSERT INTO marks (student_id, subject_id, mark, coefficient) VALUES (70, 2, 8.64, 1.5);
INSERT INTO marks (student_id, subject_id, mark, coefficient) VALUES (70, 3, 1.95, 1.5);
INSERT INTO marks (student_id, subject_id, mark, coefficient) VALUES (70, 4, 14.35, 2.5);
INSERT INTO marks (student_id, subject_id, mark, coefficient) VALUES (71, 1, 0.41, 3.0);
INSERT INTO marks (student_id, subject_id, mark, coefficient) VALUES (71, 2, 6.35, 2.0);
INSERT INTO marks (student_id, subject_id, mark, coefficient) VALUES (71, 3, 10.16, 2.5);
INSERT INTO marks (student_id, subject_id, mark, coefficient) VALUES (71, 4, 4.92, 1.0);
INSERT INTO marks (student_id, subject_id, mark, coefficient) VALUES (72, 1, 8.1, 2.0);
INSERT INTO marks (student_id, subject_id, mark, coefficient) VALUES (72, 2, 5.22, 2.5);
INSERT INTO marks (student_id, subject_id, mark, coefficient) VALUES (72, 3, 7.02, 2.0);
INSERT INTO marks (student_id, subject_id, mark, coefficient) VALUES (72, 4, 9.33, 1.5);
INSERT INTO marks (student_id, subject_id, mark, coefficient) VALUES (73, 1, 18.46, 2.5);
INSERT INTO marks (student_id, subject_id, mark, coefficient) VALUES (73, 2, 1.54, 3.0);
INSERT INTO marks (student_id, subject_id, mark, coefficient) VALUES (73, 3, 16.65, 1.0);
INSERT INTO marks (student_id, subject_id, mark, coefficient) VALUES (73, 4, 18.98, 2.0);
INSERT INTO marks (student_id, subject_id, mark, coefficient) VALUES (74, 1, 2.28, 2.0);
INSERT INTO marks (student_id, subject_id, mark, coefficient) VALUES (74, 2, 7.11, 2.0);
INSERT INTO marks (student_id, subject_id, mark, coefficient) VALUES (74, 3, 11.26, 1.0);
INSERT INTO marks (student_id, subject_id, mark, coefficient) VALUES (74, 4, 11.86, 2.0);
INSERT INTO marks (student_id, subject_id, mark, coefficient) VALUES (75, 1, 11.75, 1.5);
INSERT INTO marks (student_id, subject_id, mark, coefficient) VALUES (75, 2, 2.08, 1.0);
INSERT INTO marks (student_id, subject_id, mark, coefficient) VALUES (75, 3, 9.6, 1.0);
INSERT INTO marks (student_id, subject_id, mark, coefficient) VALUES (75, 4, 6.26, 1.0);
INSERT INTO marks (student_id, subject_id, mark, coefficient) VALUES (76, 1, 16.58, 2.5);
INSERT INTO marks (student_id, subject_id, mark, coefficient) VALUES (76, 2, 15.87, 1.5);
INSERT INTO marks (student_id, subject_id, mark, coefficient) VALUES (76, 3, 4.49, 2.0);
INSERT INTO marks (student_id, subject_id, mark, coefficient) VALUES (76, 4, 4.55, 1.5);
INSERT INTO marks (student_id, subject_id, mark, coefficient) VALUES (77, 1, 5.84, 3.0);
INSERT INTO marks (student_id, subject_id, mark, coefficient) VALUES (77, 2, 4.93, 1.5);
INSERT INTO marks (student_id, subject_id, mark, coefficient) VALUES (77, 3, 4.86, 2.5);
INSERT INTO marks (student_id, subject_id, mark, coefficient) VALUES (77, 4, 17.6, 1.5);
INSERT INTO marks (student_id, subject_id, mark, coefficient) VALUES (78, 1, 0.64, 1.0);
INSERT INTO marks (student_id, subject_id, mark, coefficient) VALUES (78, 2, 0.91, 1.0);
INSERT INTO marks (student_id, subject_id, mark, coefficient) VALUES (78, 3, 6.89, 1.5);
INSERT INTO marks (student_id, subject_id, mark, coefficient) VALUES (78, 4, 19.33, 1.0);
INSERT INTO marks (student_id, subject_id, mark, coefficient) VALUES (79, 1, 12.54, 3.0);
INSERT INTO marks (student_id, subject_id, mark, coefficient) VALUES (79, 2, 16.04, 1.5);
INSERT INTO marks (student_id, subject_id, mark, coefficient) VALUES (79, 3, 0.28, 2.0);
INSERT INTO marks (student_id, subject_id, mark, coefficient) VALUES (79, 4, 0.27, 1.5);
INSERT INTO marks (student_id, subject_id, mark, coefficient) VALUES (80, 1, 8.09, 1.5);
INSERT INTO marks (student_id, subject_id, mark, coefficient) VALUES (80, 2, 0.99, 3.0);
INSERT INTO marks (student_id, subject_id, mark, coefficient) VALUES (80, 3, 0.71, 3.0);
INSERT INTO marks (student_id, subject_id, mark, coefficient) VALUES (80, 4, 1.66, 1.0);
INSERT INTO marks (student_id, subject_id, mark, coefficient) VALUES (81, 1, 11.73, 1.5);
INSERT INTO marks (student_id, subject_id, mark, coefficient) VALUES (81, 2, 17.89, 2.0);
INSERT INTO marks (student_id, subject_id, mark, coefficient) VALUES (81, 3, 8.87, 1.5);
INSERT INTO marks (student_id, subject_id, mark, coefficient) VALUES (81, 4, 19.73, 2.0);
INSERT INTO marks (student_id, subject_id, mark, coefficient) VALUES (82, 1, 1.91, 1.5);
INSERT INTO marks (student_id, subject_id, mark, coefficient) VALUES (82, 2, 17.2, 1.5);
INSERT INTO marks (student_id, subject_id, mark, coefficient) VALUES (82, 3, 5.91, 2.0);
INSERT INTO marks (student_id, subject_id, mark, coefficient) VALUES (82, 4, 7.27, 1.5);
INSERT INTO marks (student_id, subject_id, mark, coefficient) VALUES (83, 1, 3.44, 1.5);
INSERT INTO marks (student_id, subject_id, mark, coefficient) VALUES (83, 2, 16.83, 1.0);
INSERT INTO marks (student_id, subject_id, mark, coefficient) VALUES (83, 3, 9.78, 2.5);
INSERT INTO marks (student_id, subject_id, mark, coefficient) VALUES (83, 4, 13.33, 1.0);
INSERT INTO marks (student_id, subject_id, mark, coefficient) VALUES (84, 1, 3.11, 1.0);
INSERT INTO marks (student_id, subject_id, mark, coefficient) VALUES (84, 2, 0.3, 2.0);
INSERT INTO marks (student_id, subject_id, mark, coefficient) VALUES (84, 3, 16.0, 1.5);
INSERT INTO marks (student_id, subject_id, mark, coefficient) VALUES (84, 4, 7.17, 3.0);
INSERT INTO marks (student_id, subject_id, mark, coefficient) VALUES (85, 1, 12.58, 3.0);
INSERT INTO marks (student_id, subject_id, mark, coefficient) VALUES (85, 2, 19.37, 2.5);
INSERT INTO marks (student_id, subject_id, mark, coefficient) VALUES (85, 3, 9.59, 2.5);
INSERT INTO marks (student_id, subject_id, mark, coefficient) VALUES (85, 4, 12.84, 2.0);
INSERT INTO marks (student_id, subject_id, mark, coefficient) VALUES (86, 1, 6.51, 1.5);
INSERT INTO marks (student_id, subject_id, mark, coefficient) VALUES (86, 2, 10.19, 2.0);
INSERT INTO marks (student_id, subject_id, mark, coefficient) VALUES (86, 3, 3.66, 1.5);
INSERT INTO marks (student_id, subject_id, mark, coefficient) VALUES (86, 4, 11.38, 1.0);
INSERT INTO marks (student_id, subject_id, mark, coefficient) VALUES (87, 1, 6.79, 2.5);
INSERT INTO marks (student_id, subject_id, mark, coefficient) VALUES (87, 2, 14.59, 3.0);
INSERT INTO marks (student_id, subject_id, mark, coefficient) VALUES (87, 3, 5.48, 3.0);
INSERT INTO marks (student_id, subject_id, mark, coefficient) VALUES (87, 4, 19.96, 1.5);
INSERT INTO marks (student_id, subject_id, mark, coefficient) VALUES (88, 1, 13.15, 2.5);
INSERT INTO marks (student_id, subject_id, mark, coefficient) VALUES (88, 2, 4.78, 2.5);
INSERT INTO marks (student_id, subject_id, mark, coefficient) VALUES (88, 3, 18.23, 2.5);
INSERT INTO marks (student_id, subject_id, mark, coefficient) VALUES (88, 4, 9.95, 2.5);
INSERT INTO marks (student_id, subject_id, mark, coefficient) VALUES (89, 1, 14.12, 3.0);
INSERT INTO marks (student_id, subject_id, mark, coefficient) VALUES (89, 2, 9.26, 1.5);
INSERT INTO marks (student_id, subject_id, mark, coefficient) VALUES (89, 3, 17.67, 2.0);
INSERT INTO marks (student_id, subject_id, mark, coefficient) VALUES (89, 4, 0.64, 2.5);
INSERT INTO marks (student_id, subject_id, mark, coefficient) VALUES (90, 1, 18.88, 1.5);
INSERT INTO marks (student_id, subject_id, mark, coefficient) VALUES (90, 2, 0.37, 1.5);
INSERT INTO marks (student_id, subject_id, mark, coefficient) VALUES (90, 3, 14.68, 2.5);
INSERT INTO marks (student_id, subject_id, mark, coefficient) VALUES (90, 4, 12.53, 2.5);
INSERT INTO marks (student_id, subject_id, mark, coefficient) VALUES (91, 1, 5.64, 2.5);
INSERT INTO marks (student_id, subject_id, mark, coefficient) VALUES (91, 2, 1.83, 3.0);
INSERT INTO marks (student_id, subject_id, mark, coefficient) VALUES (91, 3, 2.94, 1.0);
INSERT INTO marks (student_id, subject_id, mark, coefficient) VALUES (91, 4, 7.89, 1.0);
INSERT INTO marks (student_id, subject_id, mark, coefficient) VALUES (92, 1, 10.02, 1.5);
INSERT INTO marks (student_id, subject_id, mark, coefficient) VALUES (92, 2, 16.11, 2.5);
INSERT INTO marks (student_id, subject_id, mark, coefficient) VALUES (92, 3, 10.26, 2.0);
INSERT INTO marks (student_id, subject_id, mark, coefficient) VALUES (92, 4, 1.54, 2.0);
INSERT INTO marks (student_id, subject_id, mark, coefficient) VALUES (93, 1, 7.19, 1.5);
INSERT INTO marks (student_id, subject_id, mark, coefficient) VALUES (93, 2, 5.5, 3.0);
INSERT INTO marks (student_id, subject_id, mark, coefficient) VALUES (93, 3, 14.01, 2.5);
INSERT INTO marks (student_id, subject_id, mark, coefficient) VALUES (93, 4, 19.81, 1.5);
INSERT INTO marks (student_id, subject_id, mark, coefficient) VALUES (94, 1, 3.13, 1.5);
INSERT INTO marks (student_id, subject_id, mark, coefficient) VALUES (94, 2, 13.78, 2.5);
INSERT INTO marks (student_id, subject_id, mark, coefficient) VALUES (94, 3, 12.83, 1.0);
INSERT INTO marks (student_id, subject_id, mark, coefficient) VALUES (94, 4, 16.11, 2.5);
INSERT INTO marks (student_id, subject_id, mark, coefficient) VALUES (95, 1, 18.85, 3.0);
INSERT INTO marks (student_id, subject_id, mark, coefficient) VALUES (95, 2, 10.47, 2.5);
INSERT INTO marks (student_id, subject_id, mark, coefficient) VALUES (95, 3, 9.71, 1.5);
INSERT INTO marks (student_id, subject_id, mark, coefficient) VALUES (95, 4, 1.69, 2.5);
INSERT INTO marks (student_id, subject_id, mark, coefficient) VALUES (96, 1, 3.09, 3.0);
INSERT INTO marks (student_id, subject_id, mark, coefficient) VALUES (96, 2, 4.73, 3.0);
INSERT INTO marks (student_id, subject_id, mark, coefficient) VALUES (96, 3, 17.23, 1.5);
INSERT INTO marks (student_id, subject_id, mark, coefficient) VALUES (96, 4, 11.21, 2.5);
INSERT INTO marks (student_id, subject_id, mark, coefficient) VALUES (97, 1, 16.5, 3.0);
INSERT INTO marks (student_id, subject_id, mark, coefficient) VALUES (97, 2, 16.81, 1.5);
INSERT INTO marks (student_id, subject_id, mark, coefficient) VALUES (97, 3, 7.06, 1.5);
INSERT INTO marks (student_id, subject_id, mark, coefficient) VALUES (97, 4, 8.3, 3.0);
INSERT INTO marks (student_id, subject_id, mark, coefficient) VALUES (98, 1, 19.54, 2.5);
INSERT INTO marks (student_id, subject_id, mark, coefficient) VALUES (98, 2, 6.6, 2.0);
INSERT INTO marks (student_id, subject_id, mark, coefficient) VALUES (98, 3, 11.38, 2.5);
INSERT INTO marks (student_id, subject_id, mark, coefficient) VALUES (98, 4, 4.69, 2.5);
INSERT INTO marks (student_id, subject_id, mark, coefficient) VALUES (99, 1, 18.91, 2.5);
INSERT INTO marks (student_id, subject_id, mark, coefficient) VALUES (99, 2, 16.36, 3.0);
INSERT INTO marks (student_id, subject_id, mark, coefficient) VALUES (99, 3, 10.98, 3.0);
INSERT INTO marks (student_id, subject_id, mark, coefficient) VALUES (99, 4, 6.55, 1.0);
INSERT INTO marks (student_id, subject_id, mark, coefficient) VALUES (100, 1, 16.65, 2.5);
INSERT INTO marks (student_id, subject_id, mark, coefficient) VALUES (100, 2, 13.99, 2.5);
INSERT INTO marks (student_id, subject_id, mark, coefficient) VALUES (100, 3, 14.8, 1.5);
INSERT INTO marks (student_id, subject_id, mark, coefficient) VALUES (100, 4, 6.72, 1.0);
INSERT INTO marks (student_id, subject_id, mark, coefficient) VALUES (101, 1, 2.46, 1.0);
INSERT INTO marks (student_id, subject_id, mark, coefficient) VALUES (101, 2, 9.46, 3.0);
INSERT INTO marks (student_id, subject_id, mark, coefficient) VALUES (101, 3, 12.17, 1.0);
INSERT INTO marks (student_id, subject_id, mark, coefficient) VALUES (101, 4, 4.97, 1.5);
INSERT INTO marks (student_id, subject_id, mark, coefficient) VALUES (102, 1, 17.66, 3.0);
INSERT INTO marks (student_id, subject_id, mark, coefficient) VALUES (102, 2, 16.11, 3.0);
INSERT INTO marks (student_id, subject_id, mark, coefficient) VALUES (102, 3, 8.1, 1.5);
INSERT INTO marks (student_id, subject_id, mark, coefficient) VALUES (102, 4, 7.25, 2.0);
INSERT INTO marks (student_id, subject_id, mark, coefficient) VALUES (103, 1, 6.75, 2.0);
INSERT INTO marks (student_id, subject_id, mark, coefficient) VALUES (103, 2, 8.35, 3.0);
INSERT INTO marks (student_id, subject_id, mark, coefficient) VALUES (103, 3, 5.07, 1.0);
INSERT INTO marks (student_id, subject_id, mark, coefficient) VALUES (103, 4, 2.22, 3.0);
INSERT INTO marks (student_id, subject_id, mark, coefficient) VALUES (104, 1, 6.96, 2.0);
INSERT INTO marks (student_id, subject_id, mark, coefficient) VALUES (104, 2, 16.2, 2.0);
INSERT INTO marks (student_id, subject_id, mark, coefficient) VALUES (104, 3, 6.68, 2.0);
INSERT INTO marks (student_id, subject_id, mark, coefficient) VALUES (104, 4, 9.95, 1.0);
INSERT INTO marks (student_id, subject_id, mark, coefficient) VALUES (105, 1, 16.18, 1.0);
INSERT INTO marks (student_id, subject_id, mark, coefficient) VALUES (105, 2, 11.19, 3.0);
INSERT INTO marks (student_id, subject_id, mark, coefficient) VALUES (105, 3, 12.15, 3.0);
INSERT INTO marks (student_id, subject_id, mark, coefficient) VALUES (105, 4, 15.81, 2.5);
INSERT INTO marks (student_id, subject_id, mark, coefficient) VALUES (106, 1, 8.9, 1.0);
INSERT INTO marks (student_id, subject_id, mark, coefficient) VALUES (106, 2, 8.06, 1.0);
INSERT INTO marks (student_id, subject_id, mark, coefficient) VALUES (106, 3, 7.64, 1.5);
INSERT INTO marks (student_id, subject_id, mark, coefficient) VALUES (106, 4, 10.1, 2.5);
INSERT INTO marks (student_id, subject_id, mark, coefficient) VALUES (107, 1, 2.78, 3.0);
INSERT INTO marks (student_id, subject_id, mark, coefficient) VALUES (107, 2, 2.26, 1.5);
INSERT INTO marks (student_id, subject_id, mark, coefficient) VALUES (107, 3, 17.68, 3.0);
INSERT INTO marks (student_id, subject_id, mark, coefficient) VALUES (107, 4, 7.62, 2.5);
INSERT INTO marks (student_id, subject_id, mark, coefficient) VALUES (108, 1, 10.89, 2.5);
INSERT INTO marks (student_id, subject_id, mark, coefficient) VALUES (108, 2, 7.83, 2.5);
INSERT INTO marks (student_id, subject_id, mark, coefficient) VALUES (108, 3, 12.15, 1.5);
INSERT INTO marks (student_id, subject_id, mark, coefficient) VALUES (108, 4, 1.44, 2.0);
INSERT INTO marks (student_id, subject_id, mark, coefficient) VALUES (109, 1, 5.56, 3.0);
INSERT INTO marks (student_id, subject_id, mark, coefficient) VALUES (109, 2, 6.07, 2.0);
INSERT INTO marks (student_id, subject_id, mark, coefficient) VALUES (109, 3, 1.74, 1.0);
INSERT INTO marks (student_id, subject_id, mark, coefficient) VALUES (109, 4, 9.84, 2.0);
INSERT INTO marks (student_id, subject_id, mark, coefficient) VALUES (110, 1, 2.87, 3.0);
INSERT INTO marks (student_id, subject_id, mark, coefficient) VALUES (110, 2, 5.57, 2.0);
INSERT INTO marks (student_id, subject_id, mark, coefficient) VALUES (110, 3, 7.09, 3.0);
INSERT INTO marks (student_id, subject_id, mark, coefficient) VALUES (110, 4, 11.42, 1.5);
INSERT INTO marks (student_id, subject_id, mark, coefficient) VALUES (111, 1, 11.91, 1.5);
INSERT INTO marks (student_id, subject_id, mark, coefficient) VALUES (111, 2, 8.85, 2.5);
INSERT INTO marks (student_id, subject_id, mark, coefficient) VALUES (111, 3, 15.53, 3.0);
INSERT INTO marks (student_id, subject_id, mark, coefficient) VALUES (111, 4, 18.38, 3.0);
INSERT INTO marks (student_id, subject_id, mark, coefficient) VALUES (112, 1, 11.51, 2.0);
INSERT INTO marks (student_id, subject_id, mark, coefficient) VALUES (112, 2, 19.21, 1.0);
INSERT INTO marks (student_id, subject_id, mark, coefficient) VALUES (112, 3, 10.99, 2.5);
INSERT INTO marks (student_id, subject_id, mark, coefficient) VALUES (112, 4, 3.4, 3.0);
INSERT INTO marks (student_id, subject_id, mark, coefficient) VALUES (113, 1, 4.86, 2.5);
INSERT INTO marks (student_id, subject_id, mark, coefficient) VALUES (113, 2, 4.06, 2.5);
INSERT INTO marks (student_id, subject_id, mark, coefficient) VALUES (113, 3, 10.52, 3.0);
INSERT INTO marks (student_id, subject_id, mark, coefficient) VALUES (113, 4, 12.86, 1.5);
INSERT INTO marks (student_id, subject_id, mark, coefficient) VALUES (114, 1, 14.23, 2.5);
INSERT INTO marks (student_id, subject_id, mark, coefficient) VALUES (114, 2, 11.6, 1.5);
INSERT INTO marks (student_id, subject_id, mark, coefficient) VALUES (114, 3, 5.76, 1.0);
INSERT INTO marks (student_id, subject_id, mark, coefficient) VALUES (114, 4, 9.64, 3.0);
INSERT INTO marks (student_id, subject_id, mark, coefficient) VALUES (115, 1, 3.26, 1.0);
INSERT INTO marks (student_id, subject_id, mark, coefficient) VALUES (115, 2, 6.38, 1.0);
INSERT INTO marks (student_id, subject_id, mark, coefficient) VALUES (115, 3, 8.08, 3.0);
INSERT INTO marks (student_id, subject_id, mark, coefficient) VALUES (115, 4, 4.62, 1.5);
INSERT INTO marks (student_id, subject_id, mark, coefficient) VALUES (116, 1, 19.31, 1.5);
INSERT INTO marks (student_id, subject_id, mark, coefficient) VALUES (116, 2, 13.36, 2.0);
INSERT INTO marks (student_id, subject_id, mark, coefficient) VALUES (116, 3, 16.2, 3.0);
INSERT INTO marks (student_id, subject_id, mark, coefficient) VALUES (116, 4, 5.82, 3.0);
INSERT INTO marks (student_id, subject_id, mark, coefficient) VALUES (117, 1, 19.3, 1.5);
INSERT INTO marks (student_id, subject_id, mark, coefficient) VALUES (117, 2, 9.99, 3.0);
INSERT INTO marks (student_id, subject_id, mark, coefficient) VALUES (117, 3, 0.25, 2.5);
INSERT INTO marks (student_id, subject_id, mark, coefficient) VALUES (117, 4, 1.33, 1.5);
INSERT INTO marks (student_id, subject_id, mark, coefficient) VALUES (118, 1, 14.23, 2.0);
INSERT INTO marks (student_id, subject_id, mark, coefficient) VALUES (118, 2, 16.84, 1.5);
INSERT INTO marks (student_id, subject_id, mark, coefficient) VALUES (118, 3, 7.41, 1.5);
INSERT INTO marks (student_id, subject_id, mark, coefficient) VALUES (118, 4, 13.87, 3.0);
INSERT INTO marks (student_id, subject_id, mark, coefficient) VALUES (119, 1, 17.7, 1.0);
INSERT INTO marks (student_id, subject_id, mark, coefficient) VALUES (119, 2, 6.93, 2.0);
INSERT INTO marks (student_id, subject_id, mark, coefficient) VALUES (119, 3, 11.08, 1.5);
INSERT INTO marks (student_id, subject_id, mark, coefficient) VALUES (119, 4, 11.83, 3.0);
INSERT INTO marks (student_id, subject_id, mark, coefficient) VALUES (120, 1, 0.82, 1.5);
INSERT INTO marks (student_id, subject_id, mark, coefficient) VALUES (120, 2, 14.08, 1.5);
INSERT INTO marks (student_id, subject_id, mark, coefficient) VALUES (120, 3, 13.36, 2.5);
INSERT INTO marks (student_id, subject_id, mark, coefficient) VALUES (120, 4, 6.8, 2.0);
INSERT INTO marks (student_id, subject_id, mark, coefficient) VALUES (121, 1, 13.78, 2.5);
INSERT INTO marks (student_id, subject_id, mark, coefficient) VALUES (121, 2, 4.08, 2.5);
INSERT INTO marks (student_id, subject_id, mark, coefficient) VALUES (121, 3, 18.01, 2.5);
INSERT INTO marks (student_id, subject_id, mark, coefficient) VALUES (121, 4, 6.76, 3.0);
INSERT INTO marks (student_id, subject_id, mark, coefficient) VALUES (122, 1, 0.3, 1.5);
INSERT INTO marks (student_id, subject_id, mark, coefficient) VALUES (122, 2, 14.47, 1.5);
INSERT INTO marks (student_id, subject_id, mark, coefficient) VALUES (122, 3, 14.44, 3.0);
INSERT INTO marks (student_id, subject_id, mark, coefficient) VALUES (122, 4, 3.38, 2.5);
INSERT INTO marks (student_id, subject_id, mark, coefficient) VALUES (123, 1, 2.88, 2.5);
INSERT INTO marks (student_id, subject_id, mark, coefficient) VALUES (123, 2, 9.03, 2.5);
INSERT INTO marks (student_id, subject_id, mark, coefficient) VALUES (123, 3, 14.55, 3.0);
INSERT INTO marks (student_id, subject_id, mark, coefficient) VALUES (123, 4, 14.12, 1.5);
INSERT INTO marks (student_id, subject_id, mark, coefficient) VALUES (124, 1, 8.91, 1.5);
INSERT INTO marks (student_id, subject_id, mark, coefficient) VALUES (124, 2, 15.62, 2.5);
INSERT INTO marks (student_id, subject_id, mark, coefficient) VALUES (124, 3, 10.01, 1.0);
INSERT INTO marks (student_id, subject_id, mark, coefficient) VALUES (124, 4, 0.7, 1.0);
INSERT INTO marks (student_id, subject_id, mark, coefficient) VALUES (125, 1, 15.48, 3.0);
INSERT INTO marks (student_id, subject_id, mark, coefficient) VALUES (125, 2, 5.19, 2.5);
INSERT INTO marks (student_id, subject_id, mark, coefficient) VALUES (125, 3, 5.71, 2.0);
INSERT INTO marks (student_id, subject_id, mark, coefficient) VALUES (125, 4, 6.24, 2.5);
INSERT INTO marks (student_id, subject_id, mark, coefficient) VALUES (126, 1, 16.84, 3.0);
INSERT INTO marks (student_id, subject_id, mark, coefficient) VALUES (126, 2, 19.26, 1.0);
INSERT INTO marks (student_id, subject_id, mark, coefficient) VALUES (126, 3, 13.58, 2.0);
INSERT INTO marks (student_id, subject_id, mark, coefficient) VALUES (126, 4, 2.2, 1.5);
INSERT INTO marks (student_id, subject_id, mark, coefficient) VALUES (127, 1, 8.17, 2.0);
INSERT INTO marks (student_id, subject_id, mark, coefficient) VALUES (127, 2, 5.19, 3.0);
INSERT INTO marks (student_id, subject_id, mark, coefficient) VALUES (127, 3, 19.63, 1.5);
INSERT INTO marks (student_id, subject_id, mark, coefficient) VALUES (127, 4, 12.43, 2.0);
INSERT INTO marks (student_id, subject_id, mark, coefficient) VALUES (128, 1, 12.0, 1.0);
INSERT INTO marks (student_id, subject_id, mark, coefficient) VALUES (128, 2, 2.13, 2.5);
INSERT INTO marks (student_id, subject_id, mark, coefficient) VALUES (128, 3, 7.38, 1.0);
INSERT INTO marks (student_id, subject_id, mark, coefficient) VALUES (128, 4, 0.38, 1.0);
INSERT INTO marks (student_id, subject_id, mark, coefficient) VALUES (129, 1, 6.71, 1.0);
INSERT INTO marks (student_id, subject_id, mark, coefficient) VALUES (129, 2, 2.49, 2.0);
INSERT INTO marks (student_id, subject_id, mark, coefficient) VALUES (129, 3, 18.94, 1.5);
INSERT INTO marks (student_id, subject_id, mark, coefficient) VALUES (129, 4, 10.44, 2.5);
INSERT INTO marks (student_id, subject_id, mark, coefficient) VALUES (130, 1, 18.03, 2.0);
INSERT INTO marks (student_id, subject_id, mark, coefficient) VALUES (130, 2, 11.56, 1.5);
INSERT INTO marks (student_id, subject_id, mark, coefficient) VALUES (130, 3, 14.57, 1.0);
INSERT INTO marks (student_id, subject_id, mark, coefficient) VALUES (130, 4, 13.4, 2.0);
INSERT INTO marks (student_id, subject_id, mark, coefficient) VALUES (131, 1, 2.97, 1.5);
INSERT INTO marks (student_id, subject_id, mark, coefficient) VALUES (131, 2, 5.62, 3.0);
INSERT INTO marks (student_id, subject_id, mark, coefficient) VALUES (131, 3, 19.45, 3.0);
INSERT INTO marks (student_id, subject_id, mark, coefficient) VALUES (131, 4, 11.32, 3.0);
INSERT INTO marks (student_id, subject_id, mark, coefficient) VALUES (132, 1, 2.35, 1.5);
INSERT INTO marks (student_id, subject_id, mark, coefficient) VALUES (132, 2, 11.04, 2.0);
INSERT INTO marks (student_id, subject_id, mark, coefficient) VALUES (132, 3, 8.65, 2.0);
INSERT INTO marks (student_id, subject_id, mark, coefficient) VALUES (132, 4, 6.92, 1.0);
INSERT INTO marks (student_id, subject_id, mark, coefficient) VALUES (133, 1, 8.36, 1.0);
INSERT INTO marks (student_id, subject_id, mark, coefficient) VALUES (133, 2, 14.08, 2.0);
INSERT INTO marks (student_id, subject_id, mark, coefficient) VALUES (133, 3, 3.99, 2.0);
INSERT INTO marks (student_id, subject_id, mark, coefficient) VALUES (133, 4, 9.81, 1.5);
INSERT INTO marks (student_id, subject_id, mark, coefficient) VALUES (134, 1, 6.02, 3.0);
INSERT INTO marks (student_id, subject_id, mark, coefficient) VALUES (134, 2, 6.83, 3.0);
INSERT INTO marks (student_id, subject_id, mark, coefficient) VALUES (134, 3, 8.39, 3.0);
INSERT INTO marks (student_id, subject_id, mark, coefficient) VALUES (134, 4, 15.24, 2.0);
INSERT INTO marks (student_id, subject_id, mark, coefficient) VALUES (135, 1, 5.81, 1.5);
INSERT INTO marks (student_id, subject_id, mark, coefficient) VALUES (135, 2, 1.03, 2.5);
INSERT INTO marks (student_id, subject_id, mark, coefficient) VALUES (135, 3, 13.14, 1.5);
INSERT INTO marks (student_id, subject_id, mark, coefficient) VALUES (135, 4, 10.41, 2.5);
INSERT INTO marks (student_id, subject_id, mark, coefficient) VALUES (136, 1, 3.91, 1.5);
INSERT INTO marks (student_id, subject_id, mark, coefficient) VALUES (136, 2, 15.19, 1.0);
INSERT INTO marks (student_id, subject_id, mark, coefficient) VALUES (136, 3, 6.8, 1.0);
INSERT INTO marks (student_id, subject_id, mark, coefficient) VALUES (136, 4, 2.07, 2.5);
INSERT INTO marks (student_id, subject_id, mark, coefficient) VALUES (137, 1, 17.95, 1.5);
INSERT INTO marks (student_id, subject_id, mark, coefficient) VALUES (137, 2, 11.06, 1.0);
INSERT INTO marks (student_id, subject_id, mark, coefficient) VALUES (137, 3, 12.62, 3.0);
INSERT INTO marks (student_id, subject_id, mark, coefficient) VALUES (137, 4, 0.78, 2.5);
INSERT INTO marks (student_id, subject_id, mark, coefficient) VALUES (138, 1, 6.82, 2.5);
INSERT INTO marks (student_id, subject_id, mark, coefficient) VALUES (138, 2, 6.95, 3.0);
INSERT INTO marks (student_id, subject_id, mark, coefficient) VALUES (138, 3, 19.88, 2.5);
INSERT INTO marks (student_id, subject_id, mark, coefficient) VALUES (138, 4, 10.2, 3.0);
INSERT INTO marks (student_id, subject_id, mark, coefficient) VALUES (139, 1, 7.4, 1.0);
INSERT INTO marks (student_id, subject_id, mark, coefficient) VALUES (139, 2, 15.89, 2.5);
INSERT INTO marks (student_id, subject_id, mark, coefficient) VALUES (139, 3, 9.41, 1.5);
INSERT INTO marks (student_id, subject_id, mark, coefficient) VALUES (139, 4, 11.51, 2.0);
INSERT INTO marks (student_id, subject_id, mark, coefficient) VALUES (140, 1, 7.73, 1.0);
INSERT INTO marks (student_id, subject_id, mark, coefficient) VALUES (140, 2, 4.79, 1.0);
INSERT INTO marks (student_id, subject_id, mark, coefficient) VALUES (140, 3, 10.69, 1.0);
INSERT INTO marks (student_id, subject_id, mark, coefficient) VALUES (140, 4, 13.48, 2.0);
INSERT INTO marks (student_id, subject_id, mark, coefficient) VALUES (141, 1, 14.42, 1.5);
INSERT INTO marks (student_id, subject_id, mark, coefficient) VALUES (141, 2, 7.6, 1.5);
INSERT INTO marks (student_id, subject_id, mark, coefficient) VALUES (141, 3, 5.31, 1.0);
INSERT INTO marks (student_id, subject_id, mark, coefficient) VALUES (141, 4, 3.14, 1.0);
INSERT INTO marks (student_id, subject_id, mark, coefficient) VALUES (142, 1, 0.62, 3.0);
INSERT INTO marks (student_id, subject_id, mark, coefficient) VALUES (142, 2, 11.56, 1.0);
INSERT INTO marks (student_id, subject_id, mark, coefficient) VALUES (142, 3, 1.96, 3.0);
INSERT INTO marks (student_id, subject_id, mark, coefficient) VALUES (142, 4, 7.73, 3.0);
INSERT INTO marks (student_id, subject_id, mark, coefficient) VALUES (143, 1, 0.83, 2.0);
INSERT INTO marks (student_id, subject_id, mark, coefficient) VALUES (143, 2, 3.83, 2.5);
INSERT INTO marks (student_id, subject_id, mark, coefficient) VALUES (143, 3, 19.98, 1.5);
INSERT INTO marks (student_id, subject_id, mark, coefficient) VALUES (143, 4, 17.49, 1.5);
INSERT INTO marks (student_id, subject_id, mark, coefficient) VALUES (144, 1, 16.38, 2.5);
INSERT INTO marks (student_id, subject_id, mark, coefficient) VALUES (144, 2, 14.95, 2.0);
INSERT INTO marks (student_id, subject_id, mark, coefficient) VALUES (144, 3, 3.71, 2.0);
INSERT INTO marks (student_id, subject_id, mark, coefficient) VALUES (144, 4, 14.38, 2.5);
INSERT INTO marks (student_id, subject_id, mark, coefficient) VALUES (145, 1, 2.71, 1.5);
INSERT INTO marks (student_id, subject_id, mark, coefficient) VALUES (145, 2, 12.28, 2.5);
INSERT INTO marks (student_id, subject_id, mark, coefficient) VALUES (145, 3, 3.31, 2.5);
INSERT INTO marks (student_id, subject_id, mark, coefficient) VALUES (145, 4, 3.48, 2.5);
INSERT INTO marks (student_id, subject_id, mark, coefficient) VALUES (146, 1, 6.29, 2.0);
INSERT INTO marks (student_id, subject_id, mark, coefficient) VALUES (146, 2, 3.5, 1.0);
INSERT INTO marks (student_id, subject_id, mark, coefficient) VALUES (146, 3, 8.38, 1.5);
INSERT INTO marks (student_id, subject_id, mark, coefficient) VALUES (146, 4, 18.14, 3.0);
INSERT INTO marks (student_id, subject_id, mark, coefficient) VALUES (147, 1, 7.25, 2.5);
INSERT INTO marks (student_id, subject_id, mark, coefficient) VALUES (147, 2, 5.53, 1.0);
INSERT INTO marks (student_id, subject_id, mark, coefficient) VALUES (147, 3, 5.67, 3.0);
INSERT INTO marks (student_id, subject_id, mark, coefficient) VALUES (147, 4, 16.77, 1.5);
INSERT INTO marks (student_id, subject_id, mark, coefficient) VALUES (148, 1, 8.71, 1.5);
INSERT INTO marks (student_id, subject_id, mark, coefficient) VALUES (148, 2, 12.01, 2.5);
INSERT INTO marks (student_id, subject_id, mark, coefficient) VALUES (148, 3, 8.17, 3.0);
INSERT INTO marks (student_id, subject_id, mark, coefficient) VALUES (148, 4, 6.6, 2.5);
