INSERT INTO years (id, name) VALUES (1, '2025');
INSERT INTO rooms (id, name) VALUES (1, 'Room 1');
INSERT INTO rooms (id, name) VALUES (2, 'Room 2');
INSERT INTO rooms (id, name) VALUES (3, 'Room 3');
INSERT INTO rooms (id, name) VALUES (4, 'Room 4');
INSERT INTO rooms (id, name) VALUES (5, 'Visio');
INSERT INTO teachers (id, first_name, last_name, email) VALUES (1, 'Robert', 'Jefferson', 'robert.jefferson@efrei.net');
INSERT INTO teachers (id, first_name, last_name, email) VALUES (2, 'Robyn', 'Hamilton', 'robyn.hamilton@efrei.net');
INSERT INTO teachers (id, first_name, last_name, email) VALUES (3, 'Eric', 'Gonzalez', 'eric.gonzalez@efrei.net');
INSERT INTO teachers (id, first_name, last_name, email) VALUES (4, 'Cynthia', 'Gutierrez', 'cynthia.gutierrez@efrei.net');
INSERT INTO teachers (id, first_name, last_name, email) VALUES (5, 'Daniel', 'Shields', 'daniel.shields@efrei.net');
INSERT INTO teachers (id, first_name, last_name, email) VALUES (6, 'Natalie', 'Mitchell', 'natalie.mitchell@efrei.net');
INSERT INTO teachers (id, first_name, last_name, email) VALUES (7, 'John', 'Chandler', 'john.chandler@efrei.net');
INSERT INTO teachers (id, first_name, last_name, email) VALUES (8, 'Jeffrey', 'Hall', 'jeffrey.hall@efrei.net');
INSERT INTO teachers (id, first_name, last_name, email) VALUES (9, 'Joseph', 'Medina', 'joseph.medina@efrei.net');
INSERT INTO teachers (id, first_name, last_name, email) VALUES (10, 'David', 'Hensley', 'david.hensley@efrei.net');
INSERT INTO classes (id, name, year_id) VALUES (1, 'INT 1', 1);
INSERT INTO classes (id, name, year_id) VALUES (2, 'INT 2', 1);
INSERT INTO classes (id, name, year_id) VALUES (3, 'PLUS 1', 1);
INSERT INTO classes (id, name, year_id) VALUES (4, 'PLUS 2', 1);
INSERT INTO modules (id, name, head_id, year_id) VALUES (1, 'Mathematics', 8, 1);
INSERT INTO modules (id, name, head_id, year_id) VALUES (2, 'Computer Science', 5, 1);
INSERT INTO modules (id, name, head_id, year_id) VALUES (3, 'Physics', 8, 1);
INSERT INTO modules (id, name, head_id, year_id) VALUES (4, 'Chemistry', 8, 1);
INSERT INTO subjects (id, name, module_id, teacher_id) VALUES (1, 'Algebra', 1, 4);
INSERT INTO subjects (id, name, module_id, teacher_id) VALUES (2, 'Calculus', 1, 8);
INSERT INTO subjects (id, name, module_id, teacher_id) VALUES (3, 'Programming', 2, 10);
INSERT INTO subjects (id, name, module_id, teacher_id) VALUES (4, 'Data Structures', 2, 5);
INSERT INTO students (id, first_name, last_name, email, class_id) VALUES (1, 'Kathryn', 'Jones', 'kathryn.jones@efrei.net', 1);
INSERT INTO students (id, first_name, last_name, email, class_id) VALUES (2, 'Monica', 'Coleman', 'monica.coleman@efrei.net', 1);
INSERT INTO students (id, first_name, last_name, email, class_id) VALUES (3, 'Nathan', 'Bowen', 'nathan.bowen@efrei.net', 1);
INSERT INTO students (id, first_name, last_name, email, class_id) VALUES (4, 'Mary', 'Wade', 'mary.wade@efrei.net', 1);
INSERT INTO students (id, first_name, last_name, email, class_id) VALUES (5, 'Kyle', 'Adams', 'kyle.adams@efrei.net', 1);
INSERT INTO students (id, first_name, last_name, email, class_id) VALUES (6, 'Anthony', 'Rowland', 'anthony.rowland@efrei.net', 1);
INSERT INTO students (id, first_name, last_name, email, class_id) VALUES (7, 'Melissa', 'Pugh', 'melissa.pugh@efrei.net', 1);
INSERT INTO students (id, first_name, last_name, email, class_id) VALUES (8, 'Colleen', 'Taylor', 'colleen.taylor@efrei.net', 1);
INSERT INTO students (id, first_name, last_name, email, class_id) VALUES (9, 'Eric', 'Scott', 'eric.scott@efrei.net', 1);
INSERT INTO students (id, first_name, last_name, email, class_id) VALUES (10, 'Brian', 'Norton', 'brian.norton@efrei.net', 1);
INSERT INTO students (id, first_name, last_name, email, class_id) VALUES (11, 'Michelle', 'Freeman', 'michelle.freeman@efrei.net', 1);
INSERT INTO students (id, first_name, last_name, email, class_id) VALUES (12, 'Richard', 'Hood', 'richard.hood@efrei.net', 1);
INSERT INTO students (id, first_name, last_name, email, class_id) VALUES (13, 'Debra', 'Gibson', 'debra.gibson@efrei.net', 1);
INSERT INTO students (id, first_name, last_name, email, class_id) VALUES (14, 'Jeff', 'King', 'jeff.king@efrei.net', 1);
INSERT INTO students (id, first_name, last_name, email, class_id) VALUES (15, 'Brooke', 'Scott', 'brooke.scott@efrei.net', 1);
INSERT INTO students (id, first_name, last_name, email, class_id) VALUES (16, 'Charles', 'Reynolds', 'charles.reynolds@efrei.net', 1);
INSERT INTO students (id, first_name, last_name, email, class_id) VALUES (17, 'Tina', 'Kirby', 'tina.kirby@efrei.net', 1);
INSERT INTO students (id, first_name, last_name, email, class_id) VALUES (18, 'Christy', 'Hooper', 'christy.hooper@efrei.net', 1);
INSERT INTO students (id, first_name, last_name, email, class_id) VALUES (19, 'Wendy', 'Haynes', 'wendy.haynes@efrei.net', 1);
INSERT INTO students (id, first_name, last_name, email, class_id) VALUES (20, 'Kyle', 'Willis', 'kyle.willis@efrei.net', 1);
INSERT INTO students (id, first_name, last_name, email, class_id) VALUES (21, 'Joanna', 'Fowler', 'joanna.fowler@efrei.net', 1);
INSERT INTO students (id, first_name, last_name, email, class_id) VALUES (22, 'Aaron', 'Butler', 'aaron.butler@efrei.net', 1);
INSERT INTO students (id, first_name, last_name, email, class_id) VALUES (23, 'Mary', 'Bartlett', 'mary.bartlett@efrei.net', 1);
INSERT INTO students (id, first_name, last_name, email, class_id) VALUES (24, 'Derrick', 'Simpson', 'derrick.simpson@efrei.net', 1);
INSERT INTO students (id, first_name, last_name, email, class_id) VALUES (25, 'Susan', 'Hughes', 'susan.hughes@efrei.net', 1);
INSERT INTO students (id, first_name, last_name, email, class_id) VALUES (26, 'Jerry', 'Jones', 'jerry.jones@efrei.net', 1);
INSERT INTO students (id, first_name, last_name, email, class_id) VALUES (27, 'Belinda', 'Cobb', 'belinda.cobb@efrei.net', 1);
INSERT INTO students (id, first_name, last_name, email, class_id) VALUES (28, 'James', 'Tyler', 'james.tyler@efrei.net', 1);
INSERT INTO students (id, first_name, last_name, email, class_id) VALUES (29, 'Nathaniel', 'Hughes', 'nathaniel.hughes@efrei.net', 1);
INSERT INTO students (id, first_name, last_name, email, class_id) VALUES (30, 'Madeline', 'Harris', 'madeline.harris@efrei.net', 1);
INSERT INTO students (id, first_name, last_name, email, class_id) VALUES (31, 'Tristan', 'Green', 'tristan.green@efrei.net', 1);
INSERT INTO students (id, first_name, last_name, email, class_id) VALUES (32, 'Trevor', 'Ruiz', 'trevor.ruiz@efrei.net', 1);
INSERT INTO students (id, first_name, last_name, email, class_id) VALUES (33, 'Mark', 'Short', 'mark.short@efrei.net', 1);
INSERT INTO students (id, first_name, last_name, email, class_id) VALUES (34, 'Sarah', 'Jimenez', 'sarah.jimenez@efrei.net', 1);
INSERT INTO students (id, first_name, last_name, email, class_id) VALUES (35, 'Curtis', 'Simmons', 'curtis.simmons@efrei.net', 1);
INSERT INTO students (id, first_name, last_name, email, class_id) VALUES (36, 'Kenneth', 'Chapman', 'kenneth.chapman@efrei.net', 1);
INSERT INTO students (id, first_name, last_name, email, class_id) VALUES (37, 'Joshua', 'Jarvis', 'joshua.jarvis@efrei.net', 1);
INSERT INTO students (id, first_name, last_name, email, class_id) VALUES (38, 'Kimberly', 'Williams', 'kimberly.williams@efrei.net', 1);
INSERT INTO students (id, first_name, last_name, email, class_id) VALUES (39, 'Gregory', 'Brooks', 'gregory.brooks@efrei.net', 1);
INSERT INTO students (id, first_name, last_name, email, class_id) VALUES (40, 'Jeffery', 'Hill', 'jeffery.hill@efrei.net', 2);
INSERT INTO students (id, first_name, last_name, email, class_id) VALUES (41, 'Dawn', 'Lynch', 'dawn.lynch@efrei.net', 2);
INSERT INTO students (id, first_name, last_name, email, class_id) VALUES (42, 'Michele', 'Underwood', 'michele.underwood@efrei.net', 2);
INSERT INTO students (id, first_name, last_name, email, class_id) VALUES (43, 'Matthew', 'Clark', 'matthew.clark@efrei.net', 2);
INSERT INTO students (id, first_name, last_name, email, class_id) VALUES (44, 'Elizabeth', 'Jackson', 'elizabeth.jackson@efrei.net', 2);
INSERT INTO students (id, first_name, last_name, email, class_id) VALUES (45, 'Kevin', 'Mcclain', 'kevin.mcclain@efrei.net', 2);
INSERT INTO students (id, first_name, last_name, email, class_id) VALUES (46, 'Miguel', 'Whitaker', 'miguel.whitaker@efrei.net', 2);
INSERT INTO students (id, first_name, last_name, email, class_id) VALUES (47, 'Chad', 'Foster', 'chad.foster@efrei.net', 2);
INSERT INTO students (id, first_name, last_name, email, class_id) VALUES (48, 'Stephanie', 'Silva', 'stephanie.silva@efrei.net', 2);
INSERT INTO students (id, first_name, last_name, email, class_id) VALUES (49, 'Mary', 'Perry', 'mary.perry@efrei.net', 2);
INSERT INTO students (id, first_name, last_name, email, class_id) VALUES (50, 'Heather', 'Velez', 'heather.velez@efrei.net', 2);
INSERT INTO students (id, first_name, last_name, email, class_id) VALUES (51, 'Bryan', 'Hawkins', 'bryan.hawkins@efrei.net', 2);
INSERT INTO students (id, first_name, last_name, email, class_id) VALUES (52, 'Stephen', 'Brooks', 'stephen.brooks@efrei.net', 2);
INSERT INTO students (id, first_name, last_name, email, class_id) VALUES (53, 'Heather', 'Castillo', 'heather.castillo@efrei.net', 2);
INSERT INTO students (id, first_name, last_name, email, class_id) VALUES (54, 'Andrea', 'Murphy', 'andrea.murphy@efrei.net', 2);
INSERT INTO students (id, first_name, last_name, email, class_id) VALUES (55, 'Mark', 'Kelly', 'mark.kelly@efrei.net', 2);
INSERT INTO students (id, first_name, last_name, email, class_id) VALUES (56, 'Jane', 'Martinez', 'jane.martinez@efrei.net', 2);
INSERT INTO students (id, first_name, last_name, email, class_id) VALUES (57, 'Jessica', 'Smith', 'jessica.smith@efrei.net', 2);
INSERT INTO students (id, first_name, last_name, email, class_id) VALUES (58, 'Jennifer', 'White', 'jennifer.white@efrei.net', 2);
INSERT INTO students (id, first_name, last_name, email, class_id) VALUES (59, 'Angela', 'Johnston', 'angela.johnston@efrei.net', 2);
INSERT INTO students (id, first_name, last_name, email, class_id) VALUES (60, 'Calvin', 'Hall', 'calvin.hall@efrei.net', 2);
INSERT INTO students (id, first_name, last_name, email, class_id) VALUES (61, 'Raven', 'Colon', 'raven.colon@efrei.net', 2);
INSERT INTO students (id, first_name, last_name, email, class_id) VALUES (62, 'Alexis', 'Roberts', 'alexis.roberts@efrei.net', 2);
INSERT INTO students (id, first_name, last_name, email, class_id) VALUES (63, 'Gregory', 'Hill', 'gregory.hill@efrei.net', 2);
INSERT INTO students (id, first_name, last_name, email, class_id) VALUES (64, 'Leslie', 'Ferguson', 'leslie.ferguson@efrei.net', 2);
INSERT INTO students (id, first_name, last_name, email, class_id) VALUES (65, 'Maria', 'Orr', 'maria.orr@efrei.net', 2);
INSERT INTO students (id, first_name, last_name, email, class_id) VALUES (66, 'Carly', 'Miller', 'carly.miller@efrei.net', 2);
INSERT INTO students (id, first_name, last_name, email, class_id) VALUES (67, 'Donna', 'Crosby', 'donna.crosby@efrei.net', 2);
INSERT INTO students (id, first_name, last_name, email, class_id) VALUES (68, 'Elizabeth', 'Torres', 'elizabeth.torres@efrei.net', 2);
INSERT INTO students (id, first_name, last_name, email, class_id) VALUES (69, 'John', 'Collins', 'john.collins@efrei.net', 2);
INSERT INTO students (id, first_name, last_name, email, class_id) VALUES (70, 'Hunter', 'Rogers', 'hunter.rogers@efrei.net', 2);
INSERT INTO students (id, first_name, last_name, email, class_id) VALUES (71, 'Regina', 'Lee', 'regina.lee@efrei.net', 2);
INSERT INTO students (id, first_name, last_name, email, class_id) VALUES (72, 'Aaron', 'Saunders', 'aaron.saunders@efrei.net', 2);
INSERT INTO students (id, first_name, last_name, email, class_id) VALUES (73, 'Tina', 'Sherman', 'tina.sherman@efrei.net', 2);
INSERT INTO students (id, first_name, last_name, email, class_id) VALUES (74, 'Claudia', 'Humphrey', 'claudia.humphrey@efrei.net', 2);
INSERT INTO students (id, first_name, last_name, email, class_id) VALUES (75, 'Calvin', 'Luna', 'calvin.luna@efrei.net', 2);
INSERT INTO students (id, first_name, last_name, email, class_id) VALUES (76, 'Sean', 'Steele', 'sean.steele@efrei.net', 2);
INSERT INTO students (id, first_name, last_name, email, class_id) VALUES (77, 'Shawn', 'Hobbs', 'shawn.hobbs@efrei.net', 2);
INSERT INTO students (id, first_name, last_name, email, class_id) VALUES (78, 'Lee', 'Mueller', 'lee.mueller@efrei.net', 2);
INSERT INTO students (id, first_name, last_name, email, class_id) VALUES (79, 'Bridget', 'Yu', 'bridget.yu@efrei.net', 2);
INSERT INTO students (id, first_name, last_name, email, class_id) VALUES (80, 'Michael', 'Adams', 'michael.adams@efrei.net', 3);
INSERT INTO students (id, first_name, last_name, email, class_id) VALUES (81, 'Barbara', 'Perry', 'barbara.perry@efrei.net', 3);
INSERT INTO students (id, first_name, last_name, email, class_id) VALUES (82, 'Brenda', 'Barry', 'brenda.barry@efrei.net', 3);
INSERT INTO students (id, first_name, last_name, email, class_id) VALUES (83, 'Martha', 'Scott', 'martha.scott@efrei.net', 3);
INSERT INTO students (id, first_name, last_name, email, class_id) VALUES (84, 'Kristen', 'Cuevas', 'kristen.cuevas@efrei.net', 3);
INSERT INTO students (id, first_name, last_name, email, class_id) VALUES (85, 'Michael', 'Wright', 'michael.wright@efrei.net', 3);
INSERT INTO students (id, first_name, last_name, email, class_id) VALUES (86, 'Kathryn', 'Fuller', 'kathryn.fuller@efrei.net', 3);
INSERT INTO students (id, first_name, last_name, email, class_id) VALUES (87, 'Jodi', 'Wang', 'jodi.wang@efrei.net', 3);
INSERT INTO students (id, first_name, last_name, email, class_id) VALUES (88, 'Christine', 'Castro', 'christine.castro@efrei.net', 3);
INSERT INTO students (id, first_name, last_name, email, class_id) VALUES (89, 'Christopher', 'Garcia', 'christopher.garcia@efrei.net', 3);
INSERT INTO students (id, first_name, last_name, email, class_id) VALUES (90, 'John', 'Jones', 'john.jones@efrei.net', 3);
INSERT INTO students (id, first_name, last_name, email, class_id) VALUES (91, 'Christine', 'Bird', 'christine.bird@efrei.net', 3);
INSERT INTO students (id, first_name, last_name, email, class_id) VALUES (92, 'Deborah', 'Miller', 'deborah.miller@efrei.net', 3);
INSERT INTO students (id, first_name, last_name, email, class_id) VALUES (93, 'James', 'Brown', 'james.brown@efrei.net', 3);
INSERT INTO students (id, first_name, last_name, email, class_id) VALUES (94, 'Lisa', 'Conner', 'lisa.conner@efrei.net', 3);
INSERT INTO students (id, first_name, last_name, email, class_id) VALUES (95, 'Sarah', 'James', 'sarah.james@efrei.net', 3);
INSERT INTO students (id, first_name, last_name, email, class_id) VALUES (96, 'Kimberly', 'Peters', 'kimberly.peters@efrei.net', 3);
INSERT INTO students (id, first_name, last_name, email, class_id) VALUES (97, 'Marco', 'Berry', 'marco.berry@efrei.net', 3);
INSERT INTO students (id, first_name, last_name, email, class_id) VALUES (98, 'Jeffrey', 'Graham', 'jeffrey.graham@efrei.net', 3);
INSERT INTO students (id, first_name, last_name, email, class_id) VALUES (99, 'Stephanie', 'Smith', 'stephanie.smith@efrei.net', 3);
INSERT INTO students (id, first_name, last_name, email, class_id) VALUES (100, 'Justin', 'Bell', 'justin.bell@efrei.net', 3);
INSERT INTO students (id, first_name, last_name, email, class_id) VALUES (101, 'Michael', 'Wilkinson', 'michael.wilkinson@efrei.net', 3);
INSERT INTO students (id, first_name, last_name, email, class_id) VALUES (102, 'Lisa', 'Wilkinson', 'lisa.wilkinson@efrei.net', 3);
INSERT INTO students (id, first_name, last_name, email, class_id) VALUES (103, 'Rebecca', 'Gardner', 'rebecca.gardner@efrei.net', 3);
INSERT INTO students (id, first_name, last_name, email, class_id) VALUES (104, 'Robert', 'Murphy', 'robert.murphy@efrei.net', 3);
INSERT INTO students (id, first_name, last_name, email, class_id) VALUES (105, 'David', 'Jimenez', 'david.jimenez@efrei.net', 3);
INSERT INTO students (id, first_name, last_name, email, class_id) VALUES (106, 'Kenneth', 'Warner', 'kenneth.warner@efrei.net', 3);
INSERT INTO students (id, first_name, last_name, email, class_id) VALUES (107, 'Kevin', 'Scott', 'kevin.scott@efrei.net', 3);
INSERT INTO students (id, first_name, last_name, email, class_id) VALUES (108, 'Laurie', 'Conley', 'laurie.conley@efrei.net', 3);
INSERT INTO students (id, first_name, last_name, email, class_id) VALUES (109, 'Melissa', 'Garcia', 'melissa.garcia@efrei.net', 3);
INSERT INTO students (id, first_name, last_name, email, class_id) VALUES (110, 'James', 'Mack', 'james.mack@efrei.net', 3);
INSERT INTO students (id, first_name, last_name, email, class_id) VALUES (111, 'Monique', 'Williams', 'monique.williams@efrei.net', 3);
INSERT INTO students (id, first_name, last_name, email, class_id) VALUES (112, 'Jorge', 'Scott', 'jorge.scott@efrei.net', 3);
INSERT INTO students (id, first_name, last_name, email, class_id) VALUES (113, 'Melissa', 'Stark', 'melissa.stark@efrei.net', 3);
INSERT INTO students (id, first_name, last_name, email, class_id) VALUES (114, 'Kevin', 'White', 'kevin.white@efrei.net', 3);
INSERT INTO students (id, first_name, last_name, email, class_id) VALUES (115, 'Angela', 'Serrano', 'angela.serrano@efrei.net', 4);
INSERT INTO students (id, first_name, last_name, email, class_id) VALUES (116, 'Shaun', 'Reid', 'shaun.reid@efrei.net', 4);
INSERT INTO students (id, first_name, last_name, email, class_id) VALUES (117, 'Laurie', 'Blackburn', 'laurie.blackburn@efrei.net', 4);
INSERT INTO students (id, first_name, last_name, email, class_id) VALUES (118, 'Patrick', 'Adams', 'patrick.adams@efrei.net', 4);
INSERT INTO students (id, first_name, last_name, email, class_id) VALUES (119, 'Crystal', 'Hamilton', 'crystal.hamilton@efrei.net', 4);
INSERT INTO students (id, first_name, last_name, email, class_id) VALUES (120, 'Kristen', 'Mcdonald', 'kristen.mcdonald@efrei.net', 4);
INSERT INTO students (id, first_name, last_name, email, class_id) VALUES (121, 'Bradley', 'Thomas', 'bradley.thomas@efrei.net', 4);
INSERT INTO students (id, first_name, last_name, email, class_id) VALUES (122, 'Jeffrey', 'Baker', 'jeffrey.baker@efrei.net', 4);
INSERT INTO students (id, first_name, last_name, email, class_id) VALUES (123, 'Stephen', 'Cummings', 'stephen.cummings@efrei.net', 4);
INSERT INTO students (id, first_name, last_name, email, class_id) VALUES (124, 'Mary', 'Baker', 'mary.baker@efrei.net', 4);
INSERT INTO students (id, first_name, last_name, email, class_id) VALUES (125, 'Hunter', 'Turner', 'hunter.turner@efrei.net', 4);
INSERT INTO students (id, first_name, last_name, email, class_id) VALUES (126, 'James', 'Stevens', 'james.stevens@efrei.net', 4);
INSERT INTO students (id, first_name, last_name, email, class_id) VALUES (127, 'Heather', 'Brown', 'heather.brown@efrei.net', 4);
INSERT INTO students (id, first_name, last_name, email, class_id) VALUES (128, 'Stacy', 'Jimenez', 'stacy.jimenez@efrei.net', 4);
INSERT INTO students (id, first_name, last_name, email, class_id) VALUES (129, 'Jasmine', 'Flowers', 'jasmine.flowers@efrei.net', 4);
INSERT INTO students (id, first_name, last_name, email, class_id) VALUES (130, 'Charles', 'Chandler', 'charles.chandler@efrei.net', 4);
INSERT INTO students (id, first_name, last_name, email, class_id) VALUES (131, 'Cynthia', 'Gonzalez', 'cynthia.gonzalez@efrei.net', 4);
INSERT INTO students (id, first_name, last_name, email, class_id) VALUES (132, 'Megan', 'Butler', 'megan.butler@efrei.net', 4);
INSERT INTO students (id, first_name, last_name, email, class_id) VALUES (133, 'Toni', 'Lee', 'toni.lee@efrei.net', 4);
INSERT INTO students (id, first_name, last_name, email, class_id) VALUES (134, 'Gerald', 'Brennan', 'gerald.brennan@efrei.net', 4);
INSERT INTO students (id, first_name, last_name, email, class_id) VALUES (135, 'Thomas', 'Rios', 'thomas.rios@efrei.net', 4);
INSERT INTO students (id, first_name, last_name, email, class_id) VALUES (136, 'Kimberly', 'Klein', 'kimberly.klein@efrei.net', 4);
INSERT INTO students (id, first_name, last_name, email, class_id) VALUES (137, 'Amanda', 'Lawson', 'amanda.lawson@efrei.net', 4);
INSERT INTO students (id, first_name, last_name, email, class_id) VALUES (138, 'Melissa', 'Rodriguez', 'melissa.rodriguez@efrei.net', 4);
INSERT INTO students (id, first_name, last_name, email, class_id) VALUES (139, 'Samantha', 'Johnston', 'samantha.johnston@efrei.net', 4);
INSERT INTO students (id, first_name, last_name, email, class_id) VALUES (140, 'Kelsey', 'Bennett', 'kelsey.bennett@efrei.net', 4);
INSERT INTO students (id, first_name, last_name, email, class_id) VALUES (141, 'Daniel', 'Bryant', 'daniel.bryant@efrei.net', 4);
INSERT INTO students (id, first_name, last_name, email, class_id) VALUES (142, 'Matthew', 'Charles', 'matthew.charles@efrei.net', 4);
INSERT INTO students (id, first_name, last_name, email, class_id) VALUES (143, 'Lucas', 'Wallace', 'lucas.wallace@efrei.net', 4);
INSERT INTO students (id, first_name, last_name, email, class_id) VALUES (144, 'Daisy', 'Horne', 'daisy.horne@efrei.net', 4);
INSERT INTO students (id, first_name, last_name, email, class_id) VALUES (145, 'Christopher', 'Lang', 'christopher.lang@efrei.net', 4);
INSERT INTO students (id, first_name, last_name, email, class_id) VALUES (146, 'Sarah', 'Woodard', 'sarah.woodard@efrei.net', 4);
INSERT INTO students (id, first_name, last_name, email, class_id) VALUES (147, 'Jessica', 'Johnson', 'jessica.johnson@efrei.net', 4);
INSERT INTO students (id, first_name, last_name, email, class_id) VALUES (148, 'Ricky', 'Martin', 'ricky.martin@efrei.net', 4);
INSERT INTO students (id, first_name, last_name, email, class_id) VALUES (149, 'Michael', 'Tran', 'michael.tran@efrei.net', 4);
INSERT INTO students (id, first_name, last_name, email, class_id) VALUES (150, 'Austin', 'Osborne', 'austin.osborne@efrei.net', 4);
INSERT INTO students (id, first_name, last_name, email, class_id) VALUES (151, 'Melinda', 'Price', 'melinda.price@efrei.net', 4);
INSERT INTO students (id, first_name, last_name, email, class_id) VALUES (152, 'Michael', 'Wells', 'michael.wells@efrei.net', 4);
INSERT INTO students (id, first_name, last_name, email, class_id) VALUES (153, 'Pamela', 'Mathis', 'pamela.mathis@efrei.net', 4);
INSERT INTO class_sessions (id, class_id, subject_id, session_date, teacher_id, room_id) VALUES (1, 1, 1, '2025-01-08 11:15:13', 2, 2);
INSERT INTO attendance (student_id, session_id, status) VALUES (1, 1, 'Late');
INSERT INTO attendance (student_id, session_id, status) VALUES (2, 1, 'Absent');
INSERT INTO attendance (student_id, session_id, status) VALUES (3, 1, 'Absent');
INSERT INTO attendance (student_id, session_id, status) VALUES (4, 1, 'Absent');
INSERT INTO attendance (student_id, session_id, status) VALUES (5, 1, 'Late');
INSERT INTO attendance (student_id, session_id, status) VALUES (6, 1, 'Absent');
INSERT INTO attendance (student_id, session_id, status) VALUES (7, 1, 'Late');
INSERT INTO attendance (student_id, session_id, status) VALUES (8, 1, 'Late');
INSERT INTO attendance (student_id, session_id, status) VALUES (9, 1, 'Late');
INSERT INTO attendance (student_id, session_id, status) VALUES (10, 1, 'Late');
INSERT INTO attendance (student_id, session_id, status) VALUES (11, 1, 'Absent');
INSERT INTO attendance (student_id, session_id, status) VALUES (12, 1, 'Present');
INSERT INTO attendance (student_id, session_id, status) VALUES (13, 1, 'Absent');
INSERT INTO attendance (student_id, session_id, status) VALUES (14, 1, 'Late');
INSERT INTO attendance (student_id, session_id, status) VALUES (15, 1, 'Present');
INSERT INTO attendance (student_id, session_id, status) VALUES (16, 1, 'Present');
INSERT INTO attendance (student_id, session_id, status) VALUES (17, 1, 'Present');
INSERT INTO attendance (student_id, session_id, status) VALUES (18, 1, 'Late');
INSERT INTO attendance (student_id, session_id, status) VALUES (19, 1, 'Late');
INSERT INTO attendance (student_id, session_id, status) VALUES (20, 1, 'Present');
INSERT INTO attendance (student_id, session_id, status) VALUES (21, 1, 'Late');
INSERT INTO attendance (student_id, session_id, status) VALUES (22, 1, 'Present');
INSERT INTO attendance (student_id, session_id, status) VALUES (23, 1, 'Absent');
INSERT INTO attendance (student_id, session_id, status) VALUES (24, 1, 'Absent');
INSERT INTO attendance (student_id, session_id, status) VALUES (25, 1, 'Absent');
INSERT INTO attendance (student_id, session_id, status) VALUES (26, 1, 'Late');
INSERT INTO attendance (student_id, session_id, status) VALUES (27, 1, 'Present');
INSERT INTO attendance (student_id, session_id, status) VALUES (28, 1, 'Late');
INSERT INTO attendance (student_id, session_id, status) VALUES (29, 1, 'Present');
INSERT INTO attendance (student_id, session_id, status) VALUES (30, 1, 'Late');
INSERT INTO attendance (student_id, session_id, status) VALUES (31, 1, 'Present');
INSERT INTO attendance (student_id, session_id, status) VALUES (32, 1, 'Late');
INSERT INTO attendance (student_id, session_id, status) VALUES (33, 1, 'Late');
INSERT INTO attendance (student_id, session_id, status) VALUES (34, 1, 'Present');
INSERT INTO attendance (student_id, session_id, status) VALUES (35, 1, 'Absent');
INSERT INTO attendance (student_id, session_id, status) VALUES (36, 1, 'Present');
INSERT INTO attendance (student_id, session_id, status) VALUES (37, 1, 'Absent');
INSERT INTO attendance (student_id, session_id, status) VALUES (38, 1, 'Late');
INSERT INTO attendance (student_id, session_id, status) VALUES (39, 1, 'Late');
INSERT INTO class_sessions (id, class_id, subject_id, session_date, teacher_id, room_id) VALUES (2, 1, 1, '2025-01-09 02:22:03', 2, 2);
INSERT INTO attendance (student_id, session_id, status) VALUES (1, 2, 'Present');
INSERT INTO attendance (student_id, session_id, status) VALUES (2, 2, 'Absent');
INSERT INTO attendance (student_id, session_id, status) VALUES (3, 2, 'Present');
INSERT INTO attendance (student_id, session_id, status) VALUES (4, 2, 'Late');
INSERT INTO attendance (student_id, session_id, status) VALUES (5, 2, 'Late');
INSERT INTO attendance (student_id, session_id, status) VALUES (6, 2, 'Present');
INSERT INTO attendance (student_id, session_id, status) VALUES (7, 2, 'Present');
INSERT INTO attendance (student_id, session_id, status) VALUES (8, 2, 'Present');
INSERT INTO attendance (student_id, session_id, status) VALUES (9, 2, 'Absent');
INSERT INTO attendance (student_id, session_id, status) VALUES (10, 2, 'Late');
INSERT INTO attendance (student_id, session_id, status) VALUES (11, 2, 'Absent');
INSERT INTO attendance (student_id, session_id, status) VALUES (12, 2, 'Present');
INSERT INTO attendance (student_id, session_id, status) VALUES (13, 2, 'Absent');
INSERT INTO attendance (student_id, session_id, status) VALUES (14, 2, 'Present');
INSERT INTO attendance (student_id, session_id, status) VALUES (15, 2, 'Absent');
INSERT INTO attendance (student_id, session_id, status) VALUES (16, 2, 'Absent');
INSERT INTO attendance (student_id, session_id, status) VALUES (17, 2, 'Present');
INSERT INTO attendance (student_id, session_id, status) VALUES (18, 2, 'Late');
INSERT INTO attendance (student_id, session_id, status) VALUES (19, 2, 'Late');
INSERT INTO attendance (student_id, session_id, status) VALUES (20, 2, 'Absent');
INSERT INTO attendance (student_id, session_id, status) VALUES (21, 2, 'Absent');
INSERT INTO attendance (student_id, session_id, status) VALUES (22, 2, 'Late');
INSERT INTO attendance (student_id, session_id, status) VALUES (23, 2, 'Absent');
INSERT INTO attendance (student_id, session_id, status) VALUES (24, 2, 'Absent');
INSERT INTO attendance (student_id, session_id, status) VALUES (25, 2, 'Absent');
INSERT INTO attendance (student_id, session_id, status) VALUES (26, 2, 'Present');
INSERT INTO attendance (student_id, session_id, status) VALUES (27, 2, 'Absent');
INSERT INTO attendance (student_id, session_id, status) VALUES (28, 2, 'Late');
INSERT INTO attendance (student_id, session_id, status) VALUES (29, 2, 'Late');
INSERT INTO attendance (student_id, session_id, status) VALUES (30, 2, 'Present');
INSERT INTO attendance (student_id, session_id, status) VALUES (31, 2, 'Present');
INSERT INTO attendance (student_id, session_id, status) VALUES (32, 2, 'Late');
INSERT INTO attendance (student_id, session_id, status) VALUES (33, 2, 'Present');
INSERT INTO attendance (student_id, session_id, status) VALUES (34, 2, 'Absent');
INSERT INTO attendance (student_id, session_id, status) VALUES (35, 2, 'Late');
INSERT INTO attendance (student_id, session_id, status) VALUES (36, 2, 'Late');
INSERT INTO attendance (student_id, session_id, status) VALUES (37, 2, 'Late');
INSERT INTO attendance (student_id, session_id, status) VALUES (38, 2, 'Present');
INSERT INTO attendance (student_id, session_id, status) VALUES (39, 2, 'Late');
INSERT INTO class_sessions (id, class_id, subject_id, session_date, teacher_id, room_id) VALUES (3, 1, 1, '2025-01-14 19:59:13', 2, 2);
INSERT INTO attendance (student_id, session_id, status) VALUES (1, 3, 'Present');
INSERT INTO attendance (student_id, session_id, status) VALUES (2, 3, 'Present');
INSERT INTO attendance (student_id, session_id, status) VALUES (3, 3, 'Late');
INSERT INTO attendance (student_id, session_id, status) VALUES (4, 3, 'Late');
INSERT INTO attendance (student_id, session_id, status) VALUES (5, 3, 'Late');
INSERT INTO attendance (student_id, session_id, status) VALUES (6, 3, 'Absent');
INSERT INTO attendance (student_id, session_id, status) VALUES (7, 3, 'Late');
INSERT INTO attendance (student_id, session_id, status) VALUES (8, 3, 'Late');
INSERT INTO attendance (student_id, session_id, status) VALUES (9, 3, 'Absent');
INSERT INTO attendance (student_id, session_id, status) VALUES (10, 3, 'Absent');
INSERT INTO attendance (student_id, session_id, status) VALUES (11, 3, 'Absent');
INSERT INTO attendance (student_id, session_id, status) VALUES (12, 3, 'Present');
INSERT INTO attendance (student_id, session_id, status) VALUES (13, 3, 'Late');
INSERT INTO attendance (student_id, session_id, status) VALUES (14, 3, 'Absent');
INSERT INTO attendance (student_id, session_id, status) VALUES (15, 3, 'Present');
INSERT INTO attendance (student_id, session_id, status) VALUES (16, 3, 'Present');
INSERT INTO attendance (student_id, session_id, status) VALUES (17, 3, 'Late');
INSERT INTO attendance (student_id, session_id, status) VALUES (18, 3, 'Late');
INSERT INTO attendance (student_id, session_id, status) VALUES (19, 3, 'Absent');
INSERT INTO attendance (student_id, session_id, status) VALUES (20, 3, 'Late');
INSERT INTO attendance (student_id, session_id, status) VALUES (21, 3, 'Present');
INSERT INTO attendance (student_id, session_id, status) VALUES (22, 3, 'Absent');
INSERT INTO attendance (student_id, session_id, status) VALUES (23, 3, 'Late');
INSERT INTO attendance (student_id, session_id, status) VALUES (24, 3, 'Present');
INSERT INTO attendance (student_id, session_id, status) VALUES (25, 3, 'Present');
INSERT INTO attendance (student_id, session_id, status) VALUES (26, 3, 'Absent');
INSERT INTO attendance (student_id, session_id, status) VALUES (27, 3, 'Present');
INSERT INTO attendance (student_id, session_id, status) VALUES (28, 3, 'Absent');
INSERT INTO attendance (student_id, session_id, status) VALUES (29, 3, 'Late');
INSERT INTO attendance (student_id, session_id, status) VALUES (30, 3, 'Absent');
INSERT INTO attendance (student_id, session_id, status) VALUES (31, 3, 'Present');
INSERT INTO attendance (student_id, session_id, status) VALUES (32, 3, 'Present');
INSERT INTO attendance (student_id, session_id, status) VALUES (33, 3, 'Present');
INSERT INTO attendance (student_id, session_id, status) VALUES (34, 3, 'Late');
INSERT INTO attendance (student_id, session_id, status) VALUES (35, 3, 'Absent');
INSERT INTO attendance (student_id, session_id, status) VALUES (36, 3, 'Late');
INSERT INTO attendance (student_id, session_id, status) VALUES (37, 3, 'Present');
INSERT INTO attendance (student_id, session_id, status) VALUES (38, 3, 'Absent');
INSERT INTO attendance (student_id, session_id, status) VALUES (39, 3, 'Late');
INSERT INTO class_sessions (id, class_id, subject_id, session_date, teacher_id, room_id) VALUES (4, 1, 2, '2025-01-23 09:21:25', 2, 1);
INSERT INTO attendance (student_id, session_id, status) VALUES (1, 4, 'Present');
INSERT INTO attendance (student_id, session_id, status) VALUES (2, 4, 'Late');
INSERT INTO attendance (student_id, session_id, status) VALUES (3, 4, 'Late');
INSERT INTO attendance (student_id, session_id, status) VALUES (4, 4, 'Present');
INSERT INTO attendance (student_id, session_id, status) VALUES (5, 4, 'Absent');
INSERT INTO attendance (student_id, session_id, status) VALUES (6, 4, 'Absent');
INSERT INTO attendance (student_id, session_id, status) VALUES (7, 4, 'Present');
INSERT INTO attendance (student_id, session_id, status) VALUES (8, 4, 'Late');
INSERT INTO attendance (student_id, session_id, status) VALUES (9, 4, 'Absent');
INSERT INTO attendance (student_id, session_id, status) VALUES (10, 4, 'Absent');
INSERT INTO attendance (student_id, session_id, status) VALUES (11, 4, 'Present');
INSERT INTO attendance (student_id, session_id, status) VALUES (12, 4, 'Late');
INSERT INTO attendance (student_id, session_id, status) VALUES (13, 4, 'Absent');
INSERT INTO attendance (student_id, session_id, status) VALUES (14, 4, 'Present');
INSERT INTO attendance (student_id, session_id, status) VALUES (15, 4, 'Absent');
INSERT INTO attendance (student_id, session_id, status) VALUES (16, 4, 'Absent');
INSERT INTO attendance (student_id, session_id, status) VALUES (17, 4, 'Absent');
INSERT INTO attendance (student_id, session_id, status) VALUES (18, 4, 'Absent');
INSERT INTO attendance (student_id, session_id, status) VALUES (19, 4, 'Late');
INSERT INTO attendance (student_id, session_id, status) VALUES (20, 4, 'Absent');
INSERT INTO attendance (student_id, session_id, status) VALUES (21, 4, 'Present');
INSERT INTO attendance (student_id, session_id, status) VALUES (22, 4, 'Late');
INSERT INTO attendance (student_id, session_id, status) VALUES (23, 4, 'Absent');
INSERT INTO attendance (student_id, session_id, status) VALUES (24, 4, 'Late');
INSERT INTO attendance (student_id, session_id, status) VALUES (25, 4, 'Late');
INSERT INTO attendance (student_id, session_id, status) VALUES (26, 4, 'Present');
INSERT INTO attendance (student_id, session_id, status) VALUES (27, 4, 'Absent');
INSERT INTO attendance (student_id, session_id, status) VALUES (28, 4, 'Absent');
INSERT INTO attendance (student_id, session_id, status) VALUES (29, 4, 'Absent');
INSERT INTO attendance (student_id, session_id, status) VALUES (30, 4, 'Present');
INSERT INTO attendance (student_id, session_id, status) VALUES (31, 4, 'Late');
INSERT INTO attendance (student_id, session_id, status) VALUES (32, 4, 'Present');
INSERT INTO attendance (student_id, session_id, status) VALUES (33, 4, 'Absent');
INSERT INTO attendance (student_id, session_id, status) VALUES (34, 4, 'Late');
INSERT INTO attendance (student_id, session_id, status) VALUES (35, 4, 'Present');
INSERT INTO attendance (student_id, session_id, status) VALUES (36, 4, 'Late');
INSERT INTO attendance (student_id, session_id, status) VALUES (37, 4, 'Present');
INSERT INTO attendance (student_id, session_id, status) VALUES (38, 4, 'Present');
INSERT INTO attendance (student_id, session_id, status) VALUES (39, 4, 'Present');
INSERT INTO class_sessions (id, class_id, subject_id, session_date, teacher_id, room_id) VALUES (5, 1, 2, '2025-02-07 05:26:45', 2, 1);
INSERT INTO attendance (student_id, session_id, status) VALUES (1, 5, 'Present');
INSERT INTO attendance (student_id, session_id, status) VALUES (2, 5, 'Late');
INSERT INTO attendance (student_id, session_id, status) VALUES (3, 5, 'Present');
INSERT INTO attendance (student_id, session_id, status) VALUES (4, 5, 'Late');
INSERT INTO attendance (student_id, session_id, status) VALUES (5, 5, 'Present');
INSERT INTO attendance (student_id, session_id, status) VALUES (6, 5, 'Present');
INSERT INTO attendance (student_id, session_id, status) VALUES (7, 5, 'Absent');
INSERT INTO attendance (student_id, session_id, status) VALUES (8, 5, 'Late');
INSERT INTO attendance (student_id, session_id, status) VALUES (9, 5, 'Present');
INSERT INTO attendance (student_id, session_id, status) VALUES (10, 5, 'Absent');
INSERT INTO attendance (student_id, session_id, status) VALUES (11, 5, 'Present');
INSERT INTO attendance (student_id, session_id, status) VALUES (12, 5, 'Absent');
INSERT INTO attendance (student_id, session_id, status) VALUES (13, 5, 'Late');
INSERT INTO attendance (student_id, session_id, status) VALUES (14, 5, 'Late');
INSERT INTO attendance (student_id, session_id, status) VALUES (15, 5, 'Late');
INSERT INTO attendance (student_id, session_id, status) VALUES (16, 5, 'Present');
INSERT INTO attendance (student_id, session_id, status) VALUES (17, 5, 'Present');
INSERT INTO attendance (student_id, session_id, status) VALUES (18, 5, 'Absent');
INSERT INTO attendance (student_id, session_id, status) VALUES (19, 5, 'Late');
INSERT INTO attendance (student_id, session_id, status) VALUES (20, 5, 'Late');
INSERT INTO attendance (student_id, session_id, status) VALUES (21, 5, 'Late');
INSERT INTO attendance (student_id, session_id, status) VALUES (22, 5, 'Present');
INSERT INTO attendance (student_id, session_id, status) VALUES (23, 5, 'Present');
INSERT INTO attendance (student_id, session_id, status) VALUES (24, 5, 'Present');
INSERT INTO attendance (student_id, session_id, status) VALUES (25, 5, 'Present');
INSERT INTO attendance (student_id, session_id, status) VALUES (26, 5, 'Late');
INSERT INTO attendance (student_id, session_id, status) VALUES (27, 5, 'Absent');
INSERT INTO attendance (student_id, session_id, status) VALUES (28, 5, 'Absent');
INSERT INTO attendance (student_id, session_id, status) VALUES (29, 5, 'Late');
INSERT INTO attendance (student_id, session_id, status) VALUES (30, 5, 'Present');
INSERT INTO attendance (student_id, session_id, status) VALUES (31, 5, 'Late');
INSERT INTO attendance (student_id, session_id, status) VALUES (32, 5, 'Late');
INSERT INTO attendance (student_id, session_id, status) VALUES (33, 5, 'Absent');
INSERT INTO attendance (student_id, session_id, status) VALUES (34, 5, 'Present');
INSERT INTO attendance (student_id, session_id, status) VALUES (35, 5, 'Present');
INSERT INTO attendance (student_id, session_id, status) VALUES (36, 5, 'Absent');
INSERT INTO attendance (student_id, session_id, status) VALUES (37, 5, 'Absent');
INSERT INTO attendance (student_id, session_id, status) VALUES (38, 5, 'Absent');
INSERT INTO attendance (student_id, session_id, status) VALUES (39, 5, 'Present');
INSERT INTO class_sessions (id, class_id, subject_id, session_date, teacher_id, room_id) VALUES (6, 1, 2, '2025-03-06 04:04:18', 2, 1);
INSERT INTO attendance (student_id, session_id, status) VALUES (1, 6, 'Absent');
INSERT INTO attendance (student_id, session_id, status) VALUES (2, 6, 'Absent');
INSERT INTO attendance (student_id, session_id, status) VALUES (3, 6, 'Late');
INSERT INTO attendance (student_id, session_id, status) VALUES (4, 6, 'Present');
INSERT INTO attendance (student_id, session_id, status) VALUES (5, 6, 'Present');
INSERT INTO attendance (student_id, session_id, status) VALUES (6, 6, 'Present');
INSERT INTO attendance (student_id, session_id, status) VALUES (7, 6, 'Late');
INSERT INTO attendance (student_id, session_id, status) VALUES (8, 6, 'Absent');
INSERT INTO attendance (student_id, session_id, status) VALUES (9, 6, 'Late');
INSERT INTO attendance (student_id, session_id, status) VALUES (10, 6, 'Present');
INSERT INTO attendance (student_id, session_id, status) VALUES (11, 6, 'Present');
INSERT INTO attendance (student_id, session_id, status) VALUES (12, 6, 'Late');
INSERT INTO attendance (student_id, session_id, status) VALUES (13, 6, 'Present');
INSERT INTO attendance (student_id, session_id, status) VALUES (14, 6, 'Absent');
INSERT INTO attendance (student_id, session_id, status) VALUES (15, 6, 'Present');
INSERT INTO attendance (student_id, session_id, status) VALUES (16, 6, 'Late');
INSERT INTO attendance (student_id, session_id, status) VALUES (17, 6, 'Absent');
INSERT INTO attendance (student_id, session_id, status) VALUES (18, 6, 'Absent');
INSERT INTO attendance (student_id, session_id, status) VALUES (19, 6, 'Present');
INSERT INTO attendance (student_id, session_id, status) VALUES (20, 6, 'Absent');
INSERT INTO attendance (student_id, session_id, status) VALUES (21, 6, 'Late');
INSERT INTO attendance (student_id, session_id, status) VALUES (22, 6, 'Present');
INSERT INTO attendance (student_id, session_id, status) VALUES (23, 6, 'Absent');
INSERT INTO attendance (student_id, session_id, status) VALUES (24, 6, 'Present');
INSERT INTO attendance (student_id, session_id, status) VALUES (25, 6, 'Present');
INSERT INTO attendance (student_id, session_id, status) VALUES (26, 6, 'Late');
INSERT INTO attendance (student_id, session_id, status) VALUES (27, 6, 'Late');
INSERT INTO attendance (student_id, session_id, status) VALUES (28, 6, 'Late');
INSERT INTO attendance (student_id, session_id, status) VALUES (29, 6, 'Late');
INSERT INTO attendance (student_id, session_id, status) VALUES (30, 6, 'Late');
INSERT INTO attendance (student_id, session_id, status) VALUES (31, 6, 'Present');
INSERT INTO attendance (student_id, session_id, status) VALUES (32, 6, 'Present');
INSERT INTO attendance (student_id, session_id, status) VALUES (33, 6, 'Present');
INSERT INTO attendance (student_id, session_id, status) VALUES (34, 6, 'Absent');
INSERT INTO attendance (student_id, session_id, status) VALUES (35, 6, 'Late');
INSERT INTO attendance (student_id, session_id, status) VALUES (36, 6, 'Absent');
INSERT INTO attendance (student_id, session_id, status) VALUES (37, 6, 'Present');
INSERT INTO attendance (student_id, session_id, status) VALUES (38, 6, 'Late');
INSERT INTO attendance (student_id, session_id, status) VALUES (39, 6, 'Late');
INSERT INTO class_sessions (id, class_id, subject_id, session_date, teacher_id, room_id) VALUES (7, 1, 3, '2025-02-14 14:35:31', 2, 4);
INSERT INTO attendance (student_id, session_id, status) VALUES (1, 7, 'Present');
INSERT INTO attendance (student_id, session_id, status) VALUES (2, 7, 'Absent');
INSERT INTO attendance (student_id, session_id, status) VALUES (3, 7, 'Absent');
INSERT INTO attendance (student_id, session_id, status) VALUES (4, 7, 'Late');
INSERT INTO attendance (student_id, session_id, status) VALUES (5, 7, 'Present');
INSERT INTO attendance (student_id, session_id, status) VALUES (6, 7, 'Absent');
INSERT INTO attendance (student_id, session_id, status) VALUES (7, 7, 'Late');
INSERT INTO attendance (student_id, session_id, status) VALUES (8, 7, 'Late');
INSERT INTO attendance (student_id, session_id, status) VALUES (9, 7, 'Absent');
INSERT INTO attendance (student_id, session_id, status) VALUES (10, 7, 'Late');
INSERT INTO attendance (student_id, session_id, status) VALUES (11, 7, 'Present');
INSERT INTO attendance (student_id, session_id, status) VALUES (12, 7, 'Absent');
INSERT INTO attendance (student_id, session_id, status) VALUES (13, 7, 'Late');
INSERT INTO attendance (student_id, session_id, status) VALUES (14, 7, 'Present');
INSERT INTO attendance (student_id, session_id, status) VALUES (15, 7, 'Late');
INSERT INTO attendance (student_id, session_id, status) VALUES (16, 7, 'Late');
INSERT INTO attendance (student_id, session_id, status) VALUES (17, 7, 'Absent');
INSERT INTO attendance (student_id, session_id, status) VALUES (18, 7, 'Present');
INSERT INTO attendance (student_id, session_id, status) VALUES (19, 7, 'Present');
INSERT INTO attendance (student_id, session_id, status) VALUES (20, 7, 'Absent');
INSERT INTO attendance (student_id, session_id, status) VALUES (21, 7, 'Absent');
INSERT INTO attendance (student_id, session_id, status) VALUES (22, 7, 'Late');
INSERT INTO attendance (student_id, session_id, status) VALUES (23, 7, 'Late');
INSERT INTO attendance (student_id, session_id, status) VALUES (24, 7, 'Present');
INSERT INTO attendance (student_id, session_id, status) VALUES (25, 7, 'Present');
INSERT INTO attendance (student_id, session_id, status) VALUES (26, 7, 'Present');
INSERT INTO attendance (student_id, session_id, status) VALUES (27, 7, 'Late');
INSERT INTO attendance (student_id, session_id, status) VALUES (28, 7, 'Present');
INSERT INTO attendance (student_id, session_id, status) VALUES (29, 7, 'Present');
INSERT INTO attendance (student_id, session_id, status) VALUES (30, 7, 'Present');
INSERT INTO attendance (student_id, session_id, status) VALUES (31, 7, 'Late');
INSERT INTO attendance (student_id, session_id, status) VALUES (32, 7, 'Late');
INSERT INTO attendance (student_id, session_id, status) VALUES (33, 7, 'Late');
INSERT INTO attendance (student_id, session_id, status) VALUES (34, 7, 'Late');
INSERT INTO attendance (student_id, session_id, status) VALUES (35, 7, 'Present');
INSERT INTO attendance (student_id, session_id, status) VALUES (36, 7, 'Absent');
INSERT INTO attendance (student_id, session_id, status) VALUES (37, 7, 'Absent');
INSERT INTO attendance (student_id, session_id, status) VALUES (38, 7, 'Late');
INSERT INTO attendance (student_id, session_id, status) VALUES (39, 7, 'Late');
INSERT INTO class_sessions (id, class_id, subject_id, session_date, teacher_id, room_id) VALUES (8, 1, 3, '2025-01-29 02:07:12', 2, 4);
INSERT INTO attendance (student_id, session_id, status) VALUES (1, 8, 'Late');
INSERT INTO attendance (student_id, session_id, status) VALUES (2, 8, 'Present');
INSERT INTO attendance (student_id, session_id, status) VALUES (3, 8, 'Present');
INSERT INTO attendance (student_id, session_id, status) VALUES (4, 8, 'Late');
INSERT INTO attendance (student_id, session_id, status) VALUES (5, 8, 'Present');
INSERT INTO attendance (student_id, session_id, status) VALUES (6, 8, 'Present');
INSERT INTO attendance (student_id, session_id, status) VALUES (7, 8, 'Absent');
INSERT INTO attendance (student_id, session_id, status) VALUES (8, 8, 'Absent');
INSERT INTO attendance (student_id, session_id, status) VALUES (9, 8, 'Present');
INSERT INTO attendance (student_id, session_id, status) VALUES (10, 8, 'Present');
INSERT INTO attendance (student_id, session_id, status) VALUES (11, 8, 'Late');
INSERT INTO attendance (student_id, session_id, status) VALUES (12, 8, 'Late');
INSERT INTO attendance (student_id, session_id, status) VALUES (13, 8, 'Late');
INSERT INTO attendance (student_id, session_id, status) VALUES (14, 8, 'Absent');
INSERT INTO attendance (student_id, session_id, status) VALUES (15, 8, 'Absent');
INSERT INTO attendance (student_id, session_id, status) VALUES (16, 8, 'Late');
INSERT INTO attendance (student_id, session_id, status) VALUES (17, 8, 'Present');
INSERT INTO attendance (student_id, session_id, status) VALUES (18, 8, 'Absent');
INSERT INTO attendance (student_id, session_id, status) VALUES (19, 8, 'Late');
INSERT INTO attendance (student_id, session_id, status) VALUES (20, 8, 'Late');
INSERT INTO attendance (student_id, session_id, status) VALUES (21, 8, 'Present');
INSERT INTO attendance (student_id, session_id, status) VALUES (22, 8, 'Late');
INSERT INTO attendance (student_id, session_id, status) VALUES (23, 8, 'Present');
INSERT INTO attendance (student_id, session_id, status) VALUES (24, 8, 'Present');
INSERT INTO attendance (student_id, session_id, status) VALUES (25, 8, 'Late');
INSERT INTO attendance (student_id, session_id, status) VALUES (26, 8, 'Present');
INSERT INTO attendance (student_id, session_id, status) VALUES (27, 8, 'Late');
INSERT INTO attendance (student_id, session_id, status) VALUES (28, 8, 'Late');
INSERT INTO attendance (student_id, session_id, status) VALUES (29, 8, 'Absent');
INSERT INTO attendance (student_id, session_id, status) VALUES (30, 8, 'Present');
INSERT INTO attendance (student_id, session_id, status) VALUES (31, 8, 'Late');
INSERT INTO attendance (student_id, session_id, status) VALUES (32, 8, 'Late');
INSERT INTO attendance (student_id, session_id, status) VALUES (33, 8, 'Late');
INSERT INTO attendance (student_id, session_id, status) VALUES (34, 8, 'Late');
INSERT INTO attendance (student_id, session_id, status) VALUES (35, 8, 'Absent');
INSERT INTO attendance (student_id, session_id, status) VALUES (36, 8, 'Present');
INSERT INTO attendance (student_id, session_id, status) VALUES (37, 8, 'Present');
INSERT INTO attendance (student_id, session_id, status) VALUES (38, 8, 'Late');
INSERT INTO attendance (student_id, session_id, status) VALUES (39, 8, 'Present');
INSERT INTO class_sessions (id, class_id, subject_id, session_date, teacher_id, room_id) VALUES (9, 1, 3, '2025-03-06 01:07:49', 2, 4);
INSERT INTO attendance (student_id, session_id, status) VALUES (1, 9, 'Present');
INSERT INTO attendance (student_id, session_id, status) VALUES (2, 9, 'Absent');
INSERT INTO attendance (student_id, session_id, status) VALUES (3, 9, 'Late');
INSERT INTO attendance (student_id, session_id, status) VALUES (4, 9, 'Absent');
INSERT INTO attendance (student_id, session_id, status) VALUES (5, 9, 'Late');
INSERT INTO attendance (student_id, session_id, status) VALUES (6, 9, 'Absent');
INSERT INTO attendance (student_id, session_id, status) VALUES (7, 9, 'Present');
INSERT INTO attendance (student_id, session_id, status) VALUES (8, 9, 'Late');
INSERT INTO attendance (student_id, session_id, status) VALUES (9, 9, 'Late');
INSERT INTO attendance (student_id, session_id, status) VALUES (10, 9, 'Absent');
INSERT INTO attendance (student_id, session_id, status) VALUES (11, 9, 'Present');
INSERT INTO attendance (student_id, session_id, status) VALUES (12, 9, 'Absent');
INSERT INTO attendance (student_id, session_id, status) VALUES (13, 9, 'Late');
INSERT INTO attendance (student_id, session_id, status) VALUES (14, 9, 'Absent');
INSERT INTO attendance (student_id, session_id, status) VALUES (15, 9, 'Late');
INSERT INTO attendance (student_id, session_id, status) VALUES (16, 9, 'Absent');
INSERT INTO attendance (student_id, session_id, status) VALUES (17, 9, 'Late');
INSERT INTO attendance (student_id, session_id, status) VALUES (18, 9, 'Present');
INSERT INTO attendance (student_id, session_id, status) VALUES (19, 9, 'Late');
INSERT INTO attendance (student_id, session_id, status) VALUES (20, 9, 'Present');
INSERT INTO attendance (student_id, session_id, status) VALUES (21, 9, 'Late');
INSERT INTO attendance (student_id, session_id, status) VALUES (22, 9, 'Present');
INSERT INTO attendance (student_id, session_id, status) VALUES (23, 9, 'Absent');
INSERT INTO attendance (student_id, session_id, status) VALUES (24, 9, 'Absent');
INSERT INTO attendance (student_id, session_id, status) VALUES (25, 9, 'Late');
INSERT INTO attendance (student_id, session_id, status) VALUES (26, 9, 'Absent');
INSERT INTO attendance (student_id, session_id, status) VALUES (27, 9, 'Present');
INSERT INTO attendance (student_id, session_id, status) VALUES (28, 9, 'Absent');
INSERT INTO attendance (student_id, session_id, status) VALUES (29, 9, 'Present');
INSERT INTO attendance (student_id, session_id, status) VALUES (30, 9, 'Present');
INSERT INTO attendance (student_id, session_id, status) VALUES (31, 9, 'Absent');
INSERT INTO attendance (student_id, session_id, status) VALUES (32, 9, 'Absent');
INSERT INTO attendance (student_id, session_id, status) VALUES (33, 9, 'Absent');
INSERT INTO attendance (student_id, session_id, status) VALUES (34, 9, 'Late');
INSERT INTO attendance (student_id, session_id, status) VALUES (35, 9, 'Present');
INSERT INTO attendance (student_id, session_id, status) VALUES (36, 9, 'Absent');
INSERT INTO attendance (student_id, session_id, status) VALUES (37, 9, 'Present');
INSERT INTO attendance (student_id, session_id, status) VALUES (38, 9, 'Absent');
INSERT INTO attendance (student_id, session_id, status) VALUES (39, 9, 'Present');
INSERT INTO class_sessions (id, class_id, subject_id, session_date, teacher_id, room_id) VALUES (10, 1, 4, '2025-02-24 05:24:50', 6, 4);
INSERT INTO attendance (student_id, session_id, status) VALUES (1, 10, 'Absent');
INSERT INTO attendance (student_id, session_id, status) VALUES (2, 10, 'Present');
INSERT INTO attendance (student_id, session_id, status) VALUES (3, 10, 'Absent');
INSERT INTO attendance (student_id, session_id, status) VALUES (4, 10, 'Absent');
INSERT INTO attendance (student_id, session_id, status) VALUES (5, 10, 'Absent');
INSERT INTO attendance (student_id, session_id, status) VALUES (6, 10, 'Late');
INSERT INTO attendance (student_id, session_id, status) VALUES (7, 10, 'Late');
INSERT INTO attendance (student_id, session_id, status) VALUES (8, 10, 'Absent');
INSERT INTO attendance (student_id, session_id, status) VALUES (9, 10, 'Present');
INSERT INTO attendance (student_id, session_id, status) VALUES (10, 10, 'Late');
INSERT INTO attendance (student_id, session_id, status) VALUES (11, 10, 'Absent');
INSERT INTO attendance (student_id, session_id, status) VALUES (12, 10, 'Absent');
INSERT INTO attendance (student_id, session_id, status) VALUES (13, 10, 'Absent');
INSERT INTO attendance (student_id, session_id, status) VALUES (14, 10, 'Late');
INSERT INTO attendance (student_id, session_id, status) VALUES (15, 10, 'Late');
INSERT INTO attendance (student_id, session_id, status) VALUES (16, 10, 'Present');
INSERT INTO attendance (student_id, session_id, status) VALUES (17, 10, 'Absent');
INSERT INTO attendance (student_id, session_id, status) VALUES (18, 10, 'Late');
INSERT INTO attendance (student_id, session_id, status) VALUES (19, 10, 'Absent');
INSERT INTO attendance (student_id, session_id, status) VALUES (20, 10, 'Present');
INSERT INTO attendance (student_id, session_id, status) VALUES (21, 10, 'Absent');
INSERT INTO attendance (student_id, session_id, status) VALUES (22, 10, 'Late');
INSERT INTO attendance (student_id, session_id, status) VALUES (23, 10, 'Late');
INSERT INTO attendance (student_id, session_id, status) VALUES (24, 10, 'Absent');
INSERT INTO attendance (student_id, session_id, status) VALUES (25, 10, 'Present');
INSERT INTO attendance (student_id, session_id, status) VALUES (26, 10, 'Absent');
INSERT INTO attendance (student_id, session_id, status) VALUES (27, 10, 'Late');
INSERT INTO attendance (student_id, session_id, status) VALUES (28, 10, 'Present');
INSERT INTO attendance (student_id, session_id, status) VALUES (29, 10, 'Present');
INSERT INTO attendance (student_id, session_id, status) VALUES (30, 10, 'Present');
INSERT INTO attendance (student_id, session_id, status) VALUES (31, 10, 'Present');
INSERT INTO attendance (student_id, session_id, status) VALUES (32, 10, 'Present');
INSERT INTO attendance (student_id, session_id, status) VALUES (33, 10, 'Absent');
INSERT INTO attendance (student_id, session_id, status) VALUES (34, 10, 'Absent');
INSERT INTO attendance (student_id, session_id, status) VALUES (35, 10, 'Late');
INSERT INTO attendance (student_id, session_id, status) VALUES (36, 10, 'Present');
INSERT INTO attendance (student_id, session_id, status) VALUES (37, 10, 'Present');
INSERT INTO attendance (student_id, session_id, status) VALUES (38, 10, 'Late');
INSERT INTO attendance (student_id, session_id, status) VALUES (39, 10, 'Late');
INSERT INTO class_sessions (id, class_id, subject_id, session_date, teacher_id, room_id) VALUES (11, 1, 4, '2025-02-22 06:14:56', 6, 4);
INSERT INTO attendance (student_id, session_id, status) VALUES (1, 11, 'Absent');
INSERT INTO attendance (student_id, session_id, status) VALUES (2, 11, 'Absent');
INSERT INTO attendance (student_id, session_id, status) VALUES (3, 11, 'Late');
INSERT INTO attendance (student_id, session_id, status) VALUES (4, 11, 'Late');
INSERT INTO attendance (student_id, session_id, status) VALUES (5, 11, 'Absent');
INSERT INTO attendance (student_id, session_id, status) VALUES (6, 11, 'Absent');
INSERT INTO attendance (student_id, session_id, status) VALUES (7, 11, 'Absent');
INSERT INTO attendance (student_id, session_id, status) VALUES (8, 11, 'Present');
INSERT INTO attendance (student_id, session_id, status) VALUES (9, 11, 'Absent');
INSERT INTO attendance (student_id, session_id, status) VALUES (10, 11, 'Absent');
INSERT INTO attendance (student_id, session_id, status) VALUES (11, 11, 'Absent');
INSERT INTO attendance (student_id, session_id, status) VALUES (12, 11, 'Late');
INSERT INTO attendance (student_id, session_id, status) VALUES (13, 11, 'Absent');
INSERT INTO attendance (student_id, session_id, status) VALUES (14, 11, 'Present');
INSERT INTO attendance (student_id, session_id, status) VALUES (15, 11, 'Present');
INSERT INTO attendance (student_id, session_id, status) VALUES (16, 11, 'Present');
INSERT INTO attendance (student_id, session_id, status) VALUES (17, 11, 'Late');
INSERT INTO attendance (student_id, session_id, status) VALUES (18, 11, 'Present');
INSERT INTO attendance (student_id, session_id, status) VALUES (19, 11, 'Present');
INSERT INTO attendance (student_id, session_id, status) VALUES (20, 11, 'Present');
INSERT INTO attendance (student_id, session_id, status) VALUES (21, 11, 'Late');
INSERT INTO attendance (student_id, session_id, status) VALUES (22, 11, 'Present');
INSERT INTO attendance (student_id, session_id, status) VALUES (23, 11, 'Present');
INSERT INTO attendance (student_id, session_id, status) VALUES (24, 11, 'Absent');
INSERT INTO attendance (student_id, session_id, status) VALUES (25, 11, 'Present');
INSERT INTO attendance (student_id, session_id, status) VALUES (26, 11, 'Late');
INSERT INTO attendance (student_id, session_id, status) VALUES (27, 11, 'Absent');
INSERT INTO attendance (student_id, session_id, status) VALUES (28, 11, 'Late');
INSERT INTO attendance (student_id, session_id, status) VALUES (29, 11, 'Present');
INSERT INTO attendance (student_id, session_id, status) VALUES (30, 11, 'Present');
INSERT INTO attendance (student_id, session_id, status) VALUES (31, 11, 'Late');
INSERT INTO attendance (student_id, session_id, status) VALUES (32, 11, 'Present');
INSERT INTO attendance (student_id, session_id, status) VALUES (33, 11, 'Absent');
INSERT INTO attendance (student_id, session_id, status) VALUES (34, 11, 'Absent');
INSERT INTO attendance (student_id, session_id, status) VALUES (35, 11, 'Late');
INSERT INTO attendance (student_id, session_id, status) VALUES (36, 11, 'Absent');
INSERT INTO attendance (student_id, session_id, status) VALUES (37, 11, 'Present');
INSERT INTO attendance (student_id, session_id, status) VALUES (38, 11, 'Late');
INSERT INTO attendance (student_id, session_id, status) VALUES (39, 11, 'Absent');
INSERT INTO class_sessions (id, class_id, subject_id, session_date, teacher_id, room_id) VALUES (12, 1, 4, '2025-01-10 12:39:56', 6, 4);
INSERT INTO attendance (student_id, session_id, status) VALUES (1, 12, 'Present');
INSERT INTO attendance (student_id, session_id, status) VALUES (2, 12, 'Present');
INSERT INTO attendance (student_id, session_id, status) VALUES (3, 12, 'Late');
INSERT INTO attendance (student_id, session_id, status) VALUES (4, 12, 'Late');
INSERT INTO attendance (student_id, session_id, status) VALUES (5, 12, 'Absent');
INSERT INTO attendance (student_id, session_id, status) VALUES (6, 12, 'Present');
INSERT INTO attendance (student_id, session_id, status) VALUES (7, 12, 'Late');
INSERT INTO attendance (student_id, session_id, status) VALUES (8, 12, 'Late');
INSERT INTO attendance (student_id, session_id, status) VALUES (9, 12, 'Absent');
INSERT INTO attendance (student_id, session_id, status) VALUES (10, 12, 'Absent');
INSERT INTO attendance (student_id, session_id, status) VALUES (11, 12, 'Late');
INSERT INTO attendance (student_id, session_id, status) VALUES (12, 12, 'Present');
INSERT INTO attendance (student_id, session_id, status) VALUES (13, 12, 'Late');
INSERT INTO attendance (student_id, session_id, status) VALUES (14, 12, 'Late');
INSERT INTO attendance (student_id, session_id, status) VALUES (15, 12, 'Absent');
INSERT INTO attendance (student_id, session_id, status) VALUES (16, 12, 'Late');
INSERT INTO attendance (student_id, session_id, status) VALUES (17, 12, 'Present');
INSERT INTO attendance (student_id, session_id, status) VALUES (18, 12, 'Late');
INSERT INTO attendance (student_id, session_id, status) VALUES (19, 12, 'Present');
INSERT INTO attendance (student_id, session_id, status) VALUES (20, 12, 'Late');
INSERT INTO attendance (student_id, session_id, status) VALUES (21, 12, 'Absent');
INSERT INTO attendance (student_id, session_id, status) VALUES (22, 12, 'Absent');
INSERT INTO attendance (student_id, session_id, status) VALUES (23, 12, 'Present');
INSERT INTO attendance (student_id, session_id, status) VALUES (24, 12, 'Late');
INSERT INTO attendance (student_id, session_id, status) VALUES (25, 12, 'Late');
INSERT INTO attendance (student_id, session_id, status) VALUES (26, 12, 'Absent');
INSERT INTO attendance (student_id, session_id, status) VALUES (27, 12, 'Late');
INSERT INTO attendance (student_id, session_id, status) VALUES (28, 12, 'Present');
INSERT INTO attendance (student_id, session_id, status) VALUES (29, 12, 'Late');
INSERT INTO attendance (student_id, session_id, status) VALUES (30, 12, 'Absent');
INSERT INTO attendance (student_id, session_id, status) VALUES (31, 12, 'Present');
INSERT INTO attendance (student_id, session_id, status) VALUES (32, 12, 'Absent');
INSERT INTO attendance (student_id, session_id, status) VALUES (33, 12, 'Absent');
INSERT INTO attendance (student_id, session_id, status) VALUES (34, 12, 'Absent');
INSERT INTO attendance (student_id, session_id, status) VALUES (35, 12, 'Late');
INSERT INTO attendance (student_id, session_id, status) VALUES (36, 12, 'Absent');
INSERT INTO attendance (student_id, session_id, status) VALUES (37, 12, 'Present');
INSERT INTO attendance (student_id, session_id, status) VALUES (38, 12, 'Present');
INSERT INTO attendance (student_id, session_id, status) VALUES (39, 12, 'Present');
INSERT INTO class_sessions (id, class_id, subject_id, session_date, teacher_id, room_id) VALUES (13, 2, 1, '2025-02-20 20:24:54', 5, 3);
INSERT INTO attendance (student_id, session_id, status) VALUES (40, 13, 'Present');
INSERT INTO attendance (student_id, session_id, status) VALUES (41, 13, 'Late');
INSERT INTO attendance (student_id, session_id, status) VALUES (42, 13, 'Late');
INSERT INTO attendance (student_id, session_id, status) VALUES (43, 13, 'Absent');
INSERT INTO attendance (student_id, session_id, status) VALUES (44, 13, 'Absent');
INSERT INTO attendance (student_id, session_id, status) VALUES (45, 13, 'Late');
INSERT INTO attendance (student_id, session_id, status) VALUES (46, 13, 'Late');
INSERT INTO attendance (student_id, session_id, status) VALUES (47, 13, 'Late');
INSERT INTO attendance (student_id, session_id, status) VALUES (48, 13, 'Late');
INSERT INTO attendance (student_id, session_id, status) VALUES (49, 13, 'Late');
INSERT INTO attendance (student_id, session_id, status) VALUES (50, 13, 'Late');
INSERT INTO attendance (student_id, session_id, status) VALUES (51, 13, 'Absent');
INSERT INTO attendance (student_id, session_id, status) VALUES (52, 13, 'Late');
INSERT INTO attendance (student_id, session_id, status) VALUES (53, 13, 'Present');
INSERT INTO attendance (student_id, session_id, status) VALUES (54, 13, 'Absent');
INSERT INTO attendance (student_id, session_id, status) VALUES (55, 13, 'Present');
INSERT INTO attendance (student_id, session_id, status) VALUES (56, 13, 'Late');
INSERT INTO attendance (student_id, session_id, status) VALUES (57, 13, 'Late');
INSERT INTO attendance (student_id, session_id, status) VALUES (58, 13, 'Present');
INSERT INTO attendance (student_id, session_id, status) VALUES (59, 13, 'Present');
INSERT INTO attendance (student_id, session_id, status) VALUES (60, 13, 'Absent');
INSERT INTO attendance (student_id, session_id, status) VALUES (61, 13, 'Present');
INSERT INTO attendance (student_id, session_id, status) VALUES (62, 13, 'Absent');
INSERT INTO attendance (student_id, session_id, status) VALUES (63, 13, 'Present');
INSERT INTO attendance (student_id, session_id, status) VALUES (64, 13, 'Present');
INSERT INTO attendance (student_id, session_id, status) VALUES (65, 13, 'Late');
INSERT INTO attendance (student_id, session_id, status) VALUES (66, 13, 'Absent');
INSERT INTO attendance (student_id, session_id, status) VALUES (67, 13, 'Present');
INSERT INTO attendance (student_id, session_id, status) VALUES (68, 13, 'Late');
INSERT INTO attendance (student_id, session_id, status) VALUES (69, 13, 'Present');
INSERT INTO attendance (student_id, session_id, status) VALUES (70, 13, 'Present');
INSERT INTO attendance (student_id, session_id, status) VALUES (71, 13, 'Present');
INSERT INTO attendance (student_id, session_id, status) VALUES (72, 13, 'Late');
INSERT INTO attendance (student_id, session_id, status) VALUES (73, 13, 'Absent');
INSERT INTO attendance (student_id, session_id, status) VALUES (74, 13, 'Present');
INSERT INTO attendance (student_id, session_id, status) VALUES (75, 13, 'Late');
INSERT INTO attendance (student_id, session_id, status) VALUES (76, 13, 'Late');
INSERT INTO attendance (student_id, session_id, status) VALUES (77, 13, 'Absent');
INSERT INTO attendance (student_id, session_id, status) VALUES (78, 13, 'Absent');
INSERT INTO attendance (student_id, session_id, status) VALUES (79, 13, 'Absent');
INSERT INTO class_sessions (id, class_id, subject_id, session_date, teacher_id, room_id) VALUES (14, 2, 1, '2025-02-08 19:15:44', 5, 3);
INSERT INTO attendance (student_id, session_id, status) VALUES (40, 14, 'Absent');
INSERT INTO attendance (student_id, session_id, status) VALUES (41, 14, 'Present');
INSERT INTO attendance (student_id, session_id, status) VALUES (42, 14, 'Present');
INSERT INTO attendance (student_id, session_id, status) VALUES (43, 14, 'Absent');
INSERT INTO attendance (student_id, session_id, status) VALUES (44, 14, 'Absent');
INSERT INTO attendance (student_id, session_id, status) VALUES (45, 14, 'Late');
INSERT INTO attendance (student_id, session_id, status) VALUES (46, 14, 'Present');
INSERT INTO attendance (student_id, session_id, status) VALUES (47, 14, 'Absent');
INSERT INTO attendance (student_id, session_id, status) VALUES (48, 14, 'Late');
INSERT INTO attendance (student_id, session_id, status) VALUES (49, 14, 'Absent');
INSERT INTO attendance (student_id, session_id, status) VALUES (50, 14, 'Late');
INSERT INTO attendance (student_id, session_id, status) VALUES (51, 14, 'Present');
INSERT INTO attendance (student_id, session_id, status) VALUES (52, 14, 'Late');
INSERT INTO attendance (student_id, session_id, status) VALUES (53, 14, 'Late');
INSERT INTO attendance (student_id, session_id, status) VALUES (54, 14, 'Present');
INSERT INTO attendance (student_id, session_id, status) VALUES (55, 14, 'Present');
INSERT INTO attendance (student_id, session_id, status) VALUES (56, 14, 'Present');
INSERT INTO attendance (student_id, session_id, status) VALUES (57, 14, 'Absent');
INSERT INTO attendance (student_id, session_id, status) VALUES (58, 14, 'Late');
INSERT INTO attendance (student_id, session_id, status) VALUES (59, 14, 'Present');
INSERT INTO attendance (student_id, session_id, status) VALUES (60, 14, 'Absent');
INSERT INTO attendance (student_id, session_id, status) VALUES (61, 14, 'Absent');
INSERT INTO attendance (student_id, session_id, status) VALUES (62, 14, 'Present');
INSERT INTO attendance (student_id, session_id, status) VALUES (63, 14, 'Late');
INSERT INTO attendance (student_id, session_id, status) VALUES (64, 14, 'Present');
INSERT INTO attendance (student_id, session_id, status) VALUES (65, 14, 'Late');
INSERT INTO attendance (student_id, session_id, status) VALUES (66, 14, 'Absent');
INSERT INTO attendance (student_id, session_id, status) VALUES (67, 14, 'Present');
INSERT INTO attendance (student_id, session_id, status) VALUES (68, 14, 'Absent');
INSERT INTO attendance (student_id, session_id, status) VALUES (69, 14, 'Absent');
INSERT INTO attendance (student_id, session_id, status) VALUES (70, 14, 'Present');
INSERT INTO attendance (student_id, session_id, status) VALUES (71, 14, 'Present');
INSERT INTO attendance (student_id, session_id, status) VALUES (72, 14, 'Absent');
INSERT INTO attendance (student_id, session_id, status) VALUES (73, 14, 'Present');
INSERT INTO attendance (student_id, session_id, status) VALUES (74, 14, 'Late');
INSERT INTO attendance (student_id, session_id, status) VALUES (75, 14, 'Absent');
INSERT INTO attendance (student_id, session_id, status) VALUES (76, 14, 'Late');
INSERT INTO attendance (student_id, session_id, status) VALUES (77, 14, 'Present');
INSERT INTO attendance (student_id, session_id, status) VALUES (78, 14, 'Late');
INSERT INTO attendance (student_id, session_id, status) VALUES (79, 14, 'Late');
INSERT INTO class_sessions (id, class_id, subject_id, session_date, teacher_id, room_id) VALUES (15, 2, 1, '2025-01-31 14:49:11', 5, 3);
INSERT INTO attendance (student_id, session_id, status) VALUES (40, 15, 'Absent');
INSERT INTO attendance (student_id, session_id, status) VALUES (41, 15, 'Present');
INSERT INTO attendance (student_id, session_id, status) VALUES (42, 15, 'Present');
INSERT INTO attendance (student_id, session_id, status) VALUES (43, 15, 'Present');
INSERT INTO attendance (student_id, session_id, status) VALUES (44, 15, 'Absent');
INSERT INTO attendance (student_id, session_id, status) VALUES (45, 15, 'Absent');
INSERT INTO attendance (student_id, session_id, status) VALUES (46, 15, 'Present');
INSERT INTO attendance (student_id, session_id, status) VALUES (47, 15, 'Absent');
INSERT INTO attendance (student_id, session_id, status) VALUES (48, 15, 'Absent');
INSERT INTO attendance (student_id, session_id, status) VALUES (49, 15, 'Absent');
INSERT INTO attendance (student_id, session_id, status) VALUES (50, 15, 'Present');
INSERT INTO attendance (student_id, session_id, status) VALUES (51, 15, 'Absent');
INSERT INTO attendance (student_id, session_id, status) VALUES (52, 15, 'Absent');
INSERT INTO attendance (student_id, session_id, status) VALUES (53, 15, 'Absent');
INSERT INTO attendance (student_id, session_id, status) VALUES (54, 15, 'Present');
INSERT INTO attendance (student_id, session_id, status) VALUES (55, 15, 'Absent');
INSERT INTO attendance (student_id, session_id, status) VALUES (56, 15, 'Present');
INSERT INTO attendance (student_id, session_id, status) VALUES (57, 15, 'Late');
INSERT INTO attendance (student_id, session_id, status) VALUES (58, 15, 'Present');
INSERT INTO attendance (student_id, session_id, status) VALUES (59, 15, 'Absent');
INSERT INTO attendance (student_id, session_id, status) VALUES (60, 15, 'Late');
INSERT INTO attendance (student_id, session_id, status) VALUES (61, 15, 'Absent');
INSERT INTO attendance (student_id, session_id, status) VALUES (62, 15, 'Present');
INSERT INTO attendance (student_id, session_id, status) VALUES (63, 15, 'Late');
INSERT INTO attendance (student_id, session_id, status) VALUES (64, 15, 'Present');
INSERT INTO attendance (student_id, session_id, status) VALUES (65, 15, 'Absent');
INSERT INTO attendance (student_id, session_id, status) VALUES (66, 15, 'Absent');
INSERT INTO attendance (student_id, session_id, status) VALUES (67, 15, 'Present');
INSERT INTO attendance (student_id, session_id, status) VALUES (68, 15, 'Late');
INSERT INTO attendance (student_id, session_id, status) VALUES (69, 15, 'Present');
INSERT INTO attendance (student_id, session_id, status) VALUES (70, 15, 'Absent');
INSERT INTO attendance (student_id, session_id, status) VALUES (71, 15, 'Absent');
INSERT INTO attendance (student_id, session_id, status) VALUES (72, 15, 'Absent');
INSERT INTO attendance (student_id, session_id, status) VALUES (73, 15, 'Absent');
INSERT INTO attendance (student_id, session_id, status) VALUES (74, 15, 'Present');
INSERT INTO attendance (student_id, session_id, status) VALUES (75, 15, 'Absent');
INSERT INTO attendance (student_id, session_id, status) VALUES (76, 15, 'Absent');
INSERT INTO attendance (student_id, session_id, status) VALUES (77, 15, 'Present');
INSERT INTO attendance (student_id, session_id, status) VALUES (78, 15, 'Absent');
INSERT INTO attendance (student_id, session_id, status) VALUES (79, 15, 'Late');
INSERT INTO class_sessions (id, class_id, subject_id, session_date, teacher_id, room_id) VALUES (16, 2, 2, '2025-02-16 10:33:15', 1, 5);
INSERT INTO attendance (student_id, session_id, status) VALUES (40, 16, 'Present');
INSERT INTO attendance (student_id, session_id, status) VALUES (41, 16, 'Absent');
INSERT INTO attendance (student_id, session_id, status) VALUES (42, 16, 'Present');
INSERT INTO attendance (student_id, session_id, status) VALUES (43, 16, 'Absent');
INSERT INTO attendance (student_id, session_id, status) VALUES (44, 16, 'Late');
INSERT INTO attendance (student_id, session_id, status) VALUES (45, 16, 'Late');
INSERT INTO attendance (student_id, session_id, status) VALUES (46, 16, 'Late');
INSERT INTO attendance (student_id, session_id, status) VALUES (47, 16, 'Present');
INSERT INTO attendance (student_id, session_id, status) VALUES (48, 16, 'Present');
INSERT INTO attendance (student_id, session_id, status) VALUES (49, 16, 'Late');
INSERT INTO attendance (student_id, session_id, status) VALUES (50, 16, 'Late');
INSERT INTO attendance (student_id, session_id, status) VALUES (51, 16, 'Present');
INSERT INTO attendance (student_id, session_id, status) VALUES (52, 16, 'Present');
INSERT INTO attendance (student_id, session_id, status) VALUES (53, 16, 'Present');
INSERT INTO attendance (student_id, session_id, status) VALUES (54, 16, 'Present');
INSERT INTO attendance (student_id, session_id, status) VALUES (55, 16, 'Absent');
INSERT INTO attendance (student_id, session_id, status) VALUES (56, 16, 'Present');
INSERT INTO attendance (student_id, session_id, status) VALUES (57, 16, 'Late');
INSERT INTO attendance (student_id, session_id, status) VALUES (58, 16, 'Absent');
INSERT INTO attendance (student_id, session_id, status) VALUES (59, 16, 'Late');
INSERT INTO attendance (student_id, session_id, status) VALUES (60, 16, 'Late');
INSERT INTO attendance (student_id, session_id, status) VALUES (61, 16, 'Absent');
INSERT INTO attendance (student_id, session_id, status) VALUES (62, 16, 'Present');
INSERT INTO attendance (student_id, session_id, status) VALUES (63, 16, 'Present');
INSERT INTO attendance (student_id, session_id, status) VALUES (64, 16, 'Late');
INSERT INTO attendance (student_id, session_id, status) VALUES (65, 16, 'Late');
INSERT INTO attendance (student_id, session_id, status) VALUES (66, 16, 'Present');
INSERT INTO attendance (student_id, session_id, status) VALUES (67, 16, 'Absent');
INSERT INTO attendance (student_id, session_id, status) VALUES (68, 16, 'Late');
INSERT INTO attendance (student_id, session_id, status) VALUES (69, 16, 'Absent');
INSERT INTO attendance (student_id, session_id, status) VALUES (70, 16, 'Late');
INSERT INTO attendance (student_id, session_id, status) VALUES (71, 16, 'Late');
INSERT INTO attendance (student_id, session_id, status) VALUES (72, 16, 'Late');
INSERT INTO attendance (student_id, session_id, status) VALUES (73, 16, 'Late');
INSERT INTO attendance (student_id, session_id, status) VALUES (74, 16, 'Present');
INSERT INTO attendance (student_id, session_id, status) VALUES (75, 16, 'Absent');
INSERT INTO attendance (student_id, session_id, status) VALUES (76, 16, 'Absent');
INSERT INTO attendance (student_id, session_id, status) VALUES (77, 16, 'Absent');
INSERT INTO attendance (student_id, session_id, status) VALUES (78, 16, 'Present');
INSERT INTO attendance (student_id, session_id, status) VALUES (79, 16, 'Late');
INSERT INTO class_sessions (id, class_id, subject_id, session_date, teacher_id, room_id) VALUES (17, 2, 2, '2025-02-15 19:06:10', 1, 5);
INSERT INTO attendance (student_id, session_id, status) VALUES (40, 17, 'Present');
INSERT INTO attendance (student_id, session_id, status) VALUES (41, 17, 'Late');
INSERT INTO attendance (student_id, session_id, status) VALUES (42, 17, 'Late');
INSERT INTO attendance (student_id, session_id, status) VALUES (43, 17, 'Late');
INSERT INTO attendance (student_id, session_id, status) VALUES (44, 17, 'Present');
INSERT INTO attendance (student_id, session_id, status) VALUES (45, 17, 'Present');
INSERT INTO attendance (student_id, session_id, status) VALUES (46, 17, 'Late');
INSERT INTO attendance (student_id, session_id, status) VALUES (47, 17, 'Late');
INSERT INTO attendance (student_id, session_id, status) VALUES (48, 17, 'Late');
INSERT INTO attendance (student_id, session_id, status) VALUES (49, 17, 'Present');
INSERT INTO attendance (student_id, session_id, status) VALUES (50, 17, 'Present');
INSERT INTO attendance (student_id, session_id, status) VALUES (51, 17, 'Absent');
INSERT INTO attendance (student_id, session_id, status) VALUES (52, 17, 'Absent');
INSERT INTO attendance (student_id, session_id, status) VALUES (53, 17, 'Absent');
INSERT INTO attendance (student_id, session_id, status) VALUES (54, 17, 'Present');
INSERT INTO attendance (student_id, session_id, status) VALUES (55, 17, 'Present');
INSERT INTO attendance (student_id, session_id, status) VALUES (56, 17, 'Late');
INSERT INTO attendance (student_id, session_id, status) VALUES (57, 17, 'Absent');
INSERT INTO attendance (student_id, session_id, status) VALUES (58, 17, 'Absent');
INSERT INTO attendance (student_id, session_id, status) VALUES (59, 17, 'Present');
INSERT INTO attendance (student_id, session_id, status) VALUES (60, 17, 'Absent');
INSERT INTO attendance (student_id, session_id, status) VALUES (61, 17, 'Late');
INSERT INTO attendance (student_id, session_id, status) VALUES (62, 17, 'Present');
INSERT INTO attendance (student_id, session_id, status) VALUES (63, 17, 'Present');
INSERT INTO attendance (student_id, session_id, status) VALUES (64, 17, 'Absent');
INSERT INTO attendance (student_id, session_id, status) VALUES (65, 17, 'Late');
INSERT INTO attendance (student_id, session_id, status) VALUES (66, 17, 'Absent');
INSERT INTO attendance (student_id, session_id, status) VALUES (67, 17, 'Present');
INSERT INTO attendance (student_id, session_id, status) VALUES (68, 17, 'Absent');
INSERT INTO attendance (student_id, session_id, status) VALUES (69, 17, 'Late');
INSERT INTO attendance (student_id, session_id, status) VALUES (70, 17, 'Late');
INSERT INTO attendance (student_id, session_id, status) VALUES (71, 17, 'Present');
INSERT INTO attendance (student_id, session_id, status) VALUES (72, 17, 'Late');
INSERT INTO attendance (student_id, session_id, status) VALUES (73, 17, 'Late');
INSERT INTO attendance (student_id, session_id, status) VALUES (74, 17, 'Late');
INSERT INTO attendance (student_id, session_id, status) VALUES (75, 17, 'Present');
INSERT INTO attendance (student_id, session_id, status) VALUES (76, 17, 'Absent');
INSERT INTO attendance (student_id, session_id, status) VALUES (77, 17, 'Present');
INSERT INTO attendance (student_id, session_id, status) VALUES (78, 17, 'Late');
INSERT INTO attendance (student_id, session_id, status) VALUES (79, 17, 'Present');
INSERT INTO class_sessions (id, class_id, subject_id, session_date, teacher_id, room_id) VALUES (18, 2, 2, '2025-01-09 01:30:08', 1, 5);
INSERT INTO attendance (student_id, session_id, status) VALUES (40, 18, 'Present');
INSERT INTO attendance (student_id, session_id, status) VALUES (41, 18, 'Late');
INSERT INTO attendance (student_id, session_id, status) VALUES (42, 18, 'Present');
INSERT INTO attendance (student_id, session_id, status) VALUES (43, 18, 'Present');
INSERT INTO attendance (student_id, session_id, status) VALUES (44, 18, 'Absent');
INSERT INTO attendance (student_id, session_id, status) VALUES (45, 18, 'Present');
INSERT INTO attendance (student_id, session_id, status) VALUES (46, 18, 'Late');
INSERT INTO attendance (student_id, session_id, status) VALUES (47, 18, 'Absent');
INSERT INTO attendance (student_id, session_id, status) VALUES (48, 18, 'Present');
INSERT INTO attendance (student_id, session_id, status) VALUES (49, 18, 'Late');
INSERT INTO attendance (student_id, session_id, status) VALUES (50, 18, 'Absent');
INSERT INTO attendance (student_id, session_id, status) VALUES (51, 18, 'Present');
INSERT INTO attendance (student_id, session_id, status) VALUES (52, 18, 'Late');
INSERT INTO attendance (student_id, session_id, status) VALUES (53, 18, 'Present');
INSERT INTO attendance (student_id, session_id, status) VALUES (54, 18, 'Late');
INSERT INTO attendance (student_id, session_id, status) VALUES (55, 18, 'Late');
INSERT INTO attendance (student_id, session_id, status) VALUES (56, 18, 'Late');
INSERT INTO attendance (student_id, session_id, status) VALUES (57, 18, 'Late');
INSERT INTO attendance (student_id, session_id, status) VALUES (58, 18, 'Late');
INSERT INTO attendance (student_id, session_id, status) VALUES (59, 18, 'Present');
INSERT INTO attendance (student_id, session_id, status) VALUES (60, 18, 'Late');
INSERT INTO attendance (student_id, session_id, status) VALUES (61, 18, 'Late');
INSERT INTO attendance (student_id, session_id, status) VALUES (62, 18, 'Late');
INSERT INTO attendance (student_id, session_id, status) VALUES (63, 18, 'Absent');
INSERT INTO attendance (student_id, session_id, status) VALUES (64, 18, 'Present');
INSERT INTO attendance (student_id, session_id, status) VALUES (65, 18, 'Present');
INSERT INTO attendance (student_id, session_id, status) VALUES (66, 18, 'Late');
INSERT INTO attendance (student_id, session_id, status) VALUES (67, 18, 'Late');
INSERT INTO attendance (student_id, session_id, status) VALUES (68, 18, 'Absent');
INSERT INTO attendance (student_id, session_id, status) VALUES (69, 18, 'Absent');
INSERT INTO attendance (student_id, session_id, status) VALUES (70, 18, 'Present');
INSERT INTO attendance (student_id, session_id, status) VALUES (71, 18, 'Present');
INSERT INTO attendance (student_id, session_id, status) VALUES (72, 18, 'Absent');
INSERT INTO attendance (student_id, session_id, status) VALUES (73, 18, 'Late');
INSERT INTO attendance (student_id, session_id, status) VALUES (74, 18, 'Absent');
INSERT INTO attendance (student_id, session_id, status) VALUES (75, 18, 'Late');
INSERT INTO attendance (student_id, session_id, status) VALUES (76, 18, 'Present');
INSERT INTO attendance (student_id, session_id, status) VALUES (77, 18, 'Absent');
INSERT INTO attendance (student_id, session_id, status) VALUES (78, 18, 'Present');
INSERT INTO attendance (student_id, session_id, status) VALUES (79, 18, 'Present');
INSERT INTO class_sessions (id, class_id, subject_id, session_date, teacher_id, room_id) VALUES (19, 2, 3, '2025-01-14 07:53:05', 8, 4);
INSERT INTO attendance (student_id, session_id, status) VALUES (40, 19, 'Late');
INSERT INTO attendance (student_id, session_id, status) VALUES (41, 19, 'Absent');
INSERT INTO attendance (student_id, session_id, status) VALUES (42, 19, 'Present');
INSERT INTO attendance (student_id, session_id, status) VALUES (43, 19, 'Absent');
INSERT INTO attendance (student_id, session_id, status) VALUES (44, 19, 'Late');
INSERT INTO attendance (student_id, session_id, status) VALUES (45, 19, 'Late');
INSERT INTO attendance (student_id, session_id, status) VALUES (46, 19, 'Present');
INSERT INTO attendance (student_id, session_id, status) VALUES (47, 19, 'Late');
INSERT INTO attendance (student_id, session_id, status) VALUES (48, 19, 'Present');
INSERT INTO attendance (student_id, session_id, status) VALUES (49, 19, 'Present');
INSERT INTO attendance (student_id, session_id, status) VALUES (50, 19, 'Late');
INSERT INTO attendance (student_id, session_id, status) VALUES (51, 19, 'Late');
INSERT INTO attendance (student_id, session_id, status) VALUES (52, 19, 'Late');
INSERT INTO attendance (student_id, session_id, status) VALUES (53, 19, 'Absent');
INSERT INTO attendance (student_id, session_id, status) VALUES (54, 19, 'Late');
INSERT INTO attendance (student_id, session_id, status) VALUES (55, 19, 'Present');
INSERT INTO attendance (student_id, session_id, status) VALUES (56, 19, 'Late');
INSERT INTO attendance (student_id, session_id, status) VALUES (57, 19, 'Late');
INSERT INTO attendance (student_id, session_id, status) VALUES (58, 19, 'Absent');
INSERT INTO attendance (student_id, session_id, status) VALUES (59, 19, 'Present');
INSERT INTO attendance (student_id, session_id, status) VALUES (60, 19, 'Late');
INSERT INTO attendance (student_id, session_id, status) VALUES (61, 19, 'Absent');
INSERT INTO attendance (student_id, session_id, status) VALUES (62, 19, 'Absent');
INSERT INTO attendance (student_id, session_id, status) VALUES (63, 19, 'Late');
INSERT INTO attendance (student_id, session_id, status) VALUES (64, 19, 'Present');
INSERT INTO attendance (student_id, session_id, status) VALUES (65, 19, 'Late');
INSERT INTO attendance (student_id, session_id, status) VALUES (66, 19, 'Late');
INSERT INTO attendance (student_id, session_id, status) VALUES (67, 19, 'Late');
INSERT INTO attendance (student_id, session_id, status) VALUES (68, 19, 'Present');
INSERT INTO attendance (student_id, session_id, status) VALUES (69, 19, 'Absent');
INSERT INTO attendance (student_id, session_id, status) VALUES (70, 19, 'Present');
INSERT INTO attendance (student_id, session_id, status) VALUES (71, 19, 'Present');
INSERT INTO attendance (student_id, session_id, status) VALUES (72, 19, 'Late');
INSERT INTO attendance (student_id, session_id, status) VALUES (73, 19, 'Absent');
INSERT INTO attendance (student_id, session_id, status) VALUES (74, 19, 'Present');
INSERT INTO attendance (student_id, session_id, status) VALUES (75, 19, 'Late');
INSERT INTO attendance (student_id, session_id, status) VALUES (76, 19, 'Present');
INSERT INTO attendance (student_id, session_id, status) VALUES (77, 19, 'Present');
INSERT INTO attendance (student_id, session_id, status) VALUES (78, 19, 'Present');
INSERT INTO attendance (student_id, session_id, status) VALUES (79, 19, 'Absent');
INSERT INTO class_sessions (id, class_id, subject_id, session_date, teacher_id, room_id) VALUES (20, 2, 3, '2025-01-31 09:06:02', 8, 4);
INSERT INTO attendance (student_id, session_id, status) VALUES (40, 20, 'Late');
INSERT INTO attendance (student_id, session_id, status) VALUES (41, 20, 'Absent');
INSERT INTO attendance (student_id, session_id, status) VALUES (42, 20, 'Absent');
INSERT INTO attendance (student_id, session_id, status) VALUES (43, 20, 'Absent');
INSERT INTO attendance (student_id, session_id, status) VALUES (44, 20, 'Absent');
INSERT INTO attendance (student_id, session_id, status) VALUES (45, 20, 'Late');
INSERT INTO attendance (student_id, session_id, status) VALUES (46, 20, 'Present');
INSERT INTO attendance (student_id, session_id, status) VALUES (47, 20, 'Late');
INSERT INTO attendance (student_id, session_id, status) VALUES (48, 20, 'Late');
INSERT INTO attendance (student_id, session_id, status) VALUES (49, 20, 'Late');
INSERT INTO attendance (student_id, session_id, status) VALUES (50, 20, 'Late');
INSERT INTO attendance (student_id, session_id, status) VALUES (51, 20, 'Absent');
INSERT INTO attendance (student_id, session_id, status) VALUES (52, 20, 'Absent');
INSERT INTO attendance (student_id, session_id, status) VALUES (53, 20, 'Present');
INSERT INTO attendance (student_id, session_id, status) VALUES (54, 20, 'Absent');
INSERT INTO attendance (student_id, session_id, status) VALUES (55, 20, 'Present');
INSERT INTO attendance (student_id, session_id, status) VALUES (56, 20, 'Late');
INSERT INTO attendance (student_id, session_id, status) VALUES (57, 20, 'Late');
INSERT INTO attendance (student_id, session_id, status) VALUES (58, 20, 'Present');
INSERT INTO attendance (student_id, session_id, status) VALUES (59, 20, 'Absent');
INSERT INTO attendance (student_id, session_id, status) VALUES (60, 20, 'Present');
INSERT INTO attendance (student_id, session_id, status) VALUES (61, 20, 'Absent');
INSERT INTO attendance (student_id, session_id, status) VALUES (62, 20, 'Present');
INSERT INTO attendance (student_id, session_id, status) VALUES (63, 20, 'Absent');
INSERT INTO attendance (student_id, session_id, status) VALUES (64, 20, 'Present');
INSERT INTO attendance (student_id, session_id, status) VALUES (65, 20, 'Absent');
INSERT INTO attendance (student_id, session_id, status) VALUES (66, 20, 'Late');
INSERT INTO attendance (student_id, session_id, status) VALUES (67, 20, 'Present');
INSERT INTO attendance (student_id, session_id, status) VALUES (68, 20, 'Present');
INSERT INTO attendance (student_id, session_id, status) VALUES (69, 20, 'Absent');
INSERT INTO attendance (student_id, session_id, status) VALUES (70, 20, 'Present');
INSERT INTO attendance (student_id, session_id, status) VALUES (71, 20, 'Present');
INSERT INTO attendance (student_id, session_id, status) VALUES (72, 20, 'Absent');
INSERT INTO attendance (student_id, session_id, status) VALUES (73, 20, 'Present');
INSERT INTO attendance (student_id, session_id, status) VALUES (74, 20, 'Absent');
INSERT INTO attendance (student_id, session_id, status) VALUES (75, 20, 'Late');
INSERT INTO attendance (student_id, session_id, status) VALUES (76, 20, 'Absent');
INSERT INTO attendance (student_id, session_id, status) VALUES (77, 20, 'Present');
INSERT INTO attendance (student_id, session_id, status) VALUES (78, 20, 'Present');
INSERT INTO attendance (student_id, session_id, status) VALUES (79, 20, 'Present');
INSERT INTO class_sessions (id, class_id, subject_id, session_date, teacher_id, room_id) VALUES (21, 2, 3, '2025-01-14 08:32:07', 8, 4);
INSERT INTO attendance (student_id, session_id, status) VALUES (40, 21, 'Late');
INSERT INTO attendance (student_id, session_id, status) VALUES (41, 21, 'Late');
INSERT INTO attendance (student_id, session_id, status) VALUES (42, 21, 'Late');
INSERT INTO attendance (student_id, session_id, status) VALUES (43, 21, 'Present');
INSERT INTO attendance (student_id, session_id, status) VALUES (44, 21, 'Late');
INSERT INTO attendance (student_id, session_id, status) VALUES (45, 21, 'Late');
INSERT INTO attendance (student_id, session_id, status) VALUES (46, 21, 'Absent');
INSERT INTO attendance (student_id, session_id, status) VALUES (47, 21, 'Late');
INSERT INTO attendance (student_id, session_id, status) VALUES (48, 21, 'Present');
INSERT INTO attendance (student_id, session_id, status) VALUES (49, 21, 'Absent');
INSERT INTO attendance (student_id, session_id, status) VALUES (50, 21, 'Present');
INSERT INTO attendance (student_id, session_id, status) VALUES (51, 21, 'Absent');
INSERT INTO attendance (student_id, session_id, status) VALUES (52, 21, 'Present');
INSERT INTO attendance (student_id, session_id, status) VALUES (53, 21, 'Late');
INSERT INTO attendance (student_id, session_id, status) VALUES (54, 21, 'Present');
INSERT INTO attendance (student_id, session_id, status) VALUES (55, 21, 'Late');
INSERT INTO attendance (student_id, session_id, status) VALUES (56, 21, 'Present');
INSERT INTO attendance (student_id, session_id, status) VALUES (57, 21, 'Absent');
INSERT INTO attendance (student_id, session_id, status) VALUES (58, 21, 'Late');
INSERT INTO attendance (student_id, session_id, status) VALUES (59, 21, 'Present');
INSERT INTO attendance (student_id, session_id, status) VALUES (60, 21, 'Present');
INSERT INTO attendance (student_id, session_id, status) VALUES (61, 21, 'Late');
INSERT INTO attendance (student_id, session_id, status) VALUES (62, 21, 'Absent');
INSERT INTO attendance (student_id, session_id, status) VALUES (63, 21, 'Present');
INSERT INTO attendance (student_id, session_id, status) VALUES (64, 21, 'Absent');
INSERT INTO attendance (student_id, session_id, status) VALUES (65, 21, 'Late');
INSERT INTO attendance (student_id, session_id, status) VALUES (66, 21, 'Absent');
INSERT INTO attendance (student_id, session_id, status) VALUES (67, 21, 'Absent');
INSERT INTO attendance (student_id, session_id, status) VALUES (68, 21, 'Late');
INSERT INTO attendance (student_id, session_id, status) VALUES (69, 21, 'Present');
INSERT INTO attendance (student_id, session_id, status) VALUES (70, 21, 'Late');
INSERT INTO attendance (student_id, session_id, status) VALUES (71, 21, 'Late');
INSERT INTO attendance (student_id, session_id, status) VALUES (72, 21, 'Absent');
INSERT INTO attendance (student_id, session_id, status) VALUES (73, 21, 'Absent');
INSERT INTO attendance (student_id, session_id, status) VALUES (74, 21, 'Absent');
INSERT INTO attendance (student_id, session_id, status) VALUES (75, 21, 'Late');
INSERT INTO attendance (student_id, session_id, status) VALUES (76, 21, 'Present');
INSERT INTO attendance (student_id, session_id, status) VALUES (77, 21, 'Absent');
INSERT INTO attendance (student_id, session_id, status) VALUES (78, 21, 'Late');
INSERT INTO attendance (student_id, session_id, status) VALUES (79, 21, 'Present');
INSERT INTO class_sessions (id, class_id, subject_id, session_date, teacher_id, room_id) VALUES (22, 2, 4, '2025-02-24 02:47:01', 9, 1);
INSERT INTO attendance (student_id, session_id, status) VALUES (40, 22, 'Absent');
INSERT INTO attendance (student_id, session_id, status) VALUES (41, 22, 'Present');
INSERT INTO attendance (student_id, session_id, status) VALUES (42, 22, 'Present');
INSERT INTO attendance (student_id, session_id, status) VALUES (43, 22, 'Late');
INSERT INTO attendance (student_id, session_id, status) VALUES (44, 22, 'Late');
INSERT INTO attendance (student_id, session_id, status) VALUES (45, 22, 'Late');
INSERT INTO attendance (student_id, session_id, status) VALUES (46, 22, 'Late');
INSERT INTO attendance (student_id, session_id, status) VALUES (47, 22, 'Present');
INSERT INTO attendance (student_id, session_id, status) VALUES (48, 22, 'Late');
INSERT INTO attendance (student_id, session_id, status) VALUES (49, 22, 'Late');
INSERT INTO attendance (student_id, session_id, status) VALUES (50, 22, 'Present');
INSERT INTO attendance (student_id, session_id, status) VALUES (51, 22, 'Present');
INSERT INTO attendance (student_id, session_id, status) VALUES (52, 22, 'Present');
INSERT INTO attendance (student_id, session_id, status) VALUES (53, 22, 'Present');
INSERT INTO attendance (student_id, session_id, status) VALUES (54, 22, 'Present');
INSERT INTO attendance (student_id, session_id, status) VALUES (55, 22, 'Late');
INSERT INTO attendance (student_id, session_id, status) VALUES (56, 22, 'Late');
INSERT INTO attendance (student_id, session_id, status) VALUES (57, 22, 'Late');
INSERT INTO attendance (student_id, session_id, status) VALUES (58, 22, 'Late');
INSERT INTO attendance (student_id, session_id, status) VALUES (59, 22, 'Absent');
INSERT INTO attendance (student_id, session_id, status) VALUES (60, 22, 'Late');
INSERT INTO attendance (student_id, session_id, status) VALUES (61, 22, 'Absent');
INSERT INTO attendance (student_id, session_id, status) VALUES (62, 22, 'Late');
INSERT INTO attendance (student_id, session_id, status) VALUES (63, 22, 'Absent');
INSERT INTO attendance (student_id, session_id, status) VALUES (64, 22, 'Absent');
INSERT INTO attendance (student_id, session_id, status) VALUES (65, 22, 'Present');
INSERT INTO attendance (student_id, session_id, status) VALUES (66, 22, 'Present');
INSERT INTO attendance (student_id, session_id, status) VALUES (67, 22, 'Present');
INSERT INTO attendance (student_id, session_id, status) VALUES (68, 22, 'Absent');
INSERT INTO attendance (student_id, session_id, status) VALUES (69, 22, 'Present');
INSERT INTO attendance (student_id, session_id, status) VALUES (70, 22, 'Absent');
INSERT INTO attendance (student_id, session_id, status) VALUES (71, 22, 'Present');
INSERT INTO attendance (student_id, session_id, status) VALUES (72, 22, 'Absent');
INSERT INTO attendance (student_id, session_id, status) VALUES (73, 22, 'Present');
INSERT INTO attendance (student_id, session_id, status) VALUES (74, 22, 'Present');
INSERT INTO attendance (student_id, session_id, status) VALUES (75, 22, 'Present');
INSERT INTO attendance (student_id, session_id, status) VALUES (76, 22, 'Absent');
INSERT INTO attendance (student_id, session_id, status) VALUES (77, 22, 'Absent');
INSERT INTO attendance (student_id, session_id, status) VALUES (78, 22, 'Present');
INSERT INTO attendance (student_id, session_id, status) VALUES (79, 22, 'Present');
INSERT INTO class_sessions (id, class_id, subject_id, session_date, teacher_id, room_id) VALUES (23, 2, 4, '2025-02-23 18:15:31', 9, 1);
INSERT INTO attendance (student_id, session_id, status) VALUES (40, 23, 'Late');
INSERT INTO attendance (student_id, session_id, status) VALUES (41, 23, 'Late');
INSERT INTO attendance (student_id, session_id, status) VALUES (42, 23, 'Late');
INSERT INTO attendance (student_id, session_id, status) VALUES (43, 23, 'Late');
INSERT INTO attendance (student_id, session_id, status) VALUES (44, 23, 'Absent');
INSERT INTO attendance (student_id, session_id, status) VALUES (45, 23, 'Present');
INSERT INTO attendance (student_id, session_id, status) VALUES (46, 23, 'Late');
INSERT INTO attendance (student_id, session_id, status) VALUES (47, 23, 'Late');
INSERT INTO attendance (student_id, session_id, status) VALUES (48, 23, 'Present');
INSERT INTO attendance (student_id, session_id, status) VALUES (49, 23, 'Late');
INSERT INTO attendance (student_id, session_id, status) VALUES (50, 23, 'Late');
INSERT INTO attendance (student_id, session_id, status) VALUES (51, 23, 'Present');
INSERT INTO attendance (student_id, session_id, status) VALUES (52, 23, 'Present');
INSERT INTO attendance (student_id, session_id, status) VALUES (53, 23, 'Late');
INSERT INTO attendance (student_id, session_id, status) VALUES (54, 23, 'Absent');
INSERT INTO attendance (student_id, session_id, status) VALUES (55, 23, 'Absent');
INSERT INTO attendance (student_id, session_id, status) VALUES (56, 23, 'Late');
INSERT INTO attendance (student_id, session_id, status) VALUES (57, 23, 'Absent');
INSERT INTO attendance (student_id, session_id, status) VALUES (58, 23, 'Absent');
INSERT INTO attendance (student_id, session_id, status) VALUES (59, 23, 'Present');
INSERT INTO attendance (student_id, session_id, status) VALUES (60, 23, 'Late');
INSERT INTO attendance (student_id, session_id, status) VALUES (61, 23, 'Present');
INSERT INTO attendance (student_id, session_id, status) VALUES (62, 23, 'Late');
INSERT INTO attendance (student_id, session_id, status) VALUES (63, 23, 'Present');
INSERT INTO attendance (student_id, session_id, status) VALUES (64, 23, 'Absent');
INSERT INTO attendance (student_id, session_id, status) VALUES (65, 23, 'Late');
INSERT INTO attendance (student_id, session_id, status) VALUES (66, 23, 'Present');
INSERT INTO attendance (student_id, session_id, status) VALUES (67, 23, 'Late');
INSERT INTO attendance (student_id, session_id, status) VALUES (68, 23, 'Absent');
INSERT INTO attendance (student_id, session_id, status) VALUES (69, 23, 'Late');
INSERT INTO attendance (student_id, session_id, status) VALUES (70, 23, 'Absent');
INSERT INTO attendance (student_id, session_id, status) VALUES (71, 23, 'Absent');
INSERT INTO attendance (student_id, session_id, status) VALUES (72, 23, 'Late');
INSERT INTO attendance (student_id, session_id, status) VALUES (73, 23, 'Present');
INSERT INTO attendance (student_id, session_id, status) VALUES (74, 23, 'Present');
INSERT INTO attendance (student_id, session_id, status) VALUES (75, 23, 'Present');
INSERT INTO attendance (student_id, session_id, status) VALUES (76, 23, 'Absent');
INSERT INTO attendance (student_id, session_id, status) VALUES (77, 23, 'Present');
INSERT INTO attendance (student_id, session_id, status) VALUES (78, 23, 'Present');
INSERT INTO attendance (student_id, session_id, status) VALUES (79, 23, 'Present');
INSERT INTO class_sessions (id, class_id, subject_id, session_date, teacher_id, room_id) VALUES (24, 2, 4, '2025-01-18 13:33:19', 9, 1);
INSERT INTO attendance (student_id, session_id, status) VALUES (40, 24, 'Absent');
INSERT INTO attendance (student_id, session_id, status) VALUES (41, 24, 'Present');
INSERT INTO attendance (student_id, session_id, status) VALUES (42, 24, 'Late');
INSERT INTO attendance (student_id, session_id, status) VALUES (43, 24, 'Present');
INSERT INTO attendance (student_id, session_id, status) VALUES (44, 24, 'Late');
INSERT INTO attendance (student_id, session_id, status) VALUES (45, 24, 'Late');
INSERT INTO attendance (student_id, session_id, status) VALUES (46, 24, 'Present');
INSERT INTO attendance (student_id, session_id, status) VALUES (47, 24, 'Present');
INSERT INTO attendance (student_id, session_id, status) VALUES (48, 24, 'Present');
INSERT INTO attendance (student_id, session_id, status) VALUES (49, 24, 'Present');
INSERT INTO attendance (student_id, session_id, status) VALUES (50, 24, 'Late');
INSERT INTO attendance (student_id, session_id, status) VALUES (51, 24, 'Present');
INSERT INTO attendance (student_id, session_id, status) VALUES (52, 24, 'Absent');
INSERT INTO attendance (student_id, session_id, status) VALUES (53, 24, 'Present');
INSERT INTO attendance (student_id, session_id, status) VALUES (54, 24, 'Present');
INSERT INTO attendance (student_id, session_id, status) VALUES (55, 24, 'Absent');
INSERT INTO attendance (student_id, session_id, status) VALUES (56, 24, 'Present');
INSERT INTO attendance (student_id, session_id, status) VALUES (57, 24, 'Absent');
INSERT INTO attendance (student_id, session_id, status) VALUES (58, 24, 'Absent');
INSERT INTO attendance (student_id, session_id, status) VALUES (59, 24, 'Present');
INSERT INTO attendance (student_id, session_id, status) VALUES (60, 24, 'Present');
INSERT INTO attendance (student_id, session_id, status) VALUES (61, 24, 'Present');
INSERT INTO attendance (student_id, session_id, status) VALUES (62, 24, 'Present');
INSERT INTO attendance (student_id, session_id, status) VALUES (63, 24, 'Absent');
INSERT INTO attendance (student_id, session_id, status) VALUES (64, 24, 'Late');
INSERT INTO attendance (student_id, session_id, status) VALUES (65, 24, 'Absent');
INSERT INTO attendance (student_id, session_id, status) VALUES (66, 24, 'Present');
INSERT INTO attendance (student_id, session_id, status) VALUES (67, 24, 'Present');
INSERT INTO attendance (student_id, session_id, status) VALUES (68, 24, 'Absent');
INSERT INTO attendance (student_id, session_id, status) VALUES (69, 24, 'Present');
INSERT INTO attendance (student_id, session_id, status) VALUES (70, 24, 'Late');
INSERT INTO attendance (student_id, session_id, status) VALUES (71, 24, 'Present');
INSERT INTO attendance (student_id, session_id, status) VALUES (72, 24, 'Absent');
INSERT INTO attendance (student_id, session_id, status) VALUES (73, 24, 'Absent');
INSERT INTO attendance (student_id, session_id, status) VALUES (74, 24, 'Late');
INSERT INTO attendance (student_id, session_id, status) VALUES (75, 24, 'Present');
INSERT INTO attendance (student_id, session_id, status) VALUES (76, 24, 'Present');
INSERT INTO attendance (student_id, session_id, status) VALUES (77, 24, 'Absent');
INSERT INTO attendance (student_id, session_id, status) VALUES (78, 24, 'Late');
INSERT INTO attendance (student_id, session_id, status) VALUES (79, 24, 'Present');
INSERT INTO class_sessions (id, class_id, subject_id, session_date, teacher_id, room_id) VALUES (25, 3, 1, '2025-02-10 06:31:28', 1, 2);
INSERT INTO attendance (student_id, session_id, status) VALUES (80, 25, 'Absent');
INSERT INTO attendance (student_id, session_id, status) VALUES (81, 25, 'Late');
INSERT INTO attendance (student_id, session_id, status) VALUES (82, 25, 'Absent');
INSERT INTO attendance (student_id, session_id, status) VALUES (83, 25, 'Present');
INSERT INTO attendance (student_id, session_id, status) VALUES (84, 25, 'Absent');
INSERT INTO attendance (student_id, session_id, status) VALUES (85, 25, 'Present');
INSERT INTO attendance (student_id, session_id, status) VALUES (86, 25, 'Absent');
INSERT INTO attendance (student_id, session_id, status) VALUES (87, 25, 'Late');
INSERT INTO attendance (student_id, session_id, status) VALUES (88, 25, 'Absent');
INSERT INTO attendance (student_id, session_id, status) VALUES (89, 25, 'Absent');
INSERT INTO attendance (student_id, session_id, status) VALUES (90, 25, 'Late');
INSERT INTO attendance (student_id, session_id, status) VALUES (91, 25, 'Absent');
INSERT INTO attendance (student_id, session_id, status) VALUES (92, 25, 'Present');
INSERT INTO attendance (student_id, session_id, status) VALUES (93, 25, 'Present');
INSERT INTO attendance (student_id, session_id, status) VALUES (94, 25, 'Absent');
INSERT INTO attendance (student_id, session_id, status) VALUES (95, 25, 'Present');
INSERT INTO attendance (student_id, session_id, status) VALUES (96, 25, 'Late');
INSERT INTO attendance (student_id, session_id, status) VALUES (97, 25, 'Present');
INSERT INTO attendance (student_id, session_id, status) VALUES (98, 25, 'Late');
INSERT INTO attendance (student_id, session_id, status) VALUES (99, 25, 'Late');
INSERT INTO attendance (student_id, session_id, status) VALUES (100, 25, 'Late');
INSERT INTO attendance (student_id, session_id, status) VALUES (101, 25, 'Late');
INSERT INTO attendance (student_id, session_id, status) VALUES (102, 25, 'Late');
INSERT INTO attendance (student_id, session_id, status) VALUES (103, 25, 'Late');
INSERT INTO attendance (student_id, session_id, status) VALUES (104, 25, 'Late');
INSERT INTO attendance (student_id, session_id, status) VALUES (105, 25, 'Late');
INSERT INTO attendance (student_id, session_id, status) VALUES (106, 25, 'Absent');
INSERT INTO attendance (student_id, session_id, status) VALUES (107, 25, 'Present');
INSERT INTO attendance (student_id, session_id, status) VALUES (108, 25, 'Late');
INSERT INTO attendance (student_id, session_id, status) VALUES (109, 25, 'Present');
INSERT INTO attendance (student_id, session_id, status) VALUES (110, 25, 'Present');
INSERT INTO attendance (student_id, session_id, status) VALUES (111, 25, 'Absent');
INSERT INTO attendance (student_id, session_id, status) VALUES (112, 25, 'Present');
INSERT INTO attendance (student_id, session_id, status) VALUES (113, 25, 'Late');
INSERT INTO attendance (student_id, session_id, status) VALUES (114, 25, 'Absent');
INSERT INTO class_sessions (id, class_id, subject_id, session_date, teacher_id, room_id) VALUES (26, 3, 1, '2025-01-25 18:46:48', 1, 2);
INSERT INTO attendance (student_id, session_id, status) VALUES (80, 26, 'Present');
INSERT INTO attendance (student_id, session_id, status) VALUES (81, 26, 'Present');
INSERT INTO attendance (student_id, session_id, status) VALUES (82, 26, 'Present');
INSERT INTO attendance (student_id, session_id, status) VALUES (83, 26, 'Late');
INSERT INTO attendance (student_id, session_id, status) VALUES (84, 26, 'Absent');
INSERT INTO attendance (student_id, session_id, status) VALUES (85, 26, 'Present');
INSERT INTO attendance (student_id, session_id, status) VALUES (86, 26, 'Present');
INSERT INTO attendance (student_id, session_id, status) VALUES (87, 26, 'Late');
INSERT INTO attendance (student_id, session_id, status) VALUES (88, 26, 'Late');
INSERT INTO attendance (student_id, session_id, status) VALUES (89, 26, 'Late');
INSERT INTO attendance (student_id, session_id, status) VALUES (90, 26, 'Present');
INSERT INTO attendance (student_id, session_id, status) VALUES (91, 26, 'Late');
INSERT INTO attendance (student_id, session_id, status) VALUES (92, 26, 'Late');
INSERT INTO attendance (student_id, session_id, status) VALUES (93, 26, 'Late');
INSERT INTO attendance (student_id, session_id, status) VALUES (94, 26, 'Late');
INSERT INTO attendance (student_id, session_id, status) VALUES (95, 26, 'Present');
INSERT INTO attendance (student_id, session_id, status) VALUES (96, 26, 'Present');
INSERT INTO attendance (student_id, session_id, status) VALUES (97, 26, 'Late');
INSERT INTO attendance (student_id, session_id, status) VALUES (98, 26, 'Present');
INSERT INTO attendance (student_id, session_id, status) VALUES (99, 26, 'Present');
INSERT INTO attendance (student_id, session_id, status) VALUES (100, 26, 'Present');
INSERT INTO attendance (student_id, session_id, status) VALUES (101, 26, 'Absent');
INSERT INTO attendance (student_id, session_id, status) VALUES (102, 26, 'Late');
INSERT INTO attendance (student_id, session_id, status) VALUES (103, 26, 'Absent');
INSERT INTO attendance (student_id, session_id, status) VALUES (104, 26, 'Present');
INSERT INTO attendance (student_id, session_id, status) VALUES (105, 26, 'Absent');
INSERT INTO attendance (student_id, session_id, status) VALUES (106, 26, 'Late');
INSERT INTO attendance (student_id, session_id, status) VALUES (107, 26, 'Absent');
INSERT INTO attendance (student_id, session_id, status) VALUES (108, 26, 'Absent');
INSERT INTO attendance (student_id, session_id, status) VALUES (109, 26, 'Absent');
INSERT INTO attendance (student_id, session_id, status) VALUES (110, 26, 'Absent');
INSERT INTO attendance (student_id, session_id, status) VALUES (111, 26, 'Present');
INSERT INTO attendance (student_id, session_id, status) VALUES (112, 26, 'Absent');
INSERT INTO attendance (student_id, session_id, status) VALUES (113, 26, 'Present');
INSERT INTO attendance (student_id, session_id, status) VALUES (114, 26, 'Absent');
INSERT INTO class_sessions (id, class_id, subject_id, session_date, teacher_id, room_id) VALUES (27, 3, 1, '2025-02-05 09:31:26', 1, 2);
INSERT INTO attendance (student_id, session_id, status) VALUES (80, 27, 'Present');
INSERT INTO attendance (student_id, session_id, status) VALUES (81, 27, 'Present');
INSERT INTO attendance (student_id, session_id, status) VALUES (82, 27, 'Absent');
INSERT INTO attendance (student_id, session_id, status) VALUES (83, 27, 'Absent');
INSERT INTO attendance (student_id, session_id, status) VALUES (84, 27, 'Present');
INSERT INTO attendance (student_id, session_id, status) VALUES (85, 27, 'Absent');
INSERT INTO attendance (student_id, session_id, status) VALUES (86, 27, 'Absent');
INSERT INTO attendance (student_id, session_id, status) VALUES (87, 27, 'Present');
INSERT INTO attendance (student_id, session_id, status) VALUES (88, 27, 'Present');
INSERT INTO attendance (student_id, session_id, status) VALUES (89, 27, 'Present');
INSERT INTO attendance (student_id, session_id, status) VALUES (90, 27, 'Absent');
INSERT INTO attendance (student_id, session_id, status) VALUES (91, 27, 'Late');
INSERT INTO attendance (student_id, session_id, status) VALUES (92, 27, 'Late');
INSERT INTO attendance (student_id, session_id, status) VALUES (93, 27, 'Late');
INSERT INTO attendance (student_id, session_id, status) VALUES (94, 27, 'Present');
INSERT INTO attendance (student_id, session_id, status) VALUES (95, 27, 'Absent');
INSERT INTO attendance (student_id, session_id, status) VALUES (96, 27, 'Absent');
INSERT INTO attendance (student_id, session_id, status) VALUES (97, 27, 'Present');
INSERT INTO attendance (student_id, session_id, status) VALUES (98, 27, 'Present');
INSERT INTO attendance (student_id, session_id, status) VALUES (99, 27, 'Present');
INSERT INTO attendance (student_id, session_id, status) VALUES (100, 27, 'Absent');
INSERT INTO attendance (student_id, session_id, status) VALUES (101, 27, 'Absent');
INSERT INTO attendance (student_id, session_id, status) VALUES (102, 27, 'Absent');
INSERT INTO attendance (student_id, session_id, status) VALUES (103, 27, 'Present');
INSERT INTO attendance (student_id, session_id, status) VALUES (104, 27, 'Absent');
INSERT INTO attendance (student_id, session_id, status) VALUES (105, 27, 'Late');
INSERT INTO attendance (student_id, session_id, status) VALUES (106, 27, 'Absent');
INSERT INTO attendance (student_id, session_id, status) VALUES (107, 27, 'Present');
INSERT INTO attendance (student_id, session_id, status) VALUES (108, 27, 'Absent');
INSERT INTO attendance (student_id, session_id, status) VALUES (109, 27, 'Late');
INSERT INTO attendance (student_id, session_id, status) VALUES (110, 27, 'Absent');
INSERT INTO attendance (student_id, session_id, status) VALUES (111, 27, 'Absent');
INSERT INTO attendance (student_id, session_id, status) VALUES (112, 27, 'Present');
INSERT INTO attendance (student_id, session_id, status) VALUES (113, 27, 'Late');
INSERT INTO attendance (student_id, session_id, status) VALUES (114, 27, 'Absent');
INSERT INTO class_sessions (id, class_id, subject_id, session_date, teacher_id, room_id) VALUES (28, 3, 2, '2025-02-19 12:46:52', 9, 3);
INSERT INTO attendance (student_id, session_id, status) VALUES (80, 28, 'Present');
INSERT INTO attendance (student_id, session_id, status) VALUES (81, 28, 'Present');
INSERT INTO attendance (student_id, session_id, status) VALUES (82, 28, 'Present');
INSERT INTO attendance (student_id, session_id, status) VALUES (83, 28, 'Present');
INSERT INTO attendance (student_id, session_id, status) VALUES (84, 28, 'Late');
INSERT INTO attendance (student_id, session_id, status) VALUES (85, 28, 'Late');
INSERT INTO attendance (student_id, session_id, status) VALUES (86, 28, 'Absent');
INSERT INTO attendance (student_id, session_id, status) VALUES (87, 28, 'Present');
INSERT INTO attendance (student_id, session_id, status) VALUES (88, 28, 'Present');
INSERT INTO attendance (student_id, session_id, status) VALUES (89, 28, 'Late');
INSERT INTO attendance (student_id, session_id, status) VALUES (90, 28, 'Absent');
INSERT INTO attendance (student_id, session_id, status) VALUES (91, 28, 'Absent');
INSERT INTO attendance (student_id, session_id, status) VALUES (92, 28, 'Absent');
INSERT INTO attendance (student_id, session_id, status) VALUES (93, 28, 'Late');
INSERT INTO attendance (student_id, session_id, status) VALUES (94, 28, 'Absent');
INSERT INTO attendance (student_id, session_id, status) VALUES (95, 28, 'Present');
INSERT INTO attendance (student_id, session_id, status) VALUES (96, 28, 'Late');
INSERT INTO attendance (student_id, session_id, status) VALUES (97, 28, 'Late');
INSERT INTO attendance (student_id, session_id, status) VALUES (98, 28, 'Late');
INSERT INTO attendance (student_id, session_id, status) VALUES (99, 28, 'Late');
INSERT INTO attendance (student_id, session_id, status) VALUES (100, 28, 'Late');
INSERT INTO attendance (student_id, session_id, status) VALUES (101, 28, 'Absent');
INSERT INTO attendance (student_id, session_id, status) VALUES (102, 28, 'Present');
INSERT INTO attendance (student_id, session_id, status) VALUES (103, 28, 'Present');
INSERT INTO attendance (student_id, session_id, status) VALUES (104, 28, 'Late');
INSERT INTO attendance (student_id, session_id, status) VALUES (105, 28, 'Late');
INSERT INTO attendance (student_id, session_id, status) VALUES (106, 28, 'Present');
INSERT INTO attendance (student_id, session_id, status) VALUES (107, 28, 'Present');
INSERT INTO attendance (student_id, session_id, status) VALUES (108, 28, 'Present');
INSERT INTO attendance (student_id, session_id, status) VALUES (109, 28, 'Present');
INSERT INTO attendance (student_id, session_id, status) VALUES (110, 28, 'Absent');
INSERT INTO attendance (student_id, session_id, status) VALUES (111, 28, 'Late');
INSERT INTO attendance (student_id, session_id, status) VALUES (112, 28, 'Present');
INSERT INTO attendance (student_id, session_id, status) VALUES (113, 28, 'Present');
INSERT INTO attendance (student_id, session_id, status) VALUES (114, 28, 'Late');
INSERT INTO class_sessions (id, class_id, subject_id, session_date, teacher_id, room_id) VALUES (29, 3, 2, '2025-02-03 04:20:13', 9, 3);
INSERT INTO attendance (student_id, session_id, status) VALUES (80, 29, 'Late');
INSERT INTO attendance (student_id, session_id, status) VALUES (81, 29, 'Absent');
INSERT INTO attendance (student_id, session_id, status) VALUES (82, 29, 'Present');
INSERT INTO attendance (student_id, session_id, status) VALUES (83, 29, 'Present');
INSERT INTO attendance (student_id, session_id, status) VALUES (84, 29, 'Present');
INSERT INTO attendance (student_id, session_id, status) VALUES (85, 29, 'Late');
INSERT INTO attendance (student_id, session_id, status) VALUES (86, 29, 'Absent');
INSERT INTO attendance (student_id, session_id, status) VALUES (87, 29, 'Present');
INSERT INTO attendance (student_id, session_id, status) VALUES (88, 29, 'Present');
INSERT INTO attendance (student_id, session_id, status) VALUES (89, 29, 'Late');
INSERT INTO attendance (student_id, session_id, status) VALUES (90, 29, 'Present');
INSERT INTO attendance (student_id, session_id, status) VALUES (91, 29, 'Present');
INSERT INTO attendance (student_id, session_id, status) VALUES (92, 29, 'Absent');
INSERT INTO attendance (student_id, session_id, status) VALUES (93, 29, 'Absent');
INSERT INTO attendance (student_id, session_id, status) VALUES (94, 29, 'Absent');
INSERT INTO attendance (student_id, session_id, status) VALUES (95, 29, 'Absent');
INSERT INTO attendance (student_id, session_id, status) VALUES (96, 29, 'Present');
INSERT INTO attendance (student_id, session_id, status) VALUES (97, 29, 'Late');
INSERT INTO attendance (student_id, session_id, status) VALUES (98, 29, 'Present');
INSERT INTO attendance (student_id, session_id, status) VALUES (99, 29, 'Absent');
INSERT INTO attendance (student_id, session_id, status) VALUES (100, 29, 'Late');
INSERT INTO attendance (student_id, session_id, status) VALUES (101, 29, 'Present');
INSERT INTO attendance (student_id, session_id, status) VALUES (102, 29, 'Present');
INSERT INTO attendance (student_id, session_id, status) VALUES (103, 29, 'Late');
INSERT INTO attendance (student_id, session_id, status) VALUES (104, 29, 'Absent');
INSERT INTO attendance (student_id, session_id, status) VALUES (105, 29, 'Present');
INSERT INTO attendance (student_id, session_id, status) VALUES (106, 29, 'Present');
INSERT INTO attendance (student_id, session_id, status) VALUES (107, 29, 'Late');
INSERT INTO attendance (student_id, session_id, status) VALUES (108, 29, 'Absent');
INSERT INTO attendance (student_id, session_id, status) VALUES (109, 29, 'Late');
INSERT INTO attendance (student_id, session_id, status) VALUES (110, 29, 'Present');
INSERT INTO attendance (student_id, session_id, status) VALUES (111, 29, 'Absent');
INSERT INTO attendance (student_id, session_id, status) VALUES (112, 29, 'Late');
INSERT INTO attendance (student_id, session_id, status) VALUES (113, 29, 'Present');
INSERT INTO attendance (student_id, session_id, status) VALUES (114, 29, 'Late');
INSERT INTO class_sessions (id, class_id, subject_id, session_date, teacher_id, room_id) VALUES (30, 3, 2, '2025-03-05 09:52:21', 9, 3);
INSERT INTO attendance (student_id, session_id, status) VALUES (80, 30, 'Late');
INSERT INTO attendance (student_id, session_id, status) VALUES (81, 30, 'Present');
INSERT INTO attendance (student_id, session_id, status) VALUES (82, 30, 'Present');
INSERT INTO attendance (student_id, session_id, status) VALUES (83, 30, 'Late');
INSERT INTO attendance (student_id, session_id, status) VALUES (84, 30, 'Absent');
INSERT INTO attendance (student_id, session_id, status) VALUES (85, 30, 'Absent');
INSERT INTO attendance (student_id, session_id, status) VALUES (86, 30, 'Late');
INSERT INTO attendance (student_id, session_id, status) VALUES (87, 30, 'Present');
INSERT INTO attendance (student_id, session_id, status) VALUES (88, 30, 'Late');
INSERT INTO attendance (student_id, session_id, status) VALUES (89, 30, 'Absent');
INSERT INTO attendance (student_id, session_id, status) VALUES (90, 30, 'Late');
INSERT INTO attendance (student_id, session_id, status) VALUES (91, 30, 'Present');
INSERT INTO attendance (student_id, session_id, status) VALUES (92, 30, 'Present');
INSERT INTO attendance (student_id, session_id, status) VALUES (93, 30, 'Absent');
INSERT INTO attendance (student_id, session_id, status) VALUES (94, 30, 'Absent');
INSERT INTO attendance (student_id, session_id, status) VALUES (95, 30, 'Present');
INSERT INTO attendance (student_id, session_id, status) VALUES (96, 30, 'Absent');
INSERT INTO attendance (student_id, session_id, status) VALUES (97, 30, 'Present');
INSERT INTO attendance (student_id, session_id, status) VALUES (98, 30, 'Late');
INSERT INTO attendance (student_id, session_id, status) VALUES (99, 30, 'Present');
INSERT INTO attendance (student_id, session_id, status) VALUES (100, 30, 'Late');
INSERT INTO attendance (student_id, session_id, status) VALUES (101, 30, 'Absent');
INSERT INTO attendance (student_id, session_id, status) VALUES (102, 30, 'Absent');
INSERT INTO attendance (student_id, session_id, status) VALUES (103, 30, 'Late');
INSERT INTO attendance (student_id, session_id, status) VALUES (104, 30, 'Absent');
INSERT INTO attendance (student_id, session_id, status) VALUES (105, 30, 'Absent');
INSERT INTO attendance (student_id, session_id, status) VALUES (106, 30, 'Absent');
INSERT INTO attendance (student_id, session_id, status) VALUES (107, 30, 'Late');
INSERT INTO attendance (student_id, session_id, status) VALUES (108, 30, 'Absent');
INSERT INTO attendance (student_id, session_id, status) VALUES (109, 30, 'Absent');
INSERT INTO attendance (student_id, session_id, status) VALUES (110, 30, 'Present');
INSERT INTO attendance (student_id, session_id, status) VALUES (111, 30, 'Late');
INSERT INTO attendance (student_id, session_id, status) VALUES (112, 30, 'Present');
INSERT INTO attendance (student_id, session_id, status) VALUES (113, 30, 'Absent');
INSERT INTO attendance (student_id, session_id, status) VALUES (114, 30, 'Late');
INSERT INTO class_sessions (id, class_id, subject_id, session_date, teacher_id, room_id) VALUES (31, 3, 3, '2025-01-26 19:32:48', 5, 2);
INSERT INTO attendance (student_id, session_id, status) VALUES (80, 31, 'Present');
INSERT INTO attendance (student_id, session_id, status) VALUES (81, 31, 'Absent');
INSERT INTO attendance (student_id, session_id, status) VALUES (82, 31, 'Late');
INSERT INTO attendance (student_id, session_id, status) VALUES (83, 31, 'Late');
INSERT INTO attendance (student_id, session_id, status) VALUES (84, 31, 'Absent');
INSERT INTO attendance (student_id, session_id, status) VALUES (85, 31, 'Absent');
INSERT INTO attendance (student_id, session_id, status) VALUES (86, 31, 'Late');
INSERT INTO attendance (student_id, session_id, status) VALUES (87, 31, 'Absent');
INSERT INTO attendance (student_id, session_id, status) VALUES (88, 31, 'Absent');
INSERT INTO attendance (student_id, session_id, status) VALUES (89, 31, 'Absent');
INSERT INTO attendance (student_id, session_id, status) VALUES (90, 31, 'Present');
INSERT INTO attendance (student_id, session_id, status) VALUES (91, 31, 'Absent');
INSERT INTO attendance (student_id, session_id, status) VALUES (92, 31, 'Present');
INSERT INTO attendance (student_id, session_id, status) VALUES (93, 31, 'Late');
INSERT INTO attendance (student_id, session_id, status) VALUES (94, 31, 'Present');
INSERT INTO attendance (student_id, session_id, status) VALUES (95, 31, 'Present');
INSERT INTO attendance (student_id, session_id, status) VALUES (96, 31, 'Absent');
INSERT INTO attendance (student_id, session_id, status) VALUES (97, 31, 'Present');
INSERT INTO attendance (student_id, session_id, status) VALUES (98, 31, 'Late');
INSERT INTO attendance (student_id, session_id, status) VALUES (99, 31, 'Present');
INSERT INTO attendance (student_id, session_id, status) VALUES (100, 31, 'Absent');
INSERT INTO attendance (student_id, session_id, status) VALUES (101, 31, 'Absent');
INSERT INTO attendance (student_id, session_id, status) VALUES (102, 31, 'Absent');
INSERT INTO attendance (student_id, session_id, status) VALUES (103, 31, 'Present');
INSERT INTO attendance (student_id, session_id, status) VALUES (104, 31, 'Late');
INSERT INTO attendance (student_id, session_id, status) VALUES (105, 31, 'Late');
INSERT INTO attendance (student_id, session_id, status) VALUES (106, 31, 'Absent');
INSERT INTO attendance (student_id, session_id, status) VALUES (107, 31, 'Late');
INSERT INTO attendance (student_id, session_id, status) VALUES (108, 31, 'Absent');
INSERT INTO attendance (student_id, session_id, status) VALUES (109, 31, 'Present');
INSERT INTO attendance (student_id, session_id, status) VALUES (110, 31, 'Absent');
INSERT INTO attendance (student_id, session_id, status) VALUES (111, 31, 'Late');
INSERT INTO attendance (student_id, session_id, status) VALUES (112, 31, 'Absent');
INSERT INTO attendance (student_id, session_id, status) VALUES (113, 31, 'Late');
INSERT INTO attendance (student_id, session_id, status) VALUES (114, 31, 'Absent');
INSERT INTO class_sessions (id, class_id, subject_id, session_date, teacher_id, room_id) VALUES (32, 3, 3, '2025-02-06 15:34:48', 5, 2);
INSERT INTO attendance (student_id, session_id, status) VALUES (80, 32, 'Absent');
INSERT INTO attendance (student_id, session_id, status) VALUES (81, 32, 'Late');
INSERT INTO attendance (student_id, session_id, status) VALUES (82, 32, 'Late');
INSERT INTO attendance (student_id, session_id, status) VALUES (83, 32, 'Present');
INSERT INTO attendance (student_id, session_id, status) VALUES (84, 32, 'Late');
INSERT INTO attendance (student_id, session_id, status) VALUES (85, 32, 'Absent');
INSERT INTO attendance (student_id, session_id, status) VALUES (86, 32, 'Absent');
INSERT INTO attendance (student_id, session_id, status) VALUES (87, 32, 'Absent');
INSERT INTO attendance (student_id, session_id, status) VALUES (88, 32, 'Late');
INSERT INTO attendance (student_id, session_id, status) VALUES (89, 32, 'Absent');
INSERT INTO attendance (student_id, session_id, status) VALUES (90, 32, 'Late');
INSERT INTO attendance (student_id, session_id, status) VALUES (91, 32, 'Absent');
INSERT INTO attendance (student_id, session_id, status) VALUES (92, 32, 'Late');
INSERT INTO attendance (student_id, session_id, status) VALUES (93, 32, 'Late');
INSERT INTO attendance (student_id, session_id, status) VALUES (94, 32, 'Absent');
INSERT INTO attendance (student_id, session_id, status) VALUES (95, 32, 'Absent');
INSERT INTO attendance (student_id, session_id, status) VALUES (96, 32, 'Absent');
INSERT INTO attendance (student_id, session_id, status) VALUES (97, 32, 'Absent');
INSERT INTO attendance (student_id, session_id, status) VALUES (98, 32, 'Late');
INSERT INTO attendance (student_id, session_id, status) VALUES (99, 32, 'Present');
INSERT INTO attendance (student_id, session_id, status) VALUES (100, 32, 'Present');
INSERT INTO attendance (student_id, session_id, status) VALUES (101, 32, 'Present');
INSERT INTO attendance (student_id, session_id, status) VALUES (102, 32, 'Late');
INSERT INTO attendance (student_id, session_id, status) VALUES (103, 32, 'Present');
INSERT INTO attendance (student_id, session_id, status) VALUES (104, 32, 'Late');
INSERT INTO attendance (student_id, session_id, status) VALUES (105, 32, 'Absent');
INSERT INTO attendance (student_id, session_id, status) VALUES (106, 32, 'Late');
INSERT INTO attendance (student_id, session_id, status) VALUES (107, 32, 'Late');
INSERT INTO attendance (student_id, session_id, status) VALUES (108, 32, 'Late');
INSERT INTO attendance (student_id, session_id, status) VALUES (109, 32, 'Late');
INSERT INTO attendance (student_id, session_id, status) VALUES (110, 32, 'Present');
INSERT INTO attendance (student_id, session_id, status) VALUES (111, 32, 'Absent');
INSERT INTO attendance (student_id, session_id, status) VALUES (112, 32, 'Late');
INSERT INTO attendance (student_id, session_id, status) VALUES (113, 32, 'Absent');
INSERT INTO attendance (student_id, session_id, status) VALUES (114, 32, 'Late');
INSERT INTO class_sessions (id, class_id, subject_id, session_date, teacher_id, room_id) VALUES (33, 3, 3, '2025-01-29 09:23:10', 5, 2);
INSERT INTO attendance (student_id, session_id, status) VALUES (80, 33, 'Absent');
INSERT INTO attendance (student_id, session_id, status) VALUES (81, 33, 'Late');
INSERT INTO attendance (student_id, session_id, status) VALUES (82, 33, 'Late');
INSERT INTO attendance (student_id, session_id, status) VALUES (83, 33, 'Absent');
INSERT INTO attendance (student_id, session_id, status) VALUES (84, 33, 'Present');
INSERT INTO attendance (student_id, session_id, status) VALUES (85, 33, 'Late');
INSERT INTO attendance (student_id, session_id, status) VALUES (86, 33, 'Absent');
INSERT INTO attendance (student_id, session_id, status) VALUES (87, 33, 'Absent');
INSERT INTO attendance (student_id, session_id, status) VALUES (88, 33, 'Present');
INSERT INTO attendance (student_id, session_id, status) VALUES (89, 33, 'Absent');
INSERT INTO attendance (student_id, session_id, status) VALUES (90, 33, 'Present');
INSERT INTO attendance (student_id, session_id, status) VALUES (91, 33, 'Late');
INSERT INTO attendance (student_id, session_id, status) VALUES (92, 33, 'Present');
INSERT INTO attendance (student_id, session_id, status) VALUES (93, 33, 'Present');
INSERT INTO attendance (student_id, session_id, status) VALUES (94, 33, 'Absent');
INSERT INTO attendance (student_id, session_id, status) VALUES (95, 33, 'Late');
INSERT INTO attendance (student_id, session_id, status) VALUES (96, 33, 'Absent');
INSERT INTO attendance (student_id, session_id, status) VALUES (97, 33, 'Absent');
INSERT INTO attendance (student_id, session_id, status) VALUES (98, 33, 'Absent');
INSERT INTO attendance (student_id, session_id, status) VALUES (99, 33, 'Present');
INSERT INTO attendance (student_id, session_id, status) VALUES (100, 33, 'Absent');
INSERT INTO attendance (student_id, session_id, status) VALUES (101, 33, 'Absent');
INSERT INTO attendance (student_id, session_id, status) VALUES (102, 33, 'Absent');
INSERT INTO attendance (student_id, session_id, status) VALUES (103, 33, 'Late');
INSERT INTO attendance (student_id, session_id, status) VALUES (104, 33, 'Present');
INSERT INTO attendance (student_id, session_id, status) VALUES (105, 33, 'Present');
INSERT INTO attendance (student_id, session_id, status) VALUES (106, 33, 'Late');
INSERT INTO attendance (student_id, session_id, status) VALUES (107, 33, 'Late');
INSERT INTO attendance (student_id, session_id, status) VALUES (108, 33, 'Present');
INSERT INTO attendance (student_id, session_id, status) VALUES (109, 33, 'Late');
INSERT INTO attendance (student_id, session_id, status) VALUES (110, 33, 'Present');
INSERT INTO attendance (student_id, session_id, status) VALUES (111, 33, 'Absent');
INSERT INTO attendance (student_id, session_id, status) VALUES (112, 33, 'Absent');
INSERT INTO attendance (student_id, session_id, status) VALUES (113, 33, 'Late');
INSERT INTO attendance (student_id, session_id, status) VALUES (114, 33, 'Absent');
INSERT INTO class_sessions (id, class_id, subject_id, session_date, teacher_id, room_id) VALUES (34, 3, 4, '2025-02-16 15:13:41', 3, 5);
INSERT INTO attendance (student_id, session_id, status) VALUES (80, 34, 'Late');
INSERT INTO attendance (student_id, session_id, status) VALUES (81, 34, 'Late');
INSERT INTO attendance (student_id, session_id, status) VALUES (82, 34, 'Absent');
INSERT INTO attendance (student_id, session_id, status) VALUES (83, 34, 'Absent');
INSERT INTO attendance (student_id, session_id, status) VALUES (84, 34, 'Late');
INSERT INTO attendance (student_id, session_id, status) VALUES (85, 34, 'Present');
INSERT INTO attendance (student_id, session_id, status) VALUES (86, 34, 'Absent');
INSERT INTO attendance (student_id, session_id, status) VALUES (87, 34, 'Present');
INSERT INTO attendance (student_id, session_id, status) VALUES (88, 34, 'Present');
INSERT INTO attendance (student_id, session_id, status) VALUES (89, 34, 'Present');
INSERT INTO attendance (student_id, session_id, status) VALUES (90, 34, 'Absent');
INSERT INTO attendance (student_id, session_id, status) VALUES (91, 34, 'Present');
INSERT INTO attendance (student_id, session_id, status) VALUES (92, 34, 'Present');
INSERT INTO attendance (student_id, session_id, status) VALUES (93, 34, 'Absent');
INSERT INTO attendance (student_id, session_id, status) VALUES (94, 34, 'Present');
INSERT INTO attendance (student_id, session_id, status) VALUES (95, 34, 'Absent');
INSERT INTO attendance (student_id, session_id, status) VALUES (96, 34, 'Late');
INSERT INTO attendance (student_id, session_id, status) VALUES (97, 34, 'Present');
INSERT INTO attendance (student_id, session_id, status) VALUES (98, 34, 'Late');
INSERT INTO attendance (student_id, session_id, status) VALUES (99, 34, 'Present');
INSERT INTO attendance (student_id, session_id, status) VALUES (100, 34, 'Late');
INSERT INTO attendance (student_id, session_id, status) VALUES (101, 34, 'Late');
INSERT INTO attendance (student_id, session_id, status) VALUES (102, 34, 'Absent');
INSERT INTO attendance (student_id, session_id, status) VALUES (103, 34, 'Late');
INSERT INTO attendance (student_id, session_id, status) VALUES (104, 34, 'Absent');
INSERT INTO attendance (student_id, session_id, status) VALUES (105, 34, 'Absent');
INSERT INTO attendance (student_id, session_id, status) VALUES (106, 34, 'Late');
INSERT INTO attendance (student_id, session_id, status) VALUES (107, 34, 'Present');
INSERT INTO attendance (student_id, session_id, status) VALUES (108, 34, 'Absent');
INSERT INTO attendance (student_id, session_id, status) VALUES (109, 34, 'Present');
INSERT INTO attendance (student_id, session_id, status) VALUES (110, 34, 'Present');
INSERT INTO attendance (student_id, session_id, status) VALUES (111, 34, 'Late');
INSERT INTO attendance (student_id, session_id, status) VALUES (112, 34, 'Present');
INSERT INTO attendance (student_id, session_id, status) VALUES (113, 34, 'Absent');
INSERT INTO attendance (student_id, session_id, status) VALUES (114, 34, 'Absent');
INSERT INTO class_sessions (id, class_id, subject_id, session_date, teacher_id, room_id) VALUES (35, 3, 4, '2025-02-05 16:11:51', 3, 5);
INSERT INTO attendance (student_id, session_id, status) VALUES (80, 35, 'Absent');
INSERT INTO attendance (student_id, session_id, status) VALUES (81, 35, 'Late');
INSERT INTO attendance (student_id, session_id, status) VALUES (82, 35, 'Present');
INSERT INTO attendance (student_id, session_id, status) VALUES (83, 35, 'Present');
INSERT INTO attendance (student_id, session_id, status) VALUES (84, 35, 'Late');
INSERT INTO attendance (student_id, session_id, status) VALUES (85, 35, 'Present');
INSERT INTO attendance (student_id, session_id, status) VALUES (86, 35, 'Present');
INSERT INTO attendance (student_id, session_id, status) VALUES (87, 35, 'Late');
INSERT INTO attendance (student_id, session_id, status) VALUES (88, 35, 'Absent');
INSERT INTO attendance (student_id, session_id, status) VALUES (89, 35, 'Late');
INSERT INTO attendance (student_id, session_id, status) VALUES (90, 35, 'Absent');
INSERT INTO attendance (student_id, session_id, status) VALUES (91, 35, 'Late');
INSERT INTO attendance (student_id, session_id, status) VALUES (92, 35, 'Late');
INSERT INTO attendance (student_id, session_id, status) VALUES (93, 35, 'Present');
INSERT INTO attendance (student_id, session_id, status) VALUES (94, 35, 'Present');
INSERT INTO attendance (student_id, session_id, status) VALUES (95, 35, 'Present');
INSERT INTO attendance (student_id, session_id, status) VALUES (96, 35, 'Late');
INSERT INTO attendance (student_id, session_id, status) VALUES (97, 35, 'Present');
INSERT INTO attendance (student_id, session_id, status) VALUES (98, 35, 'Late');
INSERT INTO attendance (student_id, session_id, status) VALUES (99, 35, 'Late');
INSERT INTO attendance (student_id, session_id, status) VALUES (100, 35, 'Present');
INSERT INTO attendance (student_id, session_id, status) VALUES (101, 35, 'Absent');
INSERT INTO attendance (student_id, session_id, status) VALUES (102, 35, 'Absent');
INSERT INTO attendance (student_id, session_id, status) VALUES (103, 35, 'Absent');
INSERT INTO attendance (student_id, session_id, status) VALUES (104, 35, 'Absent');
INSERT INTO attendance (student_id, session_id, status) VALUES (105, 35, 'Present');
INSERT INTO attendance (student_id, session_id, status) VALUES (106, 35, 'Late');
INSERT INTO attendance (student_id, session_id, status) VALUES (107, 35, 'Late');
INSERT INTO attendance (student_id, session_id, status) VALUES (108, 35, 'Present');
INSERT INTO attendance (student_id, session_id, status) VALUES (109, 35, 'Late');
INSERT INTO attendance (student_id, session_id, status) VALUES (110, 35, 'Late');
INSERT INTO attendance (student_id, session_id, status) VALUES (111, 35, 'Late');
INSERT INTO attendance (student_id, session_id, status) VALUES (112, 35, 'Present');
INSERT INTO attendance (student_id, session_id, status) VALUES (113, 35, 'Absent');
INSERT INTO attendance (student_id, session_id, status) VALUES (114, 35, 'Late');
INSERT INTO class_sessions (id, class_id, subject_id, session_date, teacher_id, room_id) VALUES (36, 3, 4, '2025-01-24 07:35:01', 3, 5);
INSERT INTO attendance (student_id, session_id, status) VALUES (80, 36, 'Absent');
INSERT INTO attendance (student_id, session_id, status) VALUES (81, 36, 'Absent');
INSERT INTO attendance (student_id, session_id, status) VALUES (82, 36, 'Present');
INSERT INTO attendance (student_id, session_id, status) VALUES (83, 36, 'Absent');
INSERT INTO attendance (student_id, session_id, status) VALUES (84, 36, 'Absent');
INSERT INTO attendance (student_id, session_id, status) VALUES (85, 36, 'Present');
INSERT INTO attendance (student_id, session_id, status) VALUES (86, 36, 'Absent');
INSERT INTO attendance (student_id, session_id, status) VALUES (87, 36, 'Late');
INSERT INTO attendance (student_id, session_id, status) VALUES (88, 36, 'Late');
INSERT INTO attendance (student_id, session_id, status) VALUES (89, 36, 'Present');
INSERT INTO attendance (student_id, session_id, status) VALUES (90, 36, 'Late');
INSERT INTO attendance (student_id, session_id, status) VALUES (91, 36, 'Present');
INSERT INTO attendance (student_id, session_id, status) VALUES (92, 36, 'Late');
INSERT INTO attendance (student_id, session_id, status) VALUES (93, 36, 'Late');
INSERT INTO attendance (student_id, session_id, status) VALUES (94, 36, 'Late');
INSERT INTO attendance (student_id, session_id, status) VALUES (95, 36, 'Present');
INSERT INTO attendance (student_id, session_id, status) VALUES (96, 36, 'Late');
INSERT INTO attendance (student_id, session_id, status) VALUES (97, 36, 'Late');
INSERT INTO attendance (student_id, session_id, status) VALUES (98, 36, 'Present');
INSERT INTO attendance (student_id, session_id, status) VALUES (99, 36, 'Absent');
INSERT INTO attendance (student_id, session_id, status) VALUES (100, 36, 'Present');
INSERT INTO attendance (student_id, session_id, status) VALUES (101, 36, 'Absent');
INSERT INTO attendance (student_id, session_id, status) VALUES (102, 36, 'Absent');
INSERT INTO attendance (student_id, session_id, status) VALUES (103, 36, 'Absent');
INSERT INTO attendance (student_id, session_id, status) VALUES (104, 36, 'Present');
INSERT INTO attendance (student_id, session_id, status) VALUES (105, 36, 'Present');
INSERT INTO attendance (student_id, session_id, status) VALUES (106, 36, 'Absent');
INSERT INTO attendance (student_id, session_id, status) VALUES (107, 36, 'Absent');
INSERT INTO attendance (student_id, session_id, status) VALUES (108, 36, 'Present');
INSERT INTO attendance (student_id, session_id, status) VALUES (109, 36, 'Present');
INSERT INTO attendance (student_id, session_id, status) VALUES (110, 36, 'Absent');
INSERT INTO attendance (student_id, session_id, status) VALUES (111, 36, 'Absent');
INSERT INTO attendance (student_id, session_id, status) VALUES (112, 36, 'Present');
INSERT INTO attendance (student_id, session_id, status) VALUES (113, 36, 'Late');
INSERT INTO attendance (student_id, session_id, status) VALUES (114, 36, 'Present');
INSERT INTO class_sessions (id, class_id, subject_id, session_date, teacher_id, room_id) VALUES (37, 4, 1, '2025-01-18 23:39:55', 9, 4);
INSERT INTO attendance (student_id, session_id, status) VALUES (115, 37, 'Absent');
INSERT INTO attendance (student_id, session_id, status) VALUES (116, 37, 'Absent');
INSERT INTO attendance (student_id, session_id, status) VALUES (117, 37, 'Late');
INSERT INTO attendance (student_id, session_id, status) VALUES (118, 37, 'Absent');
INSERT INTO attendance (student_id, session_id, status) VALUES (119, 37, 'Late');
INSERT INTO attendance (student_id, session_id, status) VALUES (120, 37, 'Present');
INSERT INTO attendance (student_id, session_id, status) VALUES (121, 37, 'Absent');
INSERT INTO attendance (student_id, session_id, status) VALUES (122, 37, 'Absent');
INSERT INTO attendance (student_id, session_id, status) VALUES (123, 37, 'Late');
INSERT INTO attendance (student_id, session_id, status) VALUES (124, 37, 'Late');
INSERT INTO attendance (student_id, session_id, status) VALUES (125, 37, 'Late');
INSERT INTO attendance (student_id, session_id, status) VALUES (126, 37, 'Absent');
INSERT INTO attendance (student_id, session_id, status) VALUES (127, 37, 'Late');
INSERT INTO attendance (student_id, session_id, status) VALUES (128, 37, 'Absent');
INSERT INTO attendance (student_id, session_id, status) VALUES (129, 37, 'Present');
INSERT INTO attendance (student_id, session_id, status) VALUES (130, 37, 'Present');
INSERT INTO attendance (student_id, session_id, status) VALUES (131, 37, 'Present');
INSERT INTO attendance (student_id, session_id, status) VALUES (132, 37, 'Absent');
INSERT INTO attendance (student_id, session_id, status) VALUES (133, 37, 'Late');
INSERT INTO attendance (student_id, session_id, status) VALUES (134, 37, 'Present');
INSERT INTO attendance (student_id, session_id, status) VALUES (135, 37, 'Present');
INSERT INTO attendance (student_id, session_id, status) VALUES (136, 37, 'Absent');
INSERT INTO attendance (student_id, session_id, status) VALUES (137, 37, 'Present');
INSERT INTO attendance (student_id, session_id, status) VALUES (138, 37, 'Absent');
INSERT INTO attendance (student_id, session_id, status) VALUES (139, 37, 'Present');
INSERT INTO attendance (student_id, session_id, status) VALUES (140, 37, 'Late');
INSERT INTO attendance (student_id, session_id, status) VALUES (141, 37, 'Present');
INSERT INTO attendance (student_id, session_id, status) VALUES (142, 37, 'Present');
INSERT INTO attendance (student_id, session_id, status) VALUES (143, 37, 'Present');
INSERT INTO attendance (student_id, session_id, status) VALUES (144, 37, 'Absent');
INSERT INTO attendance (student_id, session_id, status) VALUES (145, 37, 'Present');
INSERT INTO attendance (student_id, session_id, status) VALUES (146, 37, 'Absent');
INSERT INTO attendance (student_id, session_id, status) VALUES (147, 37, 'Absent');
INSERT INTO attendance (student_id, session_id, status) VALUES (148, 37, 'Present');
INSERT INTO attendance (student_id, session_id, status) VALUES (149, 37, 'Present');
INSERT INTO attendance (student_id, session_id, status) VALUES (150, 37, 'Late');
INSERT INTO attendance (student_id, session_id, status) VALUES (151, 37, 'Late');
INSERT INTO attendance (student_id, session_id, status) VALUES (152, 37, 'Absent');
INSERT INTO attendance (student_id, session_id, status) VALUES (153, 37, 'Present');
INSERT INTO class_sessions (id, class_id, subject_id, session_date, teacher_id, room_id) VALUES (38, 4, 1, '2025-01-16 20:03:08', 9, 4);
INSERT INTO attendance (student_id, session_id, status) VALUES (115, 38, 'Absent');
INSERT INTO attendance (student_id, session_id, status) VALUES (116, 38, 'Absent');
INSERT INTO attendance (student_id, session_id, status) VALUES (117, 38, 'Absent');
INSERT INTO attendance (student_id, session_id, status) VALUES (118, 38, 'Late');
INSERT INTO attendance (student_id, session_id, status) VALUES (119, 38, 'Present');
INSERT INTO attendance (student_id, session_id, status) VALUES (120, 38, 'Absent');
INSERT INTO attendance (student_id, session_id, status) VALUES (121, 38, 'Present');
INSERT INTO attendance (student_id, session_id, status) VALUES (122, 38, 'Present');
INSERT INTO attendance (student_id, session_id, status) VALUES (123, 38, 'Present');
INSERT INTO attendance (student_id, session_id, status) VALUES (124, 38, 'Absent');
INSERT INTO attendance (student_id, session_id, status) VALUES (125, 38, 'Present');
INSERT INTO attendance (student_id, session_id, status) VALUES (126, 38, 'Absent');
INSERT INTO attendance (student_id, session_id, status) VALUES (127, 38, 'Present');
INSERT INTO attendance (student_id, session_id, status) VALUES (128, 38, 'Present');
INSERT INTO attendance (student_id, session_id, status) VALUES (129, 38, 'Late');
INSERT INTO attendance (student_id, session_id, status) VALUES (130, 38, 'Absent');
INSERT INTO attendance (student_id, session_id, status) VALUES (131, 38, 'Present');
INSERT INTO attendance (student_id, session_id, status) VALUES (132, 38, 'Late');
INSERT INTO attendance (student_id, session_id, status) VALUES (133, 38, 'Late');
INSERT INTO attendance (student_id, session_id, status) VALUES (134, 38, 'Absent');
INSERT INTO attendance (student_id, session_id, status) VALUES (135, 38, 'Absent');
INSERT INTO attendance (student_id, session_id, status) VALUES (136, 38, 'Late');
INSERT INTO attendance (student_id, session_id, status) VALUES (137, 38, 'Present');
INSERT INTO attendance (student_id, session_id, status) VALUES (138, 38, 'Absent');
INSERT INTO attendance (student_id, session_id, status) VALUES (139, 38, 'Late');
INSERT INTO attendance (student_id, session_id, status) VALUES (140, 38, 'Present');
INSERT INTO attendance (student_id, session_id, status) VALUES (141, 38, 'Late');
INSERT INTO attendance (student_id, session_id, status) VALUES (142, 38, 'Absent');
INSERT INTO attendance (student_id, session_id, status) VALUES (143, 38, 'Present');
INSERT INTO attendance (student_id, session_id, status) VALUES (144, 38, 'Present');
INSERT INTO attendance (student_id, session_id, status) VALUES (145, 38, 'Absent');
INSERT INTO attendance (student_id, session_id, status) VALUES (146, 38, 'Absent');
INSERT INTO attendance (student_id, session_id, status) VALUES (147, 38, 'Absent');
INSERT INTO attendance (student_id, session_id, status) VALUES (148, 38, 'Absent');
INSERT INTO attendance (student_id, session_id, status) VALUES (149, 38, 'Absent');
INSERT INTO attendance (student_id, session_id, status) VALUES (150, 38, 'Absent');
INSERT INTO attendance (student_id, session_id, status) VALUES (151, 38, 'Late');
INSERT INTO attendance (student_id, session_id, status) VALUES (152, 38, 'Absent');
INSERT INTO attendance (student_id, session_id, status) VALUES (153, 38, 'Present');
INSERT INTO class_sessions (id, class_id, subject_id, session_date, teacher_id, room_id) VALUES (39, 4, 1, '2025-01-28 16:18:53', 9, 4);
INSERT INTO attendance (student_id, session_id, status) VALUES (115, 39, 'Absent');
INSERT INTO attendance (student_id, session_id, status) VALUES (116, 39, 'Absent');
INSERT INTO attendance (student_id, session_id, status) VALUES (117, 39, 'Late');
INSERT INTO attendance (student_id, session_id, status) VALUES (118, 39, 'Late');
INSERT INTO attendance (student_id, session_id, status) VALUES (119, 39, 'Late');
INSERT INTO attendance (student_id, session_id, status) VALUES (120, 39, 'Present');
INSERT INTO attendance (student_id, session_id, status) VALUES (121, 39, 'Present');
INSERT INTO attendance (student_id, session_id, status) VALUES (122, 39, 'Present');
INSERT INTO attendance (student_id, session_id, status) VALUES (123, 39, 'Late');
INSERT INTO attendance (student_id, session_id, status) VALUES (124, 39, 'Present');
INSERT INTO attendance (student_id, session_id, status) VALUES (125, 39, 'Absent');
INSERT INTO attendance (student_id, session_id, status) VALUES (126, 39, 'Late');
INSERT INTO attendance (student_id, session_id, status) VALUES (127, 39, 'Late');
INSERT INTO attendance (student_id, session_id, status) VALUES (128, 39, 'Absent');
INSERT INTO attendance (student_id, session_id, status) VALUES (129, 39, 'Absent');
INSERT INTO attendance (student_id, session_id, status) VALUES (130, 39, 'Late');
INSERT INTO attendance (student_id, session_id, status) VALUES (131, 39, 'Late');
INSERT INTO attendance (student_id, session_id, status) VALUES (132, 39, 'Present');
INSERT INTO attendance (student_id, session_id, status) VALUES (133, 39, 'Present');
INSERT INTO attendance (student_id, session_id, status) VALUES (134, 39, 'Late');
INSERT INTO attendance (student_id, session_id, status) VALUES (135, 39, 'Present');
INSERT INTO attendance (student_id, session_id, status) VALUES (136, 39, 'Present');
INSERT INTO attendance (student_id, session_id, status) VALUES (137, 39, 'Late');
INSERT INTO attendance (student_id, session_id, status) VALUES (138, 39, 'Present');
INSERT INTO attendance (student_id, session_id, status) VALUES (139, 39, 'Late');
INSERT INTO attendance (student_id, session_id, status) VALUES (140, 39, 'Present');
INSERT INTO attendance (student_id, session_id, status) VALUES (141, 39, 'Present');
INSERT INTO attendance (student_id, session_id, status) VALUES (142, 39, 'Absent');
INSERT INTO attendance (student_id, session_id, status) VALUES (143, 39, 'Present');
INSERT INTO attendance (student_id, session_id, status) VALUES (144, 39, 'Absent');
INSERT INTO attendance (student_id, session_id, status) VALUES (145, 39, 'Present');
INSERT INTO attendance (student_id, session_id, status) VALUES (146, 39, 'Absent');
INSERT INTO attendance (student_id, session_id, status) VALUES (147, 39, 'Present');
INSERT INTO attendance (student_id, session_id, status) VALUES (148, 39, 'Absent');
INSERT INTO attendance (student_id, session_id, status) VALUES (149, 39, 'Absent');
INSERT INTO attendance (student_id, session_id, status) VALUES (150, 39, 'Present');
INSERT INTO attendance (student_id, session_id, status) VALUES (151, 39, 'Absent');
INSERT INTO attendance (student_id, session_id, status) VALUES (152, 39, 'Late');
INSERT INTO attendance (student_id, session_id, status) VALUES (153, 39, 'Absent');
INSERT INTO class_sessions (id, class_id, subject_id, session_date, teacher_id, room_id) VALUES (40, 4, 2, '2025-01-11 04:55:10', 1, 2);
INSERT INTO attendance (student_id, session_id, status) VALUES (115, 40, 'Late');
INSERT INTO attendance (student_id, session_id, status) VALUES (116, 40, 'Absent');
INSERT INTO attendance (student_id, session_id, status) VALUES (117, 40, 'Absent');
INSERT INTO attendance (student_id, session_id, status) VALUES (118, 40, 'Late');
INSERT INTO attendance (student_id, session_id, status) VALUES (119, 40, 'Late');
INSERT INTO attendance (student_id, session_id, status) VALUES (120, 40, 'Absent');
INSERT INTO attendance (student_id, session_id, status) VALUES (121, 40, 'Absent');
INSERT INTO attendance (student_id, session_id, status) VALUES (122, 40, 'Present');
INSERT INTO attendance (student_id, session_id, status) VALUES (123, 40, 'Present');
INSERT INTO attendance (student_id, session_id, status) VALUES (124, 40, 'Absent');
INSERT INTO attendance (student_id, session_id, status) VALUES (125, 40, 'Present');
INSERT INTO attendance (student_id, session_id, status) VALUES (126, 40, 'Absent');
INSERT INTO attendance (student_id, session_id, status) VALUES (127, 40, 'Absent');
INSERT INTO attendance (student_id, session_id, status) VALUES (128, 40, 'Absent');
INSERT INTO attendance (student_id, session_id, status) VALUES (129, 40, 'Absent');
INSERT INTO attendance (student_id, session_id, status) VALUES (130, 40, 'Late');
INSERT INTO attendance (student_id, session_id, status) VALUES (131, 40, 'Absent');
INSERT INTO attendance (student_id, session_id, status) VALUES (132, 40, 'Late');
INSERT INTO attendance (student_id, session_id, status) VALUES (133, 40, 'Late');
INSERT INTO attendance (student_id, session_id, status) VALUES (134, 40, 'Late');
INSERT INTO attendance (student_id, session_id, status) VALUES (135, 40, 'Absent');
INSERT INTO attendance (student_id, session_id, status) VALUES (136, 40, 'Present');
INSERT INTO attendance (student_id, session_id, status) VALUES (137, 40, 'Present');
INSERT INTO attendance (student_id, session_id, status) VALUES (138, 40, 'Present');
INSERT INTO attendance (student_id, session_id, status) VALUES (139, 40, 'Late');
INSERT INTO attendance (student_id, session_id, status) VALUES (140, 40, 'Late');
INSERT INTO attendance (student_id, session_id, status) VALUES (141, 40, 'Absent');
INSERT INTO attendance (student_id, session_id, status) VALUES (142, 40, 'Absent');
INSERT INTO attendance (student_id, session_id, status) VALUES (143, 40, 'Present');
INSERT INTO attendance (student_id, session_id, status) VALUES (144, 40, 'Absent');
INSERT INTO attendance (student_id, session_id, status) VALUES (145, 40, 'Present');
INSERT INTO attendance (student_id, session_id, status) VALUES (146, 40, 'Absent');
INSERT INTO attendance (student_id, session_id, status) VALUES (147, 40, 'Present');
INSERT INTO attendance (student_id, session_id, status) VALUES (148, 40, 'Late');
INSERT INTO attendance (student_id, session_id, status) VALUES (149, 40, 'Present');
INSERT INTO attendance (student_id, session_id, status) VALUES (150, 40, 'Absent');
INSERT INTO attendance (student_id, session_id, status) VALUES (151, 40, 'Late');
INSERT INTO attendance (student_id, session_id, status) VALUES (152, 40, 'Late');
INSERT INTO attendance (student_id, session_id, status) VALUES (153, 40, 'Absent');
INSERT INTO class_sessions (id, class_id, subject_id, session_date, teacher_id, room_id) VALUES (41, 4, 2, '2025-02-09 08:03:53', 1, 2);
INSERT INTO attendance (student_id, session_id, status) VALUES (115, 41, 'Absent');
INSERT INTO attendance (student_id, session_id, status) VALUES (116, 41, 'Present');
INSERT INTO attendance (student_id, session_id, status) VALUES (117, 41, 'Late');
INSERT INTO attendance (student_id, session_id, status) VALUES (118, 41, 'Late');
INSERT INTO attendance (student_id, session_id, status) VALUES (119, 41, 'Late');
INSERT INTO attendance (student_id, session_id, status) VALUES (120, 41, 'Late');
INSERT INTO attendance (student_id, session_id, status) VALUES (121, 41, 'Absent');
INSERT INTO attendance (student_id, session_id, status) VALUES (122, 41, 'Late');
INSERT INTO attendance (student_id, session_id, status) VALUES (123, 41, 'Present');
INSERT INTO attendance (student_id, session_id, status) VALUES (124, 41, 'Absent');
INSERT INTO attendance (student_id, session_id, status) VALUES (125, 41, 'Absent');
INSERT INTO attendance (student_id, session_id, status) VALUES (126, 41, 'Present');
INSERT INTO attendance (student_id, session_id, status) VALUES (127, 41, 'Absent');
INSERT INTO attendance (student_id, session_id, status) VALUES (128, 41, 'Absent');
INSERT INTO attendance (student_id, session_id, status) VALUES (129, 41, 'Absent');
INSERT INTO attendance (student_id, session_id, status) VALUES (130, 41, 'Present');
INSERT INTO attendance (student_id, session_id, status) VALUES (131, 41, 'Late');
INSERT INTO attendance (student_id, session_id, status) VALUES (132, 41, 'Present');
INSERT INTO attendance (student_id, session_id, status) VALUES (133, 41, 'Present');
INSERT INTO attendance (student_id, session_id, status) VALUES (134, 41, 'Late');
INSERT INTO attendance (student_id, session_id, status) VALUES (135, 41, 'Absent');
INSERT INTO attendance (student_id, session_id, status) VALUES (136, 41, 'Absent');
INSERT INTO attendance (student_id, session_id, status) VALUES (137, 41, 'Absent');
INSERT INTO attendance (student_id, session_id, status) VALUES (138, 41, 'Present');
INSERT INTO attendance (student_id, session_id, status) VALUES (139, 41, 'Late');
INSERT INTO attendance (student_id, session_id, status) VALUES (140, 41, 'Absent');
INSERT INTO attendance (student_id, session_id, status) VALUES (141, 41, 'Late');
INSERT INTO attendance (student_id, session_id, status) VALUES (142, 41, 'Absent');
INSERT INTO attendance (student_id, session_id, status) VALUES (143, 41, 'Absent');
INSERT INTO attendance (student_id, session_id, status) VALUES (144, 41, 'Absent');
INSERT INTO attendance (student_id, session_id, status) VALUES (145, 41, 'Late');
INSERT INTO attendance (student_id, session_id, status) VALUES (146, 41, 'Late');
INSERT INTO attendance (student_id, session_id, status) VALUES (147, 41, 'Present');
INSERT INTO attendance (student_id, session_id, status) VALUES (148, 41, 'Present');
INSERT INTO attendance (student_id, session_id, status) VALUES (149, 41, 'Absent');
INSERT INTO attendance (student_id, session_id, status) VALUES (150, 41, 'Late');
INSERT INTO attendance (student_id, session_id, status) VALUES (151, 41, 'Late');
INSERT INTO attendance (student_id, session_id, status) VALUES (152, 41, 'Absent');
INSERT INTO attendance (student_id, session_id, status) VALUES (153, 41, 'Late');
INSERT INTO class_sessions (id, class_id, subject_id, session_date, teacher_id, room_id) VALUES (42, 4, 2, '2025-01-14 14:45:53', 1, 2);
INSERT INTO attendance (student_id, session_id, status) VALUES (115, 42, 'Absent');
INSERT INTO attendance (student_id, session_id, status) VALUES (116, 42, 'Late');
INSERT INTO attendance (student_id, session_id, status) VALUES (117, 42, 'Present');
INSERT INTO attendance (student_id, session_id, status) VALUES (118, 42, 'Present');
INSERT INTO attendance (student_id, session_id, status) VALUES (119, 42, 'Late');
INSERT INTO attendance (student_id, session_id, status) VALUES (120, 42, 'Present');
INSERT INTO attendance (student_id, session_id, status) VALUES (121, 42, 'Absent');
INSERT INTO attendance (student_id, session_id, status) VALUES (122, 42, 'Late');
INSERT INTO attendance (student_id, session_id, status) VALUES (123, 42, 'Absent');
INSERT INTO attendance (student_id, session_id, status) VALUES (124, 42, 'Late');
INSERT INTO attendance (student_id, session_id, status) VALUES (125, 42, 'Late');
INSERT INTO attendance (student_id, session_id, status) VALUES (126, 42, 'Late');
INSERT INTO attendance (student_id, session_id, status) VALUES (127, 42, 'Present');
INSERT INTO attendance (student_id, session_id, status) VALUES (128, 42, 'Absent');
INSERT INTO attendance (student_id, session_id, status) VALUES (129, 42, 'Present');
INSERT INTO attendance (student_id, session_id, status) VALUES (130, 42, 'Late');
INSERT INTO attendance (student_id, session_id, status) VALUES (131, 42, 'Absent');
INSERT INTO attendance (student_id, session_id, status) VALUES (132, 42, 'Present');
INSERT INTO attendance (student_id, session_id, status) VALUES (133, 42, 'Absent');
INSERT INTO attendance (student_id, session_id, status) VALUES (134, 42, 'Absent');
INSERT INTO attendance (student_id, session_id, status) VALUES (135, 42, 'Present');
INSERT INTO attendance (student_id, session_id, status) VALUES (136, 42, 'Present');
INSERT INTO attendance (student_id, session_id, status) VALUES (137, 42, 'Absent');
INSERT INTO attendance (student_id, session_id, status) VALUES (138, 42, 'Present');
INSERT INTO attendance (student_id, session_id, status) VALUES (139, 42, 'Present');
INSERT INTO attendance (student_id, session_id, status) VALUES (140, 42, 'Absent');
INSERT INTO attendance (student_id, session_id, status) VALUES (141, 42, 'Present');
INSERT INTO attendance (student_id, session_id, status) VALUES (142, 42, 'Late');
INSERT INTO attendance (student_id, session_id, status) VALUES (143, 42, 'Present');
INSERT INTO attendance (student_id, session_id, status) VALUES (144, 42, 'Absent');
INSERT INTO attendance (student_id, session_id, status) VALUES (145, 42, 'Late');
INSERT INTO attendance (student_id, session_id, status) VALUES (146, 42, 'Present');
INSERT INTO attendance (student_id, session_id, status) VALUES (147, 42, 'Absent');
INSERT INTO attendance (student_id, session_id, status) VALUES (148, 42, 'Present');
INSERT INTO attendance (student_id, session_id, status) VALUES (149, 42, 'Late');
INSERT INTO attendance (student_id, session_id, status) VALUES (150, 42, 'Present');
INSERT INTO attendance (student_id, session_id, status) VALUES (151, 42, 'Present');
INSERT INTO attendance (student_id, session_id, status) VALUES (152, 42, 'Late');
INSERT INTO attendance (student_id, session_id, status) VALUES (153, 42, 'Present');
INSERT INTO class_sessions (id, class_id, subject_id, session_date, teacher_id, room_id) VALUES (43, 4, 3, '2025-01-29 15:48:12', 3, 5);
INSERT INTO attendance (student_id, session_id, status) VALUES (115, 43, 'Late');
INSERT INTO attendance (student_id, session_id, status) VALUES (116, 43, 'Absent');
INSERT INTO attendance (student_id, session_id, status) VALUES (117, 43, 'Absent');
INSERT INTO attendance (student_id, session_id, status) VALUES (118, 43, 'Late');
INSERT INTO attendance (student_id, session_id, status) VALUES (119, 43, 'Late');
INSERT INTO attendance (student_id, session_id, status) VALUES (120, 43, 'Absent');
INSERT INTO attendance (student_id, session_id, status) VALUES (121, 43, 'Late');
INSERT INTO attendance (student_id, session_id, status) VALUES (122, 43, 'Absent');
INSERT INTO attendance (student_id, session_id, status) VALUES (123, 43, 'Absent');
INSERT INTO attendance (student_id, session_id, status) VALUES (124, 43, 'Absent');
INSERT INTO attendance (student_id, session_id, status) VALUES (125, 43, 'Late');
INSERT INTO attendance (student_id, session_id, status) VALUES (126, 43, 'Late');
INSERT INTO attendance (student_id, session_id, status) VALUES (127, 43, 'Present');
INSERT INTO attendance (student_id, session_id, status) VALUES (128, 43, 'Late');
INSERT INTO attendance (student_id, session_id, status) VALUES (129, 43, 'Present');
INSERT INTO attendance (student_id, session_id, status) VALUES (130, 43, 'Absent');
INSERT INTO attendance (student_id, session_id, status) VALUES (131, 43, 'Present');
INSERT INTO attendance (student_id, session_id, status) VALUES (132, 43, 'Late');
INSERT INTO attendance (student_id, session_id, status) VALUES (133, 43, 'Late');
INSERT INTO attendance (student_id, session_id, status) VALUES (134, 43, 'Present');
INSERT INTO attendance (student_id, session_id, status) VALUES (135, 43, 'Absent');
INSERT INTO attendance (student_id, session_id, status) VALUES (136, 43, 'Absent');
INSERT INTO attendance (student_id, session_id, status) VALUES (137, 43, 'Present');
INSERT INTO attendance (student_id, session_id, status) VALUES (138, 43, 'Absent');
INSERT INTO attendance (student_id, session_id, status) VALUES (139, 43, 'Absent');
INSERT INTO attendance (student_id, session_id, status) VALUES (140, 43, 'Absent');
INSERT INTO attendance (student_id, session_id, status) VALUES (141, 43, 'Absent');
INSERT INTO attendance (student_id, session_id, status) VALUES (142, 43, 'Present');
INSERT INTO attendance (student_id, session_id, status) VALUES (143, 43, 'Absent');
INSERT INTO attendance (student_id, session_id, status) VALUES (144, 43, 'Present');
INSERT INTO attendance (student_id, session_id, status) VALUES (145, 43, 'Absent');
INSERT INTO attendance (student_id, session_id, status) VALUES (146, 43, 'Present');
INSERT INTO attendance (student_id, session_id, status) VALUES (147, 43, 'Present');
INSERT INTO attendance (student_id, session_id, status) VALUES (148, 43, 'Absent');
INSERT INTO attendance (student_id, session_id, status) VALUES (149, 43, 'Present');
INSERT INTO attendance (student_id, session_id, status) VALUES (150, 43, 'Late');
INSERT INTO attendance (student_id, session_id, status) VALUES (151, 43, 'Present');
INSERT INTO attendance (student_id, session_id, status) VALUES (152, 43, 'Late');
INSERT INTO attendance (student_id, session_id, status) VALUES (153, 43, 'Present');
INSERT INTO class_sessions (id, class_id, subject_id, session_date, teacher_id, room_id) VALUES (44, 4, 3, '2025-03-09 17:37:24', 3, 5);
INSERT INTO attendance (student_id, session_id, status) VALUES (115, 44, 'Present');
INSERT INTO attendance (student_id, session_id, status) VALUES (116, 44, 'Late');
INSERT INTO attendance (student_id, session_id, status) VALUES (117, 44, 'Absent');
INSERT INTO attendance (student_id, session_id, status) VALUES (118, 44, 'Late');
INSERT INTO attendance (student_id, session_id, status) VALUES (119, 44, 'Absent');
INSERT INTO attendance (student_id, session_id, status) VALUES (120, 44, 'Absent');
INSERT INTO attendance (student_id, session_id, status) VALUES (121, 44, 'Present');
INSERT INTO attendance (student_id, session_id, status) VALUES (122, 44, 'Present');
INSERT INTO attendance (student_id, session_id, status) VALUES (123, 44, 'Late');
INSERT INTO attendance (student_id, session_id, status) VALUES (124, 44, 'Present');
INSERT INTO attendance (student_id, session_id, status) VALUES (125, 44, 'Late');
INSERT INTO attendance (student_id, session_id, status) VALUES (126, 44, 'Late');
INSERT INTO attendance (student_id, session_id, status) VALUES (127, 44, 'Absent');
INSERT INTO attendance (student_id, session_id, status) VALUES (128, 44, 'Absent');
INSERT INTO attendance (student_id, session_id, status) VALUES (129, 44, 'Absent');
INSERT INTO attendance (student_id, session_id, status) VALUES (130, 44, 'Present');
INSERT INTO attendance (student_id, session_id, status) VALUES (131, 44, 'Late');
INSERT INTO attendance (student_id, session_id, status) VALUES (132, 44, 'Late');
INSERT INTO attendance (student_id, session_id, status) VALUES (133, 44, 'Present');
INSERT INTO attendance (student_id, session_id, status) VALUES (134, 44, 'Late');
INSERT INTO attendance (student_id, session_id, status) VALUES (135, 44, 'Absent');
INSERT INTO attendance (student_id, session_id, status) VALUES (136, 44, 'Present');
INSERT INTO attendance (student_id, session_id, status) VALUES (137, 44, 'Late');
INSERT INTO attendance (student_id, session_id, status) VALUES (138, 44, 'Absent');
INSERT INTO attendance (student_id, session_id, status) VALUES (139, 44, 'Late');
INSERT INTO attendance (student_id, session_id, status) VALUES (140, 44, 'Absent');
INSERT INTO attendance (student_id, session_id, status) VALUES (141, 44, 'Late');
INSERT INTO attendance (student_id, session_id, status) VALUES (142, 44, 'Present');
INSERT INTO attendance (student_id, session_id, status) VALUES (143, 44, 'Absent');
INSERT INTO attendance (student_id, session_id, status) VALUES (144, 44, 'Late');
INSERT INTO attendance (student_id, session_id, status) VALUES (145, 44, 'Present');
INSERT INTO attendance (student_id, session_id, status) VALUES (146, 44, 'Present');
INSERT INTO attendance (student_id, session_id, status) VALUES (147, 44, 'Absent');
INSERT INTO attendance (student_id, session_id, status) VALUES (148, 44, 'Absent');
INSERT INTO attendance (student_id, session_id, status) VALUES (149, 44, 'Present');
INSERT INTO attendance (student_id, session_id, status) VALUES (150, 44, 'Absent');
INSERT INTO attendance (student_id, session_id, status) VALUES (151, 44, 'Late');
INSERT INTO attendance (student_id, session_id, status) VALUES (152, 44, 'Late');
INSERT INTO attendance (student_id, session_id, status) VALUES (153, 44, 'Absent');
INSERT INTO class_sessions (id, class_id, subject_id, session_date, teacher_id, room_id) VALUES (45, 4, 3, '2025-01-27 17:59:08', 3, 5);
INSERT INTO attendance (student_id, session_id, status) VALUES (115, 45, 'Present');
INSERT INTO attendance (student_id, session_id, status) VALUES (116, 45, 'Absent');
INSERT INTO attendance (student_id, session_id, status) VALUES (117, 45, 'Absent');
INSERT INTO attendance (student_id, session_id, status) VALUES (118, 45, 'Late');
INSERT INTO attendance (student_id, session_id, status) VALUES (119, 45, 'Absent');
INSERT INTO attendance (student_id, session_id, status) VALUES (120, 45, 'Present');
INSERT INTO attendance (student_id, session_id, status) VALUES (121, 45, 'Absent');
INSERT INTO attendance (student_id, session_id, status) VALUES (122, 45, 'Late');
INSERT INTO attendance (student_id, session_id, status) VALUES (123, 45, 'Late');
INSERT INTO attendance (student_id, session_id, status) VALUES (124, 45, 'Late');
INSERT INTO attendance (student_id, session_id, status) VALUES (125, 45, 'Absent');
INSERT INTO attendance (student_id, session_id, status) VALUES (126, 45, 'Late');
INSERT INTO attendance (student_id, session_id, status) VALUES (127, 45, 'Present');
INSERT INTO attendance (student_id, session_id, status) VALUES (128, 45, 'Late');
INSERT INTO attendance (student_id, session_id, status) VALUES (129, 45, 'Late');
INSERT INTO attendance (student_id, session_id, status) VALUES (130, 45, 'Late');
INSERT INTO attendance (student_id, session_id, status) VALUES (131, 45, 'Absent');
INSERT INTO attendance (student_id, session_id, status) VALUES (132, 45, 'Late');
INSERT INTO attendance (student_id, session_id, status) VALUES (133, 45, 'Present');
INSERT INTO attendance (student_id, session_id, status) VALUES (134, 45, 'Late');
INSERT INTO attendance (student_id, session_id, status) VALUES (135, 45, 'Absent');
INSERT INTO attendance (student_id, session_id, status) VALUES (136, 45, 'Late');
INSERT INTO attendance (student_id, session_id, status) VALUES (137, 45, 'Absent');
INSERT INTO attendance (student_id, session_id, status) VALUES (138, 45, 'Late');
INSERT INTO attendance (student_id, session_id, status) VALUES (139, 45, 'Present');
INSERT INTO attendance (student_id, session_id, status) VALUES (140, 45, 'Present');
INSERT INTO attendance (student_id, session_id, status) VALUES (141, 45, 'Present');
INSERT INTO attendance (student_id, session_id, status) VALUES (142, 45, 'Absent');
INSERT INTO attendance (student_id, session_id, status) VALUES (143, 45, 'Absent');
INSERT INTO attendance (student_id, session_id, status) VALUES (144, 45, 'Late');
INSERT INTO attendance (student_id, session_id, status) VALUES (145, 45, 'Present');
INSERT INTO attendance (student_id, session_id, status) VALUES (146, 45, 'Late');
INSERT INTO attendance (student_id, session_id, status) VALUES (147, 45, 'Present');
INSERT INTO attendance (student_id, session_id, status) VALUES (148, 45, 'Absent');
INSERT INTO attendance (student_id, session_id, status) VALUES (149, 45, 'Present');
INSERT INTO attendance (student_id, session_id, status) VALUES (150, 45, 'Present');
INSERT INTO attendance (student_id, session_id, status) VALUES (151, 45, 'Late');
INSERT INTO attendance (student_id, session_id, status) VALUES (152, 45, 'Present');
INSERT INTO attendance (student_id, session_id, status) VALUES (153, 45, 'Absent');
INSERT INTO class_sessions (id, class_id, subject_id, session_date, teacher_id, room_id) VALUES (46, 4, 4, '2025-01-14 17:58:04', 8, 4);
INSERT INTO attendance (student_id, session_id, status) VALUES (115, 46, 'Present');
INSERT INTO attendance (student_id, session_id, status) VALUES (116, 46, 'Present');
INSERT INTO attendance (student_id, session_id, status) VALUES (117, 46, 'Absent');
INSERT INTO attendance (student_id, session_id, status) VALUES (118, 46, 'Late');
INSERT INTO attendance (student_id, session_id, status) VALUES (119, 46, 'Present');
INSERT INTO attendance (student_id, session_id, status) VALUES (120, 46, 'Late');
INSERT INTO attendance (student_id, session_id, status) VALUES (121, 46, 'Absent');
INSERT INTO attendance (student_id, session_id, status) VALUES (122, 46, 'Present');
INSERT INTO attendance (student_id, session_id, status) VALUES (123, 46, 'Absent');
INSERT INTO attendance (student_id, session_id, status) VALUES (124, 46, 'Late');
INSERT INTO attendance (student_id, session_id, status) VALUES (125, 46, 'Present');
INSERT INTO attendance (student_id, session_id, status) VALUES (126, 46, 'Present');
INSERT INTO attendance (student_id, session_id, status) VALUES (127, 46, 'Present');
INSERT INTO attendance (student_id, session_id, status) VALUES (128, 46, 'Absent');
INSERT INTO attendance (student_id, session_id, status) VALUES (129, 46, 'Absent');
INSERT INTO attendance (student_id, session_id, status) VALUES (130, 46, 'Absent');
INSERT INTO attendance (student_id, session_id, status) VALUES (131, 46, 'Absent');
INSERT INTO attendance (student_id, session_id, status) VALUES (132, 46, 'Present');
INSERT INTO attendance (student_id, session_id, status) VALUES (133, 46, 'Late');
INSERT INTO attendance (student_id, session_id, status) VALUES (134, 46, 'Late');
INSERT INTO attendance (student_id, session_id, status) VALUES (135, 46, 'Present');
INSERT INTO attendance (student_id, session_id, status) VALUES (136, 46, 'Present');
INSERT INTO attendance (student_id, session_id, status) VALUES (137, 46, 'Absent');
INSERT INTO attendance (student_id, session_id, status) VALUES (138, 46, 'Absent');
INSERT INTO attendance (student_id, session_id, status) VALUES (139, 46, 'Late');
INSERT INTO attendance (student_id, session_id, status) VALUES (140, 46, 'Present');
INSERT INTO attendance (student_id, session_id, status) VALUES (141, 46, 'Absent');
INSERT INTO attendance (student_id, session_id, status) VALUES (142, 46, 'Present');
INSERT INTO attendance (student_id, session_id, status) VALUES (143, 46, 'Absent');
INSERT INTO attendance (student_id, session_id, status) VALUES (144, 46, 'Late');
INSERT INTO attendance (student_id, session_id, status) VALUES (145, 46, 'Absent');
INSERT INTO attendance (student_id, session_id, status) VALUES (146, 46, 'Present');
INSERT INTO attendance (student_id, session_id, status) VALUES (147, 46, 'Absent');
INSERT INTO attendance (student_id, session_id, status) VALUES (148, 46, 'Late');
INSERT INTO attendance (student_id, session_id, status) VALUES (149, 46, 'Absent');
INSERT INTO attendance (student_id, session_id, status) VALUES (150, 46, 'Absent');
INSERT INTO attendance (student_id, session_id, status) VALUES (151, 46, 'Present');
INSERT INTO attendance (student_id, session_id, status) VALUES (152, 46, 'Present');
INSERT INTO attendance (student_id, session_id, status) VALUES (153, 46, 'Absent');
INSERT INTO class_sessions (id, class_id, subject_id, session_date, teacher_id, room_id) VALUES (47, 4, 4, '2025-01-17 08:51:56', 8, 4);
INSERT INTO attendance (student_id, session_id, status) VALUES (115, 47, 'Absent');
INSERT INTO attendance (student_id, session_id, status) VALUES (116, 47, 'Present');
INSERT INTO attendance (student_id, session_id, status) VALUES (117, 47, 'Present');
INSERT INTO attendance (student_id, session_id, status) VALUES (118, 47, 'Late');
INSERT INTO attendance (student_id, session_id, status) VALUES (119, 47, 'Absent');
INSERT INTO attendance (student_id, session_id, status) VALUES (120, 47, 'Absent');
INSERT INTO attendance (student_id, session_id, status) VALUES (121, 47, 'Present');
INSERT INTO attendance (student_id, session_id, status) VALUES (122, 47, 'Late');
INSERT INTO attendance (student_id, session_id, status) VALUES (123, 47, 'Late');
INSERT INTO attendance (student_id, session_id, status) VALUES (124, 47, 'Late');
INSERT INTO attendance (student_id, session_id, status) VALUES (125, 47, 'Late');
INSERT INTO attendance (student_id, session_id, status) VALUES (126, 47, 'Late');
INSERT INTO attendance (student_id, session_id, status) VALUES (127, 47, 'Late');
INSERT INTO attendance (student_id, session_id, status) VALUES (128, 47, 'Late');
INSERT INTO attendance (student_id, session_id, status) VALUES (129, 47, 'Present');
INSERT INTO attendance (student_id, session_id, status) VALUES (130, 47, 'Present');
INSERT INTO attendance (student_id, session_id, status) VALUES (131, 47, 'Late');
INSERT INTO attendance (student_id, session_id, status) VALUES (132, 47, 'Late');
INSERT INTO attendance (student_id, session_id, status) VALUES (133, 47, 'Late');
INSERT INTO attendance (student_id, session_id, status) VALUES (134, 47, 'Present');
INSERT INTO attendance (student_id, session_id, status) VALUES (135, 47, 'Late');
INSERT INTO attendance (student_id, session_id, status) VALUES (136, 47, 'Late');
INSERT INTO attendance (student_id, session_id, status) VALUES (137, 47, 'Present');
INSERT INTO attendance (student_id, session_id, status) VALUES (138, 47, 'Late');
INSERT INTO attendance (student_id, session_id, status) VALUES (139, 47, 'Absent');
INSERT INTO attendance (student_id, session_id, status) VALUES (140, 47, 'Present');
INSERT INTO attendance (student_id, session_id, status) VALUES (141, 47, 'Late');
INSERT INTO attendance (student_id, session_id, status) VALUES (142, 47, 'Absent');
INSERT INTO attendance (student_id, session_id, status) VALUES (143, 47, 'Absent');
INSERT INTO attendance (student_id, session_id, status) VALUES (144, 47, 'Present');
INSERT INTO attendance (student_id, session_id, status) VALUES (145, 47, 'Late');
INSERT INTO attendance (student_id, session_id, status) VALUES (146, 47, 'Absent');
INSERT INTO attendance (student_id, session_id, status) VALUES (147, 47, 'Absent');
INSERT INTO attendance (student_id, session_id, status) VALUES (148, 47, 'Absent');
INSERT INTO attendance (student_id, session_id, status) VALUES (149, 47, 'Late');
INSERT INTO attendance (student_id, session_id, status) VALUES (150, 47, 'Late');
INSERT INTO attendance (student_id, session_id, status) VALUES (151, 47, 'Present');
INSERT INTO attendance (student_id, session_id, status) VALUES (152, 47, 'Present');
INSERT INTO attendance (student_id, session_id, status) VALUES (153, 47, 'Present');
INSERT INTO class_sessions (id, class_id, subject_id, session_date, teacher_id, room_id) VALUES (48, 4, 4, '2025-02-21 04:47:47', 8, 4);
INSERT INTO attendance (student_id, session_id, status) VALUES (115, 48, 'Absent');
INSERT INTO attendance (student_id, session_id, status) VALUES (116, 48, 'Absent');
INSERT INTO attendance (student_id, session_id, status) VALUES (117, 48, 'Present');
INSERT INTO attendance (student_id, session_id, status) VALUES (118, 48, 'Absent');
INSERT INTO attendance (student_id, session_id, status) VALUES (119, 48, 'Late');
INSERT INTO attendance (student_id, session_id, status) VALUES (120, 48, 'Present');
INSERT INTO attendance (student_id, session_id, status) VALUES (121, 48, 'Present');
INSERT INTO attendance (student_id, session_id, status) VALUES (122, 48, 'Absent');
INSERT INTO attendance (student_id, session_id, status) VALUES (123, 48, 'Absent');
INSERT INTO attendance (student_id, session_id, status) VALUES (124, 48, 'Present');
INSERT INTO attendance (student_id, session_id, status) VALUES (125, 48, 'Late');
INSERT INTO attendance (student_id, session_id, status) VALUES (126, 48, 'Present');
INSERT INTO attendance (student_id, session_id, status) VALUES (127, 48, 'Late');
INSERT INTO attendance (student_id, session_id, status) VALUES (128, 48, 'Present');
INSERT INTO attendance (student_id, session_id, status) VALUES (129, 48, 'Late');
INSERT INTO attendance (student_id, session_id, status) VALUES (130, 48, 'Late');
INSERT INTO attendance (student_id, session_id, status) VALUES (131, 48, 'Late');
INSERT INTO attendance (student_id, session_id, status) VALUES (132, 48, 'Present');
INSERT INTO attendance (student_id, session_id, status) VALUES (133, 48, 'Absent');
INSERT INTO attendance (student_id, session_id, status) VALUES (134, 48, 'Present');
INSERT INTO attendance (student_id, session_id, status) VALUES (135, 48, 'Present');
INSERT INTO attendance (student_id, session_id, status) VALUES (136, 48, 'Absent');
INSERT INTO attendance (student_id, session_id, status) VALUES (137, 48, 'Present');
INSERT INTO attendance (student_id, session_id, status) VALUES (138, 48, 'Late');
INSERT INTO attendance (student_id, session_id, status) VALUES (139, 48, 'Absent');
INSERT INTO attendance (student_id, session_id, status) VALUES (140, 48, 'Late');
INSERT INTO attendance (student_id, session_id, status) VALUES (141, 48, 'Present');
INSERT INTO attendance (student_id, session_id, status) VALUES (142, 48, 'Present');
INSERT INTO attendance (student_id, session_id, status) VALUES (143, 48, 'Late');
INSERT INTO attendance (student_id, session_id, status) VALUES (144, 48, 'Late');
INSERT INTO attendance (student_id, session_id, status) VALUES (145, 48, 'Late');
INSERT INTO attendance (student_id, session_id, status) VALUES (146, 48, 'Present');
INSERT INTO attendance (student_id, session_id, status) VALUES (147, 48, 'Present');
INSERT INTO attendance (student_id, session_id, status) VALUES (148, 48, 'Present');
INSERT INTO attendance (student_id, session_id, status) VALUES (149, 48, 'Present');
INSERT INTO attendance (student_id, session_id, status) VALUES (150, 48, 'Present');
INSERT INTO attendance (student_id, session_id, status) VALUES (151, 48, 'Absent');
INSERT INTO attendance (student_id, session_id, status) VALUES (152, 48, 'Absent');
INSERT INTO attendance (student_id, session_id, status) VALUES (153, 48, 'Late');
INSERT INTO marks (student_id, subject_id, mark, coefficient) VALUES (1, 1, 4.05, 1.0);
INSERT INTO marks (student_id, subject_id, mark, coefficient) VALUES (1, 2, 0.38, 2.5);
INSERT INTO marks (student_id, subject_id, mark, coefficient) VALUES (1, 3, 0.91, 2.0);
INSERT INTO marks (student_id, subject_id, mark, coefficient) VALUES (1, 4, 12.43, 2.5);
INSERT INTO marks (student_id, subject_id, mark, coefficient) VALUES (2, 1, 11.74, 3.0);
INSERT INTO marks (student_id, subject_id, mark, coefficient) VALUES (2, 2, 14.06, 2.0);
INSERT INTO marks (student_id, subject_id, mark, coefficient) VALUES (2, 3, 14.83, 3.0);
INSERT INTO marks (student_id, subject_id, mark, coefficient) VALUES (2, 4, 18.3, 3.0);
INSERT INTO marks (student_id, subject_id, mark, coefficient) VALUES (3, 1, 16.23, 1.5);
INSERT INTO marks (student_id, subject_id, mark, coefficient) VALUES (3, 2, 5.74, 2.5);
INSERT INTO marks (student_id, subject_id, mark, coefficient) VALUES (3, 3, 1.9, 2.5);
INSERT INTO marks (student_id, subject_id, mark, coefficient) VALUES (3, 4, 1.94, 2.5);
INSERT INTO marks (student_id, subject_id, mark, coefficient) VALUES (4, 1, 8.81, 1.0);
INSERT INTO marks (student_id, subject_id, mark, coefficient) VALUES (4, 2, 11.65, 2.0);
INSERT INTO marks (student_id, subject_id, mark, coefficient) VALUES (4, 3, 9.85, 2.5);
INSERT INTO marks (student_id, subject_id, mark, coefficient) VALUES (4, 4, 14.03, 2.0);
INSERT INTO marks (student_id, subject_id, mark, coefficient) VALUES (5, 1, 2.81, 2.5);
INSERT INTO marks (student_id, subject_id, mark, coefficient) VALUES (5, 2, 1.65, 3.0);
INSERT INTO marks (student_id, subject_id, mark, coefficient) VALUES (5, 3, 12.39, 1.5);
INSERT INTO marks (student_id, subject_id, mark, coefficient) VALUES (5, 4, 3.29, 2.0);
INSERT INTO marks (student_id, subject_id, mark, coefficient) VALUES (6, 1, 4.18, 1.0);
INSERT INTO marks (student_id, subject_id, mark, coefficient) VALUES (6, 2, 19.9, 1.5);
INSERT INTO marks (student_id, subject_id, mark, coefficient) VALUES (6, 3, 8.65, 1.5);
INSERT INTO marks (student_id, subject_id, mark, coefficient) VALUES (6, 4, 11.66, 1.0);
INSERT INTO marks (student_id, subject_id, mark, coefficient) VALUES (7, 1, 10.82, 1.5);
INSERT INTO marks (student_id, subject_id, mark, coefficient) VALUES (7, 2, 14.87, 3.0);
INSERT INTO marks (student_id, subject_id, mark, coefficient) VALUES (7, 3, 6.05, 2.5);
INSERT INTO marks (student_id, subject_id, mark, coefficient) VALUES (7, 4, 8.06, 1.5);
INSERT INTO marks (student_id, subject_id, mark, coefficient) VALUES (8, 1, 2.16, 1.0);
INSERT INTO marks (student_id, subject_id, mark, coefficient) VALUES (8, 2, 10.9, 1.5);
INSERT INTO marks (student_id, subject_id, mark, coefficient) VALUES (8, 3, 4.62, 3.0);
INSERT INTO marks (student_id, subject_id, mark, coefficient) VALUES (8, 4, 5.92, 1.0);
INSERT INTO marks (student_id, subject_id, mark, coefficient) VALUES (9, 1, 13.42, 1.0);
INSERT INTO marks (student_id, subject_id, mark, coefficient) VALUES (9, 2, 11.99, 2.5);
INSERT INTO marks (student_id, subject_id, mark, coefficient) VALUES (9, 3, 2.82, 3.0);
INSERT INTO marks (student_id, subject_id, mark, coefficient) VALUES (9, 4, 1.43, 3.0);
INSERT INTO marks (student_id, subject_id, mark, coefficient) VALUES (10, 1, 8.16, 2.5);
INSERT INTO marks (student_id, subject_id, mark, coefficient) VALUES (10, 2, 15.26, 3.0);
INSERT INTO marks (student_id, subject_id, mark, coefficient) VALUES (10, 3, 11.49, 2.5);
INSERT INTO marks (student_id, subject_id, mark, coefficient) VALUES (10, 4, 11.96, 1.5);
INSERT INTO marks (student_id, subject_id, mark, coefficient) VALUES (11, 1, 9.55, 1.5);
INSERT INTO marks (student_id, subject_id, mark, coefficient) VALUES (11, 2, 2.34, 3.0);
INSERT INTO marks (student_id, subject_id, mark, coefficient) VALUES (11, 3, 2.86, 3.0);
INSERT INTO marks (student_id, subject_id, mark, coefficient) VALUES (11, 4, 10.47, 1.0);
INSERT INTO marks (student_id, subject_id, mark, coefficient) VALUES (12, 1, 18.99, 1.5);
INSERT INTO marks (student_id, subject_id, mark, coefficient) VALUES (12, 2, 8.03, 1.0);
INSERT INTO marks (student_id, subject_id, mark, coefficient) VALUES (12, 3, 11.96, 1.5);
INSERT INTO marks (student_id, subject_id, mark, coefficient) VALUES (12, 4, 11.81, 1.0);
INSERT INTO marks (student_id, subject_id, mark, coefficient) VALUES (13, 1, 10.65, 2.5);
INSERT INTO marks (student_id, subject_id, mark, coefficient) VALUES (13, 2, 15.23, 3.0);
INSERT INTO marks (student_id, subject_id, mark, coefficient) VALUES (13, 3, 7.06, 1.0);
INSERT INTO marks (student_id, subject_id, mark, coefficient) VALUES (13, 4, 11.21, 1.0);
INSERT INTO marks (student_id, subject_id, mark, coefficient) VALUES (14, 1, 0.08, 1.0);
INSERT INTO marks (student_id, subject_id, mark, coefficient) VALUES (14, 2, 12.65, 1.0);
INSERT INTO marks (student_id, subject_id, mark, coefficient) VALUES (14, 3, 16.04, 2.5);
INSERT INTO marks (student_id, subject_id, mark, coefficient) VALUES (14, 4, 15.1, 3.0);
INSERT INTO marks (student_id, subject_id, mark, coefficient) VALUES (15, 1, 11.67, 2.5);
INSERT INTO marks (student_id, subject_id, mark, coefficient) VALUES (15, 2, 16.05, 2.5);
INSERT INTO marks (student_id, subject_id, mark, coefficient) VALUES (15, 3, 6.76, 1.0);
INSERT INTO marks (student_id, subject_id, mark, coefficient) VALUES (15, 4, 0.24, 3.0);
INSERT INTO marks (student_id, subject_id, mark, coefficient) VALUES (16, 1, 2.3, 1.5);
INSERT INTO marks (student_id, subject_id, mark, coefficient) VALUES (16, 2, 16.31, 2.5);
INSERT INTO marks (student_id, subject_id, mark, coefficient) VALUES (16, 3, 10.46, 3.0);
INSERT INTO marks (student_id, subject_id, mark, coefficient) VALUES (16, 4, 16.49, 2.5);
INSERT INTO marks (student_id, subject_id, mark, coefficient) VALUES (17, 1, 18.96, 1.0);
INSERT INTO marks (student_id, subject_id, mark, coefficient) VALUES (17, 2, 0.01, 2.5);
INSERT INTO marks (student_id, subject_id, mark, coefficient) VALUES (17, 3, 2.4, 1.5);
INSERT INTO marks (student_id, subject_id, mark, coefficient) VALUES (17, 4, 15.56, 3.0);
INSERT INTO marks (student_id, subject_id, mark, coefficient) VALUES (18, 1, 9.42, 1.5);
INSERT INTO marks (student_id, subject_id, mark, coefficient) VALUES (18, 2, 0.69, 2.0);
INSERT INTO marks (student_id, subject_id, mark, coefficient) VALUES (18, 3, 11.0, 1.0);
INSERT INTO marks (student_id, subject_id, mark, coefficient) VALUES (18, 4, 19.58, 1.0);
INSERT INTO marks (student_id, subject_id, mark, coefficient) VALUES (19, 1, 3.43, 2.0);
INSERT INTO marks (student_id, subject_id, mark, coefficient) VALUES (19, 2, 1.6, 1.0);
INSERT INTO marks (student_id, subject_id, mark, coefficient) VALUES (19, 3, 17.78, 1.5);
INSERT INTO marks (student_id, subject_id, mark, coefficient) VALUES (19, 4, 14.43, 1.0);
INSERT INTO marks (student_id, subject_id, mark, coefficient) VALUES (20, 1, 11.51, 2.0);
INSERT INTO marks (student_id, subject_id, mark, coefficient) VALUES (20, 2, 4.03, 2.5);
INSERT INTO marks (student_id, subject_id, mark, coefficient) VALUES (20, 3, 1.19, 3.0);
INSERT INTO marks (student_id, subject_id, mark, coefficient) VALUES (20, 4, 11.27, 2.5);
INSERT INTO marks (student_id, subject_id, mark, coefficient) VALUES (21, 1, 4.36, 1.5);
INSERT INTO marks (student_id, subject_id, mark, coefficient) VALUES (21, 2, 13.74, 3.0);
INSERT INTO marks (student_id, subject_id, mark, coefficient) VALUES (21, 3, 0.84, 1.0);
INSERT INTO marks (student_id, subject_id, mark, coefficient) VALUES (21, 4, 16.83, 1.5);
INSERT INTO marks (student_id, subject_id, mark, coefficient) VALUES (22, 1, 11.41, 2.0);
INSERT INTO marks (student_id, subject_id, mark, coefficient) VALUES (22, 2, 8.24, 2.0);
INSERT INTO marks (student_id, subject_id, mark, coefficient) VALUES (22, 3, 1.07, 1.5);
INSERT INTO marks (student_id, subject_id, mark, coefficient) VALUES (22, 4, 17.79, 2.0);
INSERT INTO marks (student_id, subject_id, mark, coefficient) VALUES (23, 1, 12.17, 2.0);
INSERT INTO marks (student_id, subject_id, mark, coefficient) VALUES (23, 2, 9.35, 1.5);
INSERT INTO marks (student_id, subject_id, mark, coefficient) VALUES (23, 3, 5.02, 1.0);
INSERT INTO marks (student_id, subject_id, mark, coefficient) VALUES (23, 4, 5.33, 2.5);
INSERT INTO marks (student_id, subject_id, mark, coefficient) VALUES (24, 1, 3.98, 1.0);
INSERT INTO marks (student_id, subject_id, mark, coefficient) VALUES (24, 2, 1.21, 3.0);
INSERT INTO marks (student_id, subject_id, mark, coefficient) VALUES (24, 3, 1.51, 3.0);
INSERT INTO marks (student_id, subject_id, mark, coefficient) VALUES (24, 4, 16.47, 3.0);
INSERT INTO marks (student_id, subject_id, mark, coefficient) VALUES (25, 1, 12.08, 3.0);
INSERT INTO marks (student_id, subject_id, mark, coefficient) VALUES (25, 2, 9.18, 3.0);
INSERT INTO marks (student_id, subject_id, mark, coefficient) VALUES (25, 3, 8.0, 1.5);
INSERT INTO marks (student_id, subject_id, mark, coefficient) VALUES (25, 4, 16.9, 1.5);
INSERT INTO marks (student_id, subject_id, mark, coefficient) VALUES (26, 1, 5.89, 2.5);
INSERT INTO marks (student_id, subject_id, mark, coefficient) VALUES (26, 2, 1.55, 1.0);
INSERT INTO marks (student_id, subject_id, mark, coefficient) VALUES (26, 3, 12.18, 2.5);
INSERT INTO marks (student_id, subject_id, mark, coefficient) VALUES (26, 4, 10.81, 1.0);
INSERT INTO marks (student_id, subject_id, mark, coefficient) VALUES (27, 1, 15.54, 2.0);
INSERT INTO marks (student_id, subject_id, mark, coefficient) VALUES (27, 2, 19.2, 1.5);
INSERT INTO marks (student_id, subject_id, mark, coefficient) VALUES (27, 3, 13.66, 1.0);
INSERT INTO marks (student_id, subject_id, mark, coefficient) VALUES (27, 4, 15.16, 1.5);
INSERT INTO marks (student_id, subject_id, mark, coefficient) VALUES (28, 1, 5.12, 2.5);
INSERT INTO marks (student_id, subject_id, mark, coefficient) VALUES (28, 2, 11.03, 3.0);
INSERT INTO marks (student_id, subject_id, mark, coefficient) VALUES (28, 3, 15.5, 3.0);
INSERT INTO marks (student_id, subject_id, mark, coefficient) VALUES (28, 4, 8.06, 2.0);
INSERT INTO marks (student_id, subject_id, mark, coefficient) VALUES (29, 1, 17.55, 3.0);
INSERT INTO marks (student_id, subject_id, mark, coefficient) VALUES (29, 2, 10.35, 3.0);
INSERT INTO marks (student_id, subject_id, mark, coefficient) VALUES (29, 3, 10.37, 3.0);
INSERT INTO marks (student_id, subject_id, mark, coefficient) VALUES (29, 4, 12.55, 1.5);
INSERT INTO marks (student_id, subject_id, mark, coefficient) VALUES (30, 1, 9.7, 3.0);
INSERT INTO marks (student_id, subject_id, mark, coefficient) VALUES (30, 2, 5.72, 1.0);
INSERT INTO marks (student_id, subject_id, mark, coefficient) VALUES (30, 3, 18.83, 2.5);
INSERT INTO marks (student_id, subject_id, mark, coefficient) VALUES (30, 4, 9.69, 2.5);
INSERT INTO marks (student_id, subject_id, mark, coefficient) VALUES (31, 1, 2.0, 3.0);
INSERT INTO marks (student_id, subject_id, mark, coefficient) VALUES (31, 2, 13.63, 1.5);
INSERT INTO marks (student_id, subject_id, mark, coefficient) VALUES (31, 3, 7.04, 1.0);
INSERT INTO marks (student_id, subject_id, mark, coefficient) VALUES (31, 4, 6.98, 1.0);
INSERT INTO marks (student_id, subject_id, mark, coefficient) VALUES (32, 1, 19.04, 2.0);
INSERT INTO marks (student_id, subject_id, mark, coefficient) VALUES (32, 2, 6.31, 1.5);
INSERT INTO marks (student_id, subject_id, mark, coefficient) VALUES (32, 3, 17.13, 2.0);
INSERT INTO marks (student_id, subject_id, mark, coefficient) VALUES (32, 4, 1.8, 3.0);
INSERT INTO marks (student_id, subject_id, mark, coefficient) VALUES (33, 1, 0.94, 2.5);
INSERT INTO marks (student_id, subject_id, mark, coefficient) VALUES (33, 2, 18.02, 2.5);
INSERT INTO marks (student_id, subject_id, mark, coefficient) VALUES (33, 3, 19.36, 3.0);
INSERT INTO marks (student_id, subject_id, mark, coefficient) VALUES (33, 4, 7.7, 2.5);
INSERT INTO marks (student_id, subject_id, mark, coefficient) VALUES (34, 1, 16.45, 2.0);
INSERT INTO marks (student_id, subject_id, mark, coefficient) VALUES (34, 2, 2.38, 2.5);
INSERT INTO marks (student_id, subject_id, mark, coefficient) VALUES (34, 3, 10.84, 2.0);
INSERT INTO marks (student_id, subject_id, mark, coefficient) VALUES (34, 4, 3.02, 1.5);
INSERT INTO marks (student_id, subject_id, mark, coefficient) VALUES (35, 1, 14.64, 2.0);
INSERT INTO marks (student_id, subject_id, mark, coefficient) VALUES (35, 2, 18.41, 2.5);
INSERT INTO marks (student_id, subject_id, mark, coefficient) VALUES (35, 3, 18.98, 1.5);
INSERT INTO marks (student_id, subject_id, mark, coefficient) VALUES (35, 4, 8.12, 2.0);
INSERT INTO marks (student_id, subject_id, mark, coefficient) VALUES (36, 1, 11.99, 2.5);
INSERT INTO marks (student_id, subject_id, mark, coefficient) VALUES (36, 2, 15.54, 2.5);
INSERT INTO marks (student_id, subject_id, mark, coefficient) VALUES (36, 3, 13.12, 2.0);
INSERT INTO marks (student_id, subject_id, mark, coefficient) VALUES (36, 4, 13.82, 2.0);
INSERT INTO marks (student_id, subject_id, mark, coefficient) VALUES (37, 1, 10.06, 3.0);
INSERT INTO marks (student_id, subject_id, mark, coefficient) VALUES (37, 2, 8.24, 2.0);
INSERT INTO marks (student_id, subject_id, mark, coefficient) VALUES (37, 3, 1.56, 3.0);
INSERT INTO marks (student_id, subject_id, mark, coefficient) VALUES (37, 4, 0.91, 3.0);
INSERT INTO marks (student_id, subject_id, mark, coefficient) VALUES (38, 1, 19.77, 2.0);
INSERT INTO marks (student_id, subject_id, mark, coefficient) VALUES (38, 2, 10.48, 2.0);
INSERT INTO marks (student_id, subject_id, mark, coefficient) VALUES (38, 3, 19.94, 3.0);
INSERT INTO marks (student_id, subject_id, mark, coefficient) VALUES (38, 4, 1.24, 1.5);
INSERT INTO marks (student_id, subject_id, mark, coefficient) VALUES (39, 1, 17.23, 3.0);
INSERT INTO marks (student_id, subject_id, mark, coefficient) VALUES (39, 2, 18.41, 2.0);
INSERT INTO marks (student_id, subject_id, mark, coefficient) VALUES (39, 3, 19.16, 2.0);
INSERT INTO marks (student_id, subject_id, mark, coefficient) VALUES (39, 4, 14.95, 2.5);
INSERT INTO marks (student_id, subject_id, mark, coefficient) VALUES (40, 1, 15.92, 1.5);
INSERT INTO marks (student_id, subject_id, mark, coefficient) VALUES (40, 2, 13.62, 1.5);
INSERT INTO marks (student_id, subject_id, mark, coefficient) VALUES (40, 3, 6.85, 1.0);
INSERT INTO marks (student_id, subject_id, mark, coefficient) VALUES (40, 4, 1.91, 2.0);
INSERT INTO marks (student_id, subject_id, mark, coefficient) VALUES (41, 1, 10.16, 3.0);
INSERT INTO marks (student_id, subject_id, mark, coefficient) VALUES (41, 2, 6.46, 2.0);
INSERT INTO marks (student_id, subject_id, mark, coefficient) VALUES (41, 3, 6.55, 1.0);
INSERT INTO marks (student_id, subject_id, mark, coefficient) VALUES (41, 4, 4.92, 3.0);
INSERT INTO marks (student_id, subject_id, mark, coefficient) VALUES (42, 1, 6.09, 2.0);
INSERT INTO marks (student_id, subject_id, mark, coefficient) VALUES (42, 2, 1.97, 2.0);
INSERT INTO marks (student_id, subject_id, mark, coefficient) VALUES (42, 3, 12.02, 1.5);
INSERT INTO marks (student_id, subject_id, mark, coefficient) VALUES (42, 4, 11.62, 2.5);
INSERT INTO marks (student_id, subject_id, mark, coefficient) VALUES (43, 1, 5.63, 3.0);
INSERT INTO marks (student_id, subject_id, mark, coefficient) VALUES (43, 2, 5.52, 2.0);
INSERT INTO marks (student_id, subject_id, mark, coefficient) VALUES (43, 3, 16.14, 2.0);
INSERT INTO marks (student_id, subject_id, mark, coefficient) VALUES (43, 4, 12.54, 2.5);
INSERT INTO marks (student_id, subject_id, mark, coefficient) VALUES (44, 1, 14.4, 1.5);
INSERT INTO marks (student_id, subject_id, mark, coefficient) VALUES (44, 2, 2.81, 1.5);
INSERT INTO marks (student_id, subject_id, mark, coefficient) VALUES (44, 3, 3.45, 1.0);
INSERT INTO marks (student_id, subject_id, mark, coefficient) VALUES (44, 4, 17.54, 3.0);
INSERT INTO marks (student_id, subject_id, mark, coefficient) VALUES (45, 1, 18.64, 2.5);
INSERT INTO marks (student_id, subject_id, mark, coefficient) VALUES (45, 2, 6.7, 1.0);
INSERT INTO marks (student_id, subject_id, mark, coefficient) VALUES (45, 3, 10.81, 2.5);
INSERT INTO marks (student_id, subject_id, mark, coefficient) VALUES (45, 4, 2.17, 3.0);
INSERT INTO marks (student_id, subject_id, mark, coefficient) VALUES (46, 1, 17.04, 2.5);
INSERT INTO marks (student_id, subject_id, mark, coefficient) VALUES (46, 2, 18.25, 3.0);
INSERT INTO marks (student_id, subject_id, mark, coefficient) VALUES (46, 3, 10.03, 2.0);
INSERT INTO marks (student_id, subject_id, mark, coefficient) VALUES (46, 4, 18.21, 2.5);
INSERT INTO marks (student_id, subject_id, mark, coefficient) VALUES (47, 1, 9.17, 2.5);
INSERT INTO marks (student_id, subject_id, mark, coefficient) VALUES (47, 2, 16.79, 2.5);
INSERT INTO marks (student_id, subject_id, mark, coefficient) VALUES (47, 3, 3.35, 2.5);
INSERT INTO marks (student_id, subject_id, mark, coefficient) VALUES (47, 4, 11.79, 1.0);
INSERT INTO marks (student_id, subject_id, mark, coefficient) VALUES (48, 1, 15.65, 2.0);
INSERT INTO marks (student_id, subject_id, mark, coefficient) VALUES (48, 2, 8.9, 2.0);
INSERT INTO marks (student_id, subject_id, mark, coefficient) VALUES (48, 3, 5.35, 2.5);
INSERT INTO marks (student_id, subject_id, mark, coefficient) VALUES (48, 4, 3.06, 3.0);
INSERT INTO marks (student_id, subject_id, mark, coefficient) VALUES (49, 1, 7.88, 1.5);
INSERT INTO marks (student_id, subject_id, mark, coefficient) VALUES (49, 2, 13.49, 1.5);
INSERT INTO marks (student_id, subject_id, mark, coefficient) VALUES (49, 3, 16.97, 1.5);
INSERT INTO marks (student_id, subject_id, mark, coefficient) VALUES (49, 4, 4.99, 1.0);
INSERT INTO marks (student_id, subject_id, mark, coefficient) VALUES (50, 1, 5.4, 2.0);
INSERT INTO marks (student_id, subject_id, mark, coefficient) VALUES (50, 2, 3.96, 3.0);
INSERT INTO marks (student_id, subject_id, mark, coefficient) VALUES (50, 3, 19.32, 2.5);
INSERT INTO marks (student_id, subject_id, mark, coefficient) VALUES (50, 4, 11.94, 2.0);
INSERT INTO marks (student_id, subject_id, mark, coefficient) VALUES (51, 1, 0.97, 2.5);
INSERT INTO marks (student_id, subject_id, mark, coefficient) VALUES (51, 2, 3.03, 2.0);
INSERT INTO marks (student_id, subject_id, mark, coefficient) VALUES (51, 3, 4.97, 1.5);
INSERT INTO marks (student_id, subject_id, mark, coefficient) VALUES (51, 4, 18.05, 1.0);
INSERT INTO marks (student_id, subject_id, mark, coefficient) VALUES (52, 1, 2.81, 1.5);
INSERT INTO marks (student_id, subject_id, mark, coefficient) VALUES (52, 2, 19.07, 3.0);
INSERT INTO marks (student_id, subject_id, mark, coefficient) VALUES (52, 3, 15.21, 1.5);
INSERT INTO marks (student_id, subject_id, mark, coefficient) VALUES (52, 4, 18.19, 3.0);
INSERT INTO marks (student_id, subject_id, mark, coefficient) VALUES (53, 1, 10.26, 2.5);
INSERT INTO marks (student_id, subject_id, mark, coefficient) VALUES (53, 2, 8.51, 2.0);
INSERT INTO marks (student_id, subject_id, mark, coefficient) VALUES (53, 3, 0.15, 3.0);
INSERT INTO marks (student_id, subject_id, mark, coefficient) VALUES (53, 4, 5.66, 1.5);
INSERT INTO marks (student_id, subject_id, mark, coefficient) VALUES (54, 1, 3.98, 1.5);
INSERT INTO marks (student_id, subject_id, mark, coefficient) VALUES (54, 2, 8.91, 2.0);
INSERT INTO marks (student_id, subject_id, mark, coefficient) VALUES (54, 3, 0.16, 3.0);
INSERT INTO marks (student_id, subject_id, mark, coefficient) VALUES (54, 4, 19.75, 2.5);
INSERT INTO marks (student_id, subject_id, mark, coefficient) VALUES (55, 1, 18.17, 1.5);
INSERT INTO marks (student_id, subject_id, mark, coefficient) VALUES (55, 2, 14.1, 1.0);
INSERT INTO marks (student_id, subject_id, mark, coefficient) VALUES (55, 3, 13.57, 2.5);
INSERT INTO marks (student_id, subject_id, mark, coefficient) VALUES (55, 4, 10.7, 1.0);
INSERT INTO marks (student_id, subject_id, mark, coefficient) VALUES (56, 1, 10.84, 2.5);
INSERT INTO marks (student_id, subject_id, mark, coefficient) VALUES (56, 2, 1.52, 1.0);
INSERT INTO marks (student_id, subject_id, mark, coefficient) VALUES (56, 3, 16.44, 2.0);
INSERT INTO marks (student_id, subject_id, mark, coefficient) VALUES (56, 4, 4.6, 3.0);
INSERT INTO marks (student_id, subject_id, mark, coefficient) VALUES (57, 1, 14.32, 3.0);
INSERT INTO marks (student_id, subject_id, mark, coefficient) VALUES (57, 2, 10.92, 2.5);
INSERT INTO marks (student_id, subject_id, mark, coefficient) VALUES (57, 3, 13.92, 2.0);
INSERT INTO marks (student_id, subject_id, mark, coefficient) VALUES (57, 4, 10.7, 2.5);
INSERT INTO marks (student_id, subject_id, mark, coefficient) VALUES (58, 1, 15.11, 1.0);
INSERT INTO marks (student_id, subject_id, mark, coefficient) VALUES (58, 2, 2.32, 2.5);
INSERT INTO marks (student_id, subject_id, mark, coefficient) VALUES (58, 3, 12.98, 1.5);
INSERT INTO marks (student_id, subject_id, mark, coefficient) VALUES (58, 4, 14.54, 1.5);
INSERT INTO marks (student_id, subject_id, mark, coefficient) VALUES (59, 1, 18.1, 3.0);
INSERT INTO marks (student_id, subject_id, mark, coefficient) VALUES (59, 2, 14.91, 2.5);
INSERT INTO marks (student_id, subject_id, mark, coefficient) VALUES (59, 3, 4.48, 2.0);
INSERT INTO marks (student_id, subject_id, mark, coefficient) VALUES (59, 4, 19.45, 1.0);
INSERT INTO marks (student_id, subject_id, mark, coefficient) VALUES (60, 1, 11.72, 2.0);
INSERT INTO marks (student_id, subject_id, mark, coefficient) VALUES (60, 2, 9.42, 2.5);
INSERT INTO marks (student_id, subject_id, mark, coefficient) VALUES (60, 3, 8.18, 2.0);
INSERT INTO marks (student_id, subject_id, mark, coefficient) VALUES (60, 4, 0.78, 1.5);
INSERT INTO marks (student_id, subject_id, mark, coefficient) VALUES (61, 1, 15.76, 1.0);
INSERT INTO marks (student_id, subject_id, mark, coefficient) VALUES (61, 2, 2.49, 1.5);
INSERT INTO marks (student_id, subject_id, mark, coefficient) VALUES (61, 3, 14.37, 3.0);
INSERT INTO marks (student_id, subject_id, mark, coefficient) VALUES (61, 4, 19.01, 2.5);
INSERT INTO marks (student_id, subject_id, mark, coefficient) VALUES (62, 1, 18.15, 2.5);
INSERT INTO marks (student_id, subject_id, mark, coefficient) VALUES (62, 2, 13.81, 3.0);
INSERT INTO marks (student_id, subject_id, mark, coefficient) VALUES (62, 3, 14.3, 1.5);
INSERT INTO marks (student_id, subject_id, mark, coefficient) VALUES (62, 4, 14.11, 3.0);
INSERT INTO marks (student_id, subject_id, mark, coefficient) VALUES (63, 1, 14.5, 2.5);
INSERT INTO marks (student_id, subject_id, mark, coefficient) VALUES (63, 2, 17.28, 3.0);
INSERT INTO marks (student_id, subject_id, mark, coefficient) VALUES (63, 3, 9.54, 1.0);
INSERT INTO marks (student_id, subject_id, mark, coefficient) VALUES (63, 4, 0.47, 3.0);
INSERT INTO marks (student_id, subject_id, mark, coefficient) VALUES (64, 1, 10.66, 1.5);
INSERT INTO marks (student_id, subject_id, mark, coefficient) VALUES (64, 2, 12.89, 3.0);
INSERT INTO marks (student_id, subject_id, mark, coefficient) VALUES (64, 3, 19.83, 1.0);
INSERT INTO marks (student_id, subject_id, mark, coefficient) VALUES (64, 4, 14.27, 2.0);
INSERT INTO marks (student_id, subject_id, mark, coefficient) VALUES (65, 1, 14.56, 1.0);
INSERT INTO marks (student_id, subject_id, mark, coefficient) VALUES (65, 2, 6.2, 1.0);
INSERT INTO marks (student_id, subject_id, mark, coefficient) VALUES (65, 3, 11.9, 3.0);
INSERT INTO marks (student_id, subject_id, mark, coefficient) VALUES (65, 4, 12.73, 3.0);
INSERT INTO marks (student_id, subject_id, mark, coefficient) VALUES (66, 1, 19.25, 3.0);
INSERT INTO marks (student_id, subject_id, mark, coefficient) VALUES (66, 2, 4.44, 2.5);
INSERT INTO marks (student_id, subject_id, mark, coefficient) VALUES (66, 3, 18.88, 1.5);
INSERT INTO marks (student_id, subject_id, mark, coefficient) VALUES (66, 4, 4.74, 1.0);
INSERT INTO marks (student_id, subject_id, mark, coefficient) VALUES (67, 1, 12.24, 3.0);
INSERT INTO marks (student_id, subject_id, mark, coefficient) VALUES (67, 2, 3.11, 2.5);
INSERT INTO marks (student_id, subject_id, mark, coefficient) VALUES (67, 3, 17.91, 2.5);
INSERT INTO marks (student_id, subject_id, mark, coefficient) VALUES (67, 4, 13.97, 3.0);
INSERT INTO marks (student_id, subject_id, mark, coefficient) VALUES (68, 1, 2.61, 2.5);
INSERT INTO marks (student_id, subject_id, mark, coefficient) VALUES (68, 2, 19.56, 1.0);
INSERT INTO marks (student_id, subject_id, mark, coefficient) VALUES (68, 3, 17.34, 1.0);
INSERT INTO marks (student_id, subject_id, mark, coefficient) VALUES (68, 4, 18.63, 1.0);
INSERT INTO marks (student_id, subject_id, mark, coefficient) VALUES (69, 1, 16.71, 2.5);
INSERT INTO marks (student_id, subject_id, mark, coefficient) VALUES (69, 2, 9.06, 2.5);
INSERT INTO marks (student_id, subject_id, mark, coefficient) VALUES (69, 3, 15.32, 2.0);
INSERT INTO marks (student_id, subject_id, mark, coefficient) VALUES (69, 4, 5.19, 2.5);
INSERT INTO marks (student_id, subject_id, mark, coefficient) VALUES (70, 1, 2.77, 3.0);
INSERT INTO marks (student_id, subject_id, mark, coefficient) VALUES (70, 2, 15.72, 1.0);
INSERT INTO marks (student_id, subject_id, mark, coefficient) VALUES (70, 3, 10.89, 1.0);
INSERT INTO marks (student_id, subject_id, mark, coefficient) VALUES (70, 4, 12.23, 1.5);
INSERT INTO marks (student_id, subject_id, mark, coefficient) VALUES (71, 1, 16.84, 2.5);
INSERT INTO marks (student_id, subject_id, mark, coefficient) VALUES (71, 2, 0.24, 1.5);
INSERT INTO marks (student_id, subject_id, mark, coefficient) VALUES (71, 3, 11.08, 2.5);
INSERT INTO marks (student_id, subject_id, mark, coefficient) VALUES (71, 4, 3.77, 1.5);
INSERT INTO marks (student_id, subject_id, mark, coefficient) VALUES (72, 1, 14.9, 3.0);
INSERT INTO marks (student_id, subject_id, mark, coefficient) VALUES (72, 2, 8.24, 3.0);
INSERT INTO marks (student_id, subject_id, mark, coefficient) VALUES (72, 3, 10.68, 2.5);
INSERT INTO marks (student_id, subject_id, mark, coefficient) VALUES (72, 4, 13.74, 2.5);
INSERT INTO marks (student_id, subject_id, mark, coefficient) VALUES (73, 1, 11.05, 3.0);
INSERT INTO marks (student_id, subject_id, mark, coefficient) VALUES (73, 2, 8.02, 1.0);
INSERT INTO marks (student_id, subject_id, mark, coefficient) VALUES (73, 3, 11.65, 1.0);
INSERT INTO marks (student_id, subject_id, mark, coefficient) VALUES (73, 4, 5.54, 2.5);
INSERT INTO marks (student_id, subject_id, mark, coefficient) VALUES (74, 1, 7.34, 1.0);
INSERT INTO marks (student_id, subject_id, mark, coefficient) VALUES (74, 2, 10.37, 3.0);
INSERT INTO marks (student_id, subject_id, mark, coefficient) VALUES (74, 3, 15.36, 2.5);
INSERT INTO marks (student_id, subject_id, mark, coefficient) VALUES (74, 4, 0.29, 2.5);
INSERT INTO marks (student_id, subject_id, mark, coefficient) VALUES (75, 1, 18.07, 2.5);
INSERT INTO marks (student_id, subject_id, mark, coefficient) VALUES (75, 2, 7.38, 2.0);
INSERT INTO marks (student_id, subject_id, mark, coefficient) VALUES (75, 3, 4.24, 1.5);
INSERT INTO marks (student_id, subject_id, mark, coefficient) VALUES (75, 4, 4.25, 2.5);
INSERT INTO marks (student_id, subject_id, mark, coefficient) VALUES (76, 1, 7.54, 1.0);
INSERT INTO marks (student_id, subject_id, mark, coefficient) VALUES (76, 2, 8.72, 2.5);
INSERT INTO marks (student_id, subject_id, mark, coefficient) VALUES (76, 3, 3.96, 3.0);
INSERT INTO marks (student_id, subject_id, mark, coefficient) VALUES (76, 4, 1.17, 2.5);
INSERT INTO marks (student_id, subject_id, mark, coefficient) VALUES (77, 1, 1.4, 2.0);
INSERT INTO marks (student_id, subject_id, mark, coefficient) VALUES (77, 2, 15.52, 1.5);
INSERT INTO marks (student_id, subject_id, mark, coefficient) VALUES (77, 3, 18.77, 2.5);
INSERT INTO marks (student_id, subject_id, mark, coefficient) VALUES (77, 4, 2.53, 2.0);
INSERT INTO marks (student_id, subject_id, mark, coefficient) VALUES (78, 1, 13.65, 2.0);
INSERT INTO marks (student_id, subject_id, mark, coefficient) VALUES (78, 2, 2.67, 1.0);
INSERT INTO marks (student_id, subject_id, mark, coefficient) VALUES (78, 3, 13.72, 1.0);
INSERT INTO marks (student_id, subject_id, mark, coefficient) VALUES (78, 4, 8.64, 3.0);
INSERT INTO marks (student_id, subject_id, mark, coefficient) VALUES (79, 1, 11.26, 2.0);
INSERT INTO marks (student_id, subject_id, mark, coefficient) VALUES (79, 2, 16.21, 3.0);
INSERT INTO marks (student_id, subject_id, mark, coefficient) VALUES (79, 3, 5.31, 1.5);
INSERT INTO marks (student_id, subject_id, mark, coefficient) VALUES (79, 4, 10.13, 3.0);
INSERT INTO marks (student_id, subject_id, mark, coefficient) VALUES (80, 1, 0.47, 1.0);
INSERT INTO marks (student_id, subject_id, mark, coefficient) VALUES (80, 2, 0.12, 3.0);
INSERT INTO marks (student_id, subject_id, mark, coefficient) VALUES (80, 3, 19.37, 1.5);
INSERT INTO marks (student_id, subject_id, mark, coefficient) VALUES (80, 4, 2.25, 1.5);
INSERT INTO marks (student_id, subject_id, mark, coefficient) VALUES (81, 1, 12.19, 2.0);
INSERT INTO marks (student_id, subject_id, mark, coefficient) VALUES (81, 2, 19.66, 1.0);
INSERT INTO marks (student_id, subject_id, mark, coefficient) VALUES (81, 3, 13.58, 1.5);
INSERT INTO marks (student_id, subject_id, mark, coefficient) VALUES (81, 4, 2.5, 3.0);
INSERT INTO marks (student_id, subject_id, mark, coefficient) VALUES (82, 1, 1.95, 1.5);
INSERT INTO marks (student_id, subject_id, mark, coefficient) VALUES (82, 2, 15.91, 2.5);
INSERT INTO marks (student_id, subject_id, mark, coefficient) VALUES (82, 3, 11.27, 3.0);
INSERT INTO marks (student_id, subject_id, mark, coefficient) VALUES (82, 4, 17.79, 1.5);
INSERT INTO marks (student_id, subject_id, mark, coefficient) VALUES (83, 1, 14.5, 2.5);
INSERT INTO marks (student_id, subject_id, mark, coefficient) VALUES (83, 2, 13.81, 3.0);
INSERT INTO marks (student_id, subject_id, mark, coefficient) VALUES (83, 3, 14.51, 2.5);
INSERT INTO marks (student_id, subject_id, mark, coefficient) VALUES (83, 4, 5.9, 1.5);
INSERT INTO marks (student_id, subject_id, mark, coefficient) VALUES (84, 1, 15.39, 2.5);
INSERT INTO marks (student_id, subject_id, mark, coefficient) VALUES (84, 2, 0.64, 1.0);
INSERT INTO marks (student_id, subject_id, mark, coefficient) VALUES (84, 3, 10.25, 3.0);
INSERT INTO marks (student_id, subject_id, mark, coefficient) VALUES (84, 4, 15.17, 1.0);
INSERT INTO marks (student_id, subject_id, mark, coefficient) VALUES (85, 1, 5.42, 2.0);
INSERT INTO marks (student_id, subject_id, mark, coefficient) VALUES (85, 2, 8.35, 2.0);
INSERT INTO marks (student_id, subject_id, mark, coefficient) VALUES (85, 3, 19.13, 1.5);
INSERT INTO marks (student_id, subject_id, mark, coefficient) VALUES (85, 4, 2.57, 1.5);
INSERT INTO marks (student_id, subject_id, mark, coefficient) VALUES (86, 1, 19.77, 1.5);
INSERT INTO marks (student_id, subject_id, mark, coefficient) VALUES (86, 2, 10.36, 2.5);
INSERT INTO marks (student_id, subject_id, mark, coefficient) VALUES (86, 3, 19.08, 1.0);
INSERT INTO marks (student_id, subject_id, mark, coefficient) VALUES (86, 4, 9.09, 2.5);
INSERT INTO marks (student_id, subject_id, mark, coefficient) VALUES (87, 1, 6.03, 1.0);
INSERT INTO marks (student_id, subject_id, mark, coefficient) VALUES (87, 2, 7.69, 1.0);
INSERT INTO marks (student_id, subject_id, mark, coefficient) VALUES (87, 3, 12.74, 2.5);
INSERT INTO marks (student_id, subject_id, mark, coefficient) VALUES (87, 4, 7.83, 1.0);
INSERT INTO marks (student_id, subject_id, mark, coefficient) VALUES (88, 1, 14.98, 3.0);
INSERT INTO marks (student_id, subject_id, mark, coefficient) VALUES (88, 2, 12.48, 1.5);
INSERT INTO marks (student_id, subject_id, mark, coefficient) VALUES (88, 3, 15.65, 1.5);
INSERT INTO marks (student_id, subject_id, mark, coefficient) VALUES (88, 4, 13.9, 3.0);
INSERT INTO marks (student_id, subject_id, mark, coefficient) VALUES (89, 1, 4.54, 2.5);
INSERT INTO marks (student_id, subject_id, mark, coefficient) VALUES (89, 2, 15.39, 1.5);
INSERT INTO marks (student_id, subject_id, mark, coefficient) VALUES (89, 3, 14.15, 2.5);
INSERT INTO marks (student_id, subject_id, mark, coefficient) VALUES (89, 4, 5.36, 1.0);
INSERT INTO marks (student_id, subject_id, mark, coefficient) VALUES (90, 1, 9.23, 3.0);
INSERT INTO marks (student_id, subject_id, mark, coefficient) VALUES (90, 2, 16.34, 1.5);
INSERT INTO marks (student_id, subject_id, mark, coefficient) VALUES (90, 3, 4.53, 1.0);
INSERT INTO marks (student_id, subject_id, mark, coefficient) VALUES (90, 4, 1.37, 3.0);
INSERT INTO marks (student_id, subject_id, mark, coefficient) VALUES (91, 1, 4.27, 2.0);
INSERT INTO marks (student_id, subject_id, mark, coefficient) VALUES (91, 2, 15.51, 2.0);
INSERT INTO marks (student_id, subject_id, mark, coefficient) VALUES (91, 3, 19.18, 2.5);
INSERT INTO marks (student_id, subject_id, mark, coefficient) VALUES (91, 4, 17.76, 2.5);
INSERT INTO marks (student_id, subject_id, mark, coefficient) VALUES (92, 1, 6.34, 3.0);
INSERT INTO marks (student_id, subject_id, mark, coefficient) VALUES (92, 2, 15.38, 2.0);
INSERT INTO marks (student_id, subject_id, mark, coefficient) VALUES (92, 3, 8.99, 1.5);
INSERT INTO marks (student_id, subject_id, mark, coefficient) VALUES (92, 4, 8.25, 2.0);
INSERT INTO marks (student_id, subject_id, mark, coefficient) VALUES (93, 1, 4.23, 1.0);
INSERT INTO marks (student_id, subject_id, mark, coefficient) VALUES (93, 2, 2.32, 1.0);
INSERT INTO marks (student_id, subject_id, mark, coefficient) VALUES (93, 3, 19.99, 3.0);
INSERT INTO marks (student_id, subject_id, mark, coefficient) VALUES (93, 4, 4.5, 2.0);
INSERT INTO marks (student_id, subject_id, mark, coefficient) VALUES (94, 1, 17.07, 2.0);
INSERT INTO marks (student_id, subject_id, mark, coefficient) VALUES (94, 2, 19.04, 2.0);
INSERT INTO marks (student_id, subject_id, mark, coefficient) VALUES (94, 3, 12.33, 1.5);
INSERT INTO marks (student_id, subject_id, mark, coefficient) VALUES (94, 4, 3.06, 2.0);
INSERT INTO marks (student_id, subject_id, mark, coefficient) VALUES (95, 1, 4.18, 1.0);
INSERT INTO marks (student_id, subject_id, mark, coefficient) VALUES (95, 2, 10.19, 2.0);
INSERT INTO marks (student_id, subject_id, mark, coefficient) VALUES (95, 3, 7.26, 2.0);
INSERT INTO marks (student_id, subject_id, mark, coefficient) VALUES (95, 4, 8.08, 1.0);
INSERT INTO marks (student_id, subject_id, mark, coefficient) VALUES (96, 1, 10.51, 2.5);
INSERT INTO marks (student_id, subject_id, mark, coefficient) VALUES (96, 2, 0.55, 2.0);
INSERT INTO marks (student_id, subject_id, mark, coefficient) VALUES (96, 3, 14.65, 3.0);
INSERT INTO marks (student_id, subject_id, mark, coefficient) VALUES (96, 4, 6.1, 3.0);
INSERT INTO marks (student_id, subject_id, mark, coefficient) VALUES (97, 1, 5.9, 1.5);
INSERT INTO marks (student_id, subject_id, mark, coefficient) VALUES (97, 2, 13.14, 3.0);
INSERT INTO marks (student_id, subject_id, mark, coefficient) VALUES (97, 3, 16.39, 2.0);
INSERT INTO marks (student_id, subject_id, mark, coefficient) VALUES (97, 4, 10.15, 1.0);
INSERT INTO marks (student_id, subject_id, mark, coefficient) VALUES (98, 1, 9.33, 2.0);
INSERT INTO marks (student_id, subject_id, mark, coefficient) VALUES (98, 2, 14.83, 1.0);
INSERT INTO marks (student_id, subject_id, mark, coefficient) VALUES (98, 3, 2.73, 2.0);
INSERT INTO marks (student_id, subject_id, mark, coefficient) VALUES (98, 4, 18.47, 1.5);
INSERT INTO marks (student_id, subject_id, mark, coefficient) VALUES (99, 1, 7.65, 1.5);
INSERT INTO marks (student_id, subject_id, mark, coefficient) VALUES (99, 2, 2.15, 1.0);
INSERT INTO marks (student_id, subject_id, mark, coefficient) VALUES (99, 3, 15.09, 1.0);
INSERT INTO marks (student_id, subject_id, mark, coefficient) VALUES (99, 4, 18.07, 3.0);
INSERT INTO marks (student_id, subject_id, mark, coefficient) VALUES (100, 1, 19.48, 3.0);
INSERT INTO marks (student_id, subject_id, mark, coefficient) VALUES (100, 2, 17.8, 3.0);
INSERT INTO marks (student_id, subject_id, mark, coefficient) VALUES (100, 3, 0.36, 2.5);
INSERT INTO marks (student_id, subject_id, mark, coefficient) VALUES (100, 4, 17.84, 1.0);
INSERT INTO marks (student_id, subject_id, mark, coefficient) VALUES (101, 1, 17.44, 1.5);
INSERT INTO marks (student_id, subject_id, mark, coefficient) VALUES (101, 2, 17.47, 1.0);
INSERT INTO marks (student_id, subject_id, mark, coefficient) VALUES (101, 3, 17.65, 2.0);
INSERT INTO marks (student_id, subject_id, mark, coefficient) VALUES (101, 4, 17.68, 1.5);
INSERT INTO marks (student_id, subject_id, mark, coefficient) VALUES (102, 1, 16.69, 3.0);
INSERT INTO marks (student_id, subject_id, mark, coefficient) VALUES (102, 2, 14.09, 1.5);
INSERT INTO marks (student_id, subject_id, mark, coefficient) VALUES (102, 3, 19.53, 1.0);
INSERT INTO marks (student_id, subject_id, mark, coefficient) VALUES (102, 4, 13.28, 2.0);
INSERT INTO marks (student_id, subject_id, mark, coefficient) VALUES (103, 1, 0.65, 1.5);
INSERT INTO marks (student_id, subject_id, mark, coefficient) VALUES (103, 2, 0.97, 3.0);
INSERT INTO marks (student_id, subject_id, mark, coefficient) VALUES (103, 3, 5.81, 2.5);
INSERT INTO marks (student_id, subject_id, mark, coefficient) VALUES (103, 4, 13.21, 1.5);
INSERT INTO marks (student_id, subject_id, mark, coefficient) VALUES (104, 1, 9.77, 1.0);
INSERT INTO marks (student_id, subject_id, mark, coefficient) VALUES (104, 2, 18.27, 1.5);
INSERT INTO marks (student_id, subject_id, mark, coefficient) VALUES (104, 3, 7.27, 3.0);
INSERT INTO marks (student_id, subject_id, mark, coefficient) VALUES (104, 4, 1.83, 1.0);
INSERT INTO marks (student_id, subject_id, mark, coefficient) VALUES (105, 1, 13.35, 3.0);
INSERT INTO marks (student_id, subject_id, mark, coefficient) VALUES (105, 2, 19.01, 2.0);
INSERT INTO marks (student_id, subject_id, mark, coefficient) VALUES (105, 3, 5.85, 2.5);
INSERT INTO marks (student_id, subject_id, mark, coefficient) VALUES (105, 4, 12.78, 2.0);
INSERT INTO marks (student_id, subject_id, mark, coefficient) VALUES (106, 1, 4.71, 1.0);
INSERT INTO marks (student_id, subject_id, mark, coefficient) VALUES (106, 2, 15.25, 2.5);
INSERT INTO marks (student_id, subject_id, mark, coefficient) VALUES (106, 3, 1.7, 2.5);
INSERT INTO marks (student_id, subject_id, mark, coefficient) VALUES (106, 4, 8.05, 3.0);
INSERT INTO marks (student_id, subject_id, mark, coefficient) VALUES (107, 1, 10.21, 1.0);
INSERT INTO marks (student_id, subject_id, mark, coefficient) VALUES (107, 2, 4.3, 1.0);
INSERT INTO marks (student_id, subject_id, mark, coefficient) VALUES (107, 3, 17.5, 1.5);
INSERT INTO marks (student_id, subject_id, mark, coefficient) VALUES (107, 4, 10.5, 2.0);
INSERT INTO marks (student_id, subject_id, mark, coefficient) VALUES (108, 1, 10.05, 1.5);
INSERT INTO marks (student_id, subject_id, mark, coefficient) VALUES (108, 2, 3.67, 1.0);
INSERT INTO marks (student_id, subject_id, mark, coefficient) VALUES (108, 3, 16.64, 1.0);
INSERT INTO marks (student_id, subject_id, mark, coefficient) VALUES (108, 4, 16.05, 2.5);
INSERT INTO marks (student_id, subject_id, mark, coefficient) VALUES (109, 1, 1.72, 2.5);
INSERT INTO marks (student_id, subject_id, mark, coefficient) VALUES (109, 2, 16.49, 1.0);
INSERT INTO marks (student_id, subject_id, mark, coefficient) VALUES (109, 3, 8.72, 1.5);
INSERT INTO marks (student_id, subject_id, mark, coefficient) VALUES (109, 4, 9.89, 1.0);
INSERT INTO marks (student_id, subject_id, mark, coefficient) VALUES (110, 1, 11.02, 3.0);
INSERT INTO marks (student_id, subject_id, mark, coefficient) VALUES (110, 2, 15.19, 1.5);
INSERT INTO marks (student_id, subject_id, mark, coefficient) VALUES (110, 3, 5.35, 3.0);
INSERT INTO marks (student_id, subject_id, mark, coefficient) VALUES (110, 4, 10.16, 2.5);
INSERT INTO marks (student_id, subject_id, mark, coefficient) VALUES (111, 1, 18.12, 2.5);
INSERT INTO marks (student_id, subject_id, mark, coefficient) VALUES (111, 2, 0.18, 1.5);
INSERT INTO marks (student_id, subject_id, mark, coefficient) VALUES (111, 3, 4.15, 3.0);
INSERT INTO marks (student_id, subject_id, mark, coefficient) VALUES (111, 4, 4.85, 2.0);
INSERT INTO marks (student_id, subject_id, mark, coefficient) VALUES (112, 1, 13.32, 3.0);
INSERT INTO marks (student_id, subject_id, mark, coefficient) VALUES (112, 2, 2.31, 2.5);
INSERT INTO marks (student_id, subject_id, mark, coefficient) VALUES (112, 3, 11.56, 3.0);
INSERT INTO marks (student_id, subject_id, mark, coefficient) VALUES (112, 4, 0.73, 1.5);
INSERT INTO marks (student_id, subject_id, mark, coefficient) VALUES (113, 1, 1.91, 1.0);
INSERT INTO marks (student_id, subject_id, mark, coefficient) VALUES (113, 2, 2.3, 2.0);
INSERT INTO marks (student_id, subject_id, mark, coefficient) VALUES (113, 3, 3.9, 2.5);
INSERT INTO marks (student_id, subject_id, mark, coefficient) VALUES (113, 4, 6.86, 2.5);
INSERT INTO marks (student_id, subject_id, mark, coefficient) VALUES (114, 1, 7.04, 3.0);
INSERT INTO marks (student_id, subject_id, mark, coefficient) VALUES (114, 2, 19.77, 2.0);
INSERT INTO marks (student_id, subject_id, mark, coefficient) VALUES (114, 3, 17.62, 2.5);
INSERT INTO marks (student_id, subject_id, mark, coefficient) VALUES (114, 4, 0.08, 1.0);
INSERT INTO marks (student_id, subject_id, mark, coefficient) VALUES (115, 1, 4.88, 2.0);
INSERT INTO marks (student_id, subject_id, mark, coefficient) VALUES (115, 2, 9.64, 2.0);
INSERT INTO marks (student_id, subject_id, mark, coefficient) VALUES (115, 3, 6.13, 3.0);
INSERT INTO marks (student_id, subject_id, mark, coefficient) VALUES (115, 4, 17.81, 3.0);
INSERT INTO marks (student_id, subject_id, mark, coefficient) VALUES (116, 1, 17.48, 1.0);
INSERT INTO marks (student_id, subject_id, mark, coefficient) VALUES (116, 2, 9.11, 1.5);
INSERT INTO marks (student_id, subject_id, mark, coefficient) VALUES (116, 3, 3.19, 2.5);
INSERT INTO marks (student_id, subject_id, mark, coefficient) VALUES (116, 4, 11.34, 2.5);
INSERT INTO marks (student_id, subject_id, mark, coefficient) VALUES (117, 1, 17.55, 3.0);
INSERT INTO marks (student_id, subject_id, mark, coefficient) VALUES (117, 2, 4.44, 2.5);
INSERT INTO marks (student_id, subject_id, mark, coefficient) VALUES (117, 3, 14.89, 3.0);
INSERT INTO marks (student_id, subject_id, mark, coefficient) VALUES (117, 4, 0.16, 3.0);
INSERT INTO marks (student_id, subject_id, mark, coefficient) VALUES (118, 1, 5.72, 1.5);
INSERT INTO marks (student_id, subject_id, mark, coefficient) VALUES (118, 2, 6.77, 1.0);
INSERT INTO marks (student_id, subject_id, mark, coefficient) VALUES (118, 3, 6.21, 3.0);
INSERT INTO marks (student_id, subject_id, mark, coefficient) VALUES (118, 4, 19.79, 2.0);
INSERT INTO marks (student_id, subject_id, mark, coefficient) VALUES (119, 1, 13.67, 2.5);
INSERT INTO marks (student_id, subject_id, mark, coefficient) VALUES (119, 2, 4.55, 1.0);
INSERT INTO marks (student_id, subject_id, mark, coefficient) VALUES (119, 3, 7.04, 1.0);
INSERT INTO marks (student_id, subject_id, mark, coefficient) VALUES (119, 4, 9.55, 2.0);
INSERT INTO marks (student_id, subject_id, mark, coefficient) VALUES (120, 1, 0.14, 2.0);
INSERT INTO marks (student_id, subject_id, mark, coefficient) VALUES (120, 2, 16.61, 2.5);
INSERT INTO marks (student_id, subject_id, mark, coefficient) VALUES (120, 3, 11.5, 2.0);
INSERT INTO marks (student_id, subject_id, mark, coefficient) VALUES (120, 4, 0.07, 2.5);
INSERT INTO marks (student_id, subject_id, mark, coefficient) VALUES (121, 1, 2.93, 3.0);
INSERT INTO marks (student_id, subject_id, mark, coefficient) VALUES (121, 2, 9.87, 1.5);
INSERT INTO marks (student_id, subject_id, mark, coefficient) VALUES (121, 3, 1.52, 1.0);
INSERT INTO marks (student_id, subject_id, mark, coefficient) VALUES (121, 4, 16.28, 3.0);
INSERT INTO marks (student_id, subject_id, mark, coefficient) VALUES (122, 1, 16.33, 2.0);
INSERT INTO marks (student_id, subject_id, mark, coefficient) VALUES (122, 2, 19.27, 3.0);
INSERT INTO marks (student_id, subject_id, mark, coefficient) VALUES (122, 3, 2.32, 3.0);
INSERT INTO marks (student_id, subject_id, mark, coefficient) VALUES (122, 4, 9.03, 1.0);
INSERT INTO marks (student_id, subject_id, mark, coefficient) VALUES (123, 1, 18.7, 1.0);
INSERT INTO marks (student_id, subject_id, mark, coefficient) VALUES (123, 2, 3.99, 3.0);
INSERT INTO marks (student_id, subject_id, mark, coefficient) VALUES (123, 3, 9.78, 1.0);
INSERT INTO marks (student_id, subject_id, mark, coefficient) VALUES (123, 4, 16.77, 1.5);
INSERT INTO marks (student_id, subject_id, mark, coefficient) VALUES (124, 1, 15.71, 3.0);
INSERT INTO marks (student_id, subject_id, mark, coefficient) VALUES (124, 2, 3.69, 2.5);
INSERT INTO marks (student_id, subject_id, mark, coefficient) VALUES (124, 3, 15.65, 3.0);
INSERT INTO marks (student_id, subject_id, mark, coefficient) VALUES (124, 4, 8.92, 1.0);
INSERT INTO marks (student_id, subject_id, mark, coefficient) VALUES (125, 1, 6.92, 2.0);
INSERT INTO marks (student_id, subject_id, mark, coefficient) VALUES (125, 2, 19.03, 1.5);
INSERT INTO marks (student_id, subject_id, mark, coefficient) VALUES (125, 3, 18.23, 1.5);
INSERT INTO marks (student_id, subject_id, mark, coefficient) VALUES (125, 4, 18.93, 2.5);
INSERT INTO marks (student_id, subject_id, mark, coefficient) VALUES (126, 1, 5.75, 2.5);
INSERT INTO marks (student_id, subject_id, mark, coefficient) VALUES (126, 2, 18.94, 3.0);
INSERT INTO marks (student_id, subject_id, mark, coefficient) VALUES (126, 3, 0.92, 2.5);
INSERT INTO marks (student_id, subject_id, mark, coefficient) VALUES (126, 4, 8.4, 2.0);
INSERT INTO marks (student_id, subject_id, mark, coefficient) VALUES (127, 1, 7.08, 1.0);
INSERT INTO marks (student_id, subject_id, mark, coefficient) VALUES (127, 2, 2.22, 2.0);
INSERT INTO marks (student_id, subject_id, mark, coefficient) VALUES (127, 3, 1.17, 3.0);
INSERT INTO marks (student_id, subject_id, mark, coefficient) VALUES (127, 4, 0.5, 1.5);
INSERT INTO marks (student_id, subject_id, mark, coefficient) VALUES (128, 1, 19.04, 1.5);
INSERT INTO marks (student_id, subject_id, mark, coefficient) VALUES (128, 2, 1.57, 3.0);
INSERT INTO marks (student_id, subject_id, mark, coefficient) VALUES (128, 3, 14.98, 1.0);
INSERT INTO marks (student_id, subject_id, mark, coefficient) VALUES (128, 4, 17.3, 1.0);
INSERT INTO marks (student_id, subject_id, mark, coefficient) VALUES (129, 1, 7.15, 1.5);
INSERT INTO marks (student_id, subject_id, mark, coefficient) VALUES (129, 2, 6.9, 2.5);
INSERT INTO marks (student_id, subject_id, mark, coefficient) VALUES (129, 3, 18.11, 1.0);
INSERT INTO marks (student_id, subject_id, mark, coefficient) VALUES (129, 4, 6.03, 1.5);
INSERT INTO marks (student_id, subject_id, mark, coefficient) VALUES (130, 1, 13.51, 3.0);
INSERT INTO marks (student_id, subject_id, mark, coefficient) VALUES (130, 2, 6.46, 2.0);
INSERT INTO marks (student_id, subject_id, mark, coefficient) VALUES (130, 3, 1.04, 2.0);
INSERT INTO marks (student_id, subject_id, mark, coefficient) VALUES (130, 4, 2.48, 3.0);
INSERT INTO marks (student_id, subject_id, mark, coefficient) VALUES (131, 1, 18.13, 2.0);
INSERT INTO marks (student_id, subject_id, mark, coefficient) VALUES (131, 2, 7.39, 2.5);
INSERT INTO marks (student_id, subject_id, mark, coefficient) VALUES (131, 3, 2.59, 2.5);
INSERT INTO marks (student_id, subject_id, mark, coefficient) VALUES (131, 4, 13.38, 2.5);
INSERT INTO marks (student_id, subject_id, mark, coefficient) VALUES (132, 1, 14.34, 1.0);
INSERT INTO marks (student_id, subject_id, mark, coefficient) VALUES (132, 2, 6.22, 3.0);
INSERT INTO marks (student_id, subject_id, mark, coefficient) VALUES (132, 3, 19.99, 2.5);
INSERT INTO marks (student_id, subject_id, mark, coefficient) VALUES (132, 4, 2.35, 3.0);
INSERT INTO marks (student_id, subject_id, mark, coefficient) VALUES (133, 1, 9.88, 3.0);
INSERT INTO marks (student_id, subject_id, mark, coefficient) VALUES (133, 2, 15.99, 1.5);
INSERT INTO marks (student_id, subject_id, mark, coefficient) VALUES (133, 3, 7.85, 3.0);
INSERT INTO marks (student_id, subject_id, mark, coefficient) VALUES (133, 4, 1.2, 2.0);
INSERT INTO marks (student_id, subject_id, mark, coefficient) VALUES (134, 1, 5.84, 2.5);
INSERT INTO marks (student_id, subject_id, mark, coefficient) VALUES (134, 2, 17.19, 3.0);
INSERT INTO marks (student_id, subject_id, mark, coefficient) VALUES (134, 3, 19.29, 3.0);
INSERT INTO marks (student_id, subject_id, mark, coefficient) VALUES (134, 4, 9.44, 2.0);
INSERT INTO marks (student_id, subject_id, mark, coefficient) VALUES (135, 1, 11.05, 3.0);
INSERT INTO marks (student_id, subject_id, mark, coefficient) VALUES (135, 2, 8.82, 1.0);
INSERT INTO marks (student_id, subject_id, mark, coefficient) VALUES (135, 3, 16.62, 1.5);
INSERT INTO marks (student_id, subject_id, mark, coefficient) VALUES (135, 4, 13.06, 2.5);
INSERT INTO marks (student_id, subject_id, mark, coefficient) VALUES (136, 1, 12.18, 3.0);
INSERT INTO marks (student_id, subject_id, mark, coefficient) VALUES (136, 2, 17.15, 2.0);
INSERT INTO marks (student_id, subject_id, mark, coefficient) VALUES (136, 3, 4.64, 1.0);
INSERT INTO marks (student_id, subject_id, mark, coefficient) VALUES (136, 4, 1.86, 1.5);
INSERT INTO marks (student_id, subject_id, mark, coefficient) VALUES (137, 1, 17.32, 2.5);
INSERT INTO marks (student_id, subject_id, mark, coefficient) VALUES (137, 2, 17.12, 3.0);
INSERT INTO marks (student_id, subject_id, mark, coefficient) VALUES (137, 3, 5.2, 2.0);
INSERT INTO marks (student_id, subject_id, mark, coefficient) VALUES (137, 4, 14.94, 3.0);
INSERT INTO marks (student_id, subject_id, mark, coefficient) VALUES (138, 1, 10.05, 2.5);
INSERT INTO marks (student_id, subject_id, mark, coefficient) VALUES (138, 2, 9.14, 2.0);
INSERT INTO marks (student_id, subject_id, mark, coefficient) VALUES (138, 3, 4.47, 3.0);
INSERT INTO marks (student_id, subject_id, mark, coefficient) VALUES (138, 4, 0.57, 2.5);
INSERT INTO marks (student_id, subject_id, mark, coefficient) VALUES (139, 1, 3.75, 2.0);
INSERT INTO marks (student_id, subject_id, mark, coefficient) VALUES (139, 2, 12.27, 2.5);
INSERT INTO marks (student_id, subject_id, mark, coefficient) VALUES (139, 3, 8.59, 2.5);
INSERT INTO marks (student_id, subject_id, mark, coefficient) VALUES (139, 4, 6.26, 3.0);
INSERT INTO marks (student_id, subject_id, mark, coefficient) VALUES (140, 1, 0.91, 3.0);
INSERT INTO marks (student_id, subject_id, mark, coefficient) VALUES (140, 2, 9.18, 1.5);
INSERT INTO marks (student_id, subject_id, mark, coefficient) VALUES (140, 3, 16.57, 1.0);
INSERT INTO marks (student_id, subject_id, mark, coefficient) VALUES (140, 4, 10.29, 1.0);
INSERT INTO marks (student_id, subject_id, mark, coefficient) VALUES (141, 1, 13.38, 1.5);
INSERT INTO marks (student_id, subject_id, mark, coefficient) VALUES (141, 2, 15.8, 1.5);
INSERT INTO marks (student_id, subject_id, mark, coefficient) VALUES (141, 3, 16.38, 3.0);
INSERT INTO marks (student_id, subject_id, mark, coefficient) VALUES (141, 4, 14.23, 3.0);
INSERT INTO marks (student_id, subject_id, mark, coefficient) VALUES (142, 1, 15.87, 1.0);
INSERT INTO marks (student_id, subject_id, mark, coefficient) VALUES (142, 2, 6.22, 2.0);
INSERT INTO marks (student_id, subject_id, mark, coefficient) VALUES (142, 3, 1.01, 2.0);
INSERT INTO marks (student_id, subject_id, mark, coefficient) VALUES (142, 4, 17.32, 1.0);
INSERT INTO marks (student_id, subject_id, mark, coefficient) VALUES (143, 1, 15.1, 2.0);
INSERT INTO marks (student_id, subject_id, mark, coefficient) VALUES (143, 2, 8.87, 1.5);
INSERT INTO marks (student_id, subject_id, mark, coefficient) VALUES (143, 3, 1.45, 2.0);
INSERT INTO marks (student_id, subject_id, mark, coefficient) VALUES (143, 4, 7.9, 1.0);
INSERT INTO marks (student_id, subject_id, mark, coefficient) VALUES (144, 1, 16.98, 1.5);
INSERT INTO marks (student_id, subject_id, mark, coefficient) VALUES (144, 2, 14.49, 1.5);
INSERT INTO marks (student_id, subject_id, mark, coefficient) VALUES (144, 3, 6.69, 1.0);
INSERT INTO marks (student_id, subject_id, mark, coefficient) VALUES (144, 4, 11.09, 2.0);
INSERT INTO marks (student_id, subject_id, mark, coefficient) VALUES (145, 1, 16.9, 3.0);
INSERT INTO marks (student_id, subject_id, mark, coefficient) VALUES (145, 2, 4.88, 2.0);
INSERT INTO marks (student_id, subject_id, mark, coefficient) VALUES (145, 3, 5.14, 1.0);
INSERT INTO marks (student_id, subject_id, mark, coefficient) VALUES (145, 4, 5.78, 1.0);
INSERT INTO marks (student_id, subject_id, mark, coefficient) VALUES (146, 1, 14.88, 3.0);
INSERT INTO marks (student_id, subject_id, mark, coefficient) VALUES (146, 2, 5.41, 2.5);
INSERT INTO marks (student_id, subject_id, mark, coefficient) VALUES (146, 3, 18.6, 1.5);
INSERT INTO marks (student_id, subject_id, mark, coefficient) VALUES (146, 4, 5.27, 1.5);
INSERT INTO marks (student_id, subject_id, mark, coefficient) VALUES (147, 1, 11.95, 1.5);
INSERT INTO marks (student_id, subject_id, mark, coefficient) VALUES (147, 2, 2.75, 1.0);
INSERT INTO marks (student_id, subject_id, mark, coefficient) VALUES (147, 3, 6.45, 2.0);
INSERT INTO marks (student_id, subject_id, mark, coefficient) VALUES (147, 4, 7.7, 1.0);
INSERT INTO marks (student_id, subject_id, mark, coefficient) VALUES (148, 1, 6.34, 2.5);
INSERT INTO marks (student_id, subject_id, mark, coefficient) VALUES (148, 2, 8.02, 1.5);
INSERT INTO marks (student_id, subject_id, mark, coefficient) VALUES (148, 3, 18.82, 2.0);
INSERT INTO marks (student_id, subject_id, mark, coefficient) VALUES (148, 4, 17.74, 3.0);
INSERT INTO marks (student_id, subject_id, mark, coefficient) VALUES (149, 1, 15.12, 2.5);
INSERT INTO marks (student_id, subject_id, mark, coefficient) VALUES (149, 2, 12.04, 1.0);
INSERT INTO marks (student_id, subject_id, mark, coefficient) VALUES (149, 3, 11.57, 1.5);
INSERT INTO marks (student_id, subject_id, mark, coefficient) VALUES (149, 4, 19.83, 3.0);
INSERT INTO marks (student_id, subject_id, mark, coefficient) VALUES (150, 1, 14.32, 1.0);
INSERT INTO marks (student_id, subject_id, mark, coefficient) VALUES (150, 2, 16.95, 2.5);
INSERT INTO marks (student_id, subject_id, mark, coefficient) VALUES (150, 3, 1.59, 3.0);
INSERT INTO marks (student_id, subject_id, mark, coefficient) VALUES (150, 4, 16.68, 3.0);
INSERT INTO marks (student_id, subject_id, mark, coefficient) VALUES (151, 1, 15.05, 1.0);
INSERT INTO marks (student_id, subject_id, mark, coefficient) VALUES (151, 2, 19.51, 3.0);
INSERT INTO marks (student_id, subject_id, mark, coefficient) VALUES (151, 3, 16.27, 1.0);
INSERT INTO marks (student_id, subject_id, mark, coefficient) VALUES (151, 4, 19.48, 2.0);
INSERT INTO marks (student_id, subject_id, mark, coefficient) VALUES (152, 1, 14.35, 3.0);
INSERT INTO marks (student_id, subject_id, mark, coefficient) VALUES (152, 2, 3.07, 1.0);
INSERT INTO marks (student_id, subject_id, mark, coefficient) VALUES (152, 3, 3.75, 1.0);
INSERT INTO marks (student_id, subject_id, mark, coefficient) VALUES (152, 4, 6.8, 2.0);
INSERT INTO marks (student_id, subject_id, mark, coefficient) VALUES (153, 1, 19.27, 1.0);
INSERT INTO marks (student_id, subject_id, mark, coefficient) VALUES (153, 2, 11.13, 2.5);
INSERT INTO marks (student_id, subject_id, mark, coefficient) VALUES (153, 3, 10.25, 3.0);
INSERT INTO marks (student_id, subject_id, mark, coefficient) VALUES (153, 4, 8.37, 1.5);
